solid OpenSCAD_Model
  facet normal -0.903962 -0.427612 0
    outer loop
      vertex -65.2915 -62.8284 0
      vertex -65.5433 -62.2961 127.2
      vertex -65.5433 -62.2961 0
    endloop
  endfacet
  facet normal -0.903962 -0.427612 0
    outer loop
      vertex -65.5433 -62.2961 127.2
      vertex -65.2915 -62.8284 0
      vertex -65.2915 -62.8284 127.2
    endloop
  endfacet
  facet normal -0.94158 0.336788 0
    outer loop
      vertex -65.7416 61.7417 0
      vertex -65.5433 62.2961 127.2
      vertex -65.5433 62.2961 0
    endloop
  endfacet
  facet normal -0.94158 0.336788 0
    outer loop
      vertex -65.5433 62.2961 127.2
      vertex -65.7416 61.7417 0
      vertex -65.7416 61.7417 127.2
    endloop
  endfacet
  facet normal -0.94158 -0.336788 0
    outer loop
      vertex -65.5433 -62.2961 0
      vertex -65.7416 -61.7417 127.2
      vertex -65.7416 -61.7417 0
    endloop
  endfacet
  facet normal -0.94158 -0.336788 0
    outer loop
      vertex -65.7416 -61.7417 127.2
      vertex -65.5433 -62.2961 0
      vertex -65.5433 -62.2961 127.2
    endloop
  endfacet
  facet normal 0 -1 0
    outer loop
      vertex 49.5 -66 6
      vertex 53.1 -66 114
      vertex 49.5 -66 114
    endloop
  endfacet
  facet normal 0 -1 -0
    outer loop
      vertex 53.1 -66 114
      vertex 49.5 -66 6
      vertex 53.1 -66 6
    endloop
  endfacet
  facet normal 0 -1 0
    outer loop
      vertex 44.1 -66 6
      vertex 47.7 -66 114
      vertex 44.1 -66 114
    endloop
  endfacet
  facet normal 0 -1 -0
    outer loop
      vertex 47.7 -66 114
      vertex 44.1 -66 6
      vertex 47.7 -66 6
    endloop
  endfacet
  facet normal 0 -1 0
    outer loop
      vertex 38.7 -66 6
      vertex 42.3 -66 114
      vertex 38.7 -66 114
    endloop
  endfacet
  facet normal 0 -1 -0
    outer loop
      vertex 42.3 -66 114
      vertex 38.7 -66 6
      vertex 42.3 -66 6
    endloop
  endfacet
  facet normal 0 -1 0
    outer loop
      vertex 33.3 -66 6
      vertex 36.9 -66 114
      vertex 33.3 -66 114
    endloop
  endfacet
  facet normal 0 -1 -0
    outer loop
      vertex 36.9 -66 114
      vertex 33.3 -66 6
      vertex 36.9 -66 6
    endloop
  endfacet
  facet normal 0 -1 0
    outer loop
      vertex 27.9 -66 6
      vertex 31.5 -66 114
      vertex 27.9 -66 114
    endloop
  endfacet
  facet normal 0 -1 -0
    outer loop
      vertex 31.5 -66 114
      vertex 27.9 -66 6
      vertex 31.5 -66 6
    endloop
  endfacet
  facet normal 0 -1 0
    outer loop
      vertex 22.5 -66 6
      vertex 26.1 -66 114
      vertex 22.5 -66 114
    endloop
  endfacet
  facet normal 0 -1 -0
    outer loop
      vertex 26.1 -66 114
      vertex 22.5 -66 6
      vertex 26.1 -66 6
    endloop
  endfacet
  facet normal 0 -1 0
    outer loop
      vertex 17.1 -66 6
      vertex 20.7 -66 114
      vertex 17.1 -66 114
    endloop
  endfacet
  facet normal 0 -1 -0
    outer loop
      vertex 20.7 -66 114
      vertex 17.1 -66 6
      vertex 20.7 -66 6
    endloop
  endfacet
  facet normal 0 -1 0
    outer loop
      vertex 11.7 -66 6
      vertex 15.3 -66 114
      vertex 11.7 -66 114
    endloop
  endfacet
  facet normal 0 -1 -0
    outer loop
      vertex 15.3 -66 114
      vertex 11.7 -66 6
      vertex 15.3 -66 6
    endloop
  endfacet
  facet normal 0 -1 0
    outer loop
      vertex 6.3 -66 6.6
      vertex 9.9 -66 114
      vertex 6.3 -66 114
    endloop
  endfacet
  facet normal 0 -1 0
    outer loop
      vertex 9 -66 6.6
      vertex 9.9 -66 114
      vertex 6.3 -66 6.6
    endloop
  endfacet
  facet normal 0 -1 0
    outer loop
      vertex 9 -66 6.6
      vertex 9.9 -66 6
      vertex 9.9 -66 114
    endloop
  endfacet
  facet normal 0 -1 0
    outer loop
      vertex 9 -66 0
      vertex 11.7 -66 6
      vertex 9.9 -66 6
    endloop
  endfacet
  facet normal 0 -1 -0
    outer loop
      vertex 11.7 -66 6
      vertex 9 -66 0
      vertex 15.3 -66 6
    endloop
  endfacet
  facet normal 0 -1 -0
    outer loop
      vertex 15.3 -66 6
      vertex 9 -66 0
      vertex 17.1 -66 6
    endloop
  endfacet
  facet normal 0 -1 -0
    outer loop
      vertex 17.1 -66 6
      vertex 9 -66 0
      vertex 20.7 -66 6
    endloop
  endfacet
  facet normal 0 -1 -0
    outer loop
      vertex 20.7 -66 6
      vertex 9 -66 0
      vertex 22.5 -66 6
    endloop
  endfacet
  facet normal 0 -1 -0
    outer loop
      vertex 22.5 -66 6
      vertex 9 -66 0
      vertex 26.1 -66 6
    endloop
  endfacet
  facet normal 0 -1 -0
    outer loop
      vertex 26.1 -66 6
      vertex 9 -66 0
      vertex 27.9 -66 6
    endloop
  endfacet
  facet normal 0 -1 -0
    outer loop
      vertex 27.9 -66 6
      vertex 9 -66 0
      vertex 31.5 -66 6
    endloop
  endfacet
  facet normal 0 -1 -0
    outer loop
      vertex 31.5 -66 6
      vertex 9 -66 0
      vertex 33.3 -66 6
    endloop
  endfacet
  facet normal 0 -1 0
    outer loop
      vertex 60 -66 0
      vertex 33.3 -66 6
      vertex 9 -66 0
    endloop
  endfacet
  facet normal 0 -1 0
    outer loop
      vertex 33.3 -66 6
      vertex 60 -66 0
      vertex 36.9 -66 6
    endloop
  endfacet
  facet normal 0 -1 0
    outer loop
      vertex 36.9 -66 6
      vertex 60 -66 0
      vertex 38.7 -66 6
    endloop
  endfacet
  facet normal 0 -1 0
    outer loop
      vertex 38.7 -66 6
      vertex 60 -66 0
      vertex 42.3 -66 6
    endloop
  endfacet
  facet normal 0 -1 0
    outer loop
      vertex 42.3 -66 6
      vertex 60 -66 0
      vertex 44.1 -66 6
    endloop
  endfacet
  facet normal 0 -1 0
    outer loop
      vertex 44.1 -66 6
      vertex 60 -66 0
      vertex 47.7 -66 6
    endloop
  endfacet
  facet normal 0 -1 0
    outer loop
      vertex 47.7 -66 6
      vertex 60 -66 0
      vertex 49.5 -66 6
    endloop
  endfacet
  facet normal 0 -1 0
    outer loop
      vertex 49.5 -66 6
      vertex 60 -66 0
      vertex 53.1 -66 6
    endloop
  endfacet
  facet normal 0 -1 0
    outer loop
      vertex 9 -66 0
      vertex 9.9 -66 6
      vertex 9 -66 6.6
    endloop
  endfacet
  facet normal 0 -1 0
    outer loop
      vertex 0.9 -66 6.6
      vertex 4.5 -66 114
      vertex 0.9 -66 114
    endloop
  endfacet
  facet normal 0 -1 -0
    outer loop
      vertex 4.5 -66 114
      vertex 0.9 -66 6.6
      vertex 4.5 -66 6.6
    endloop
  endfacet
  facet normal 0 -1 0
    outer loop
      vertex -4.5 -66 6.6
      vertex -0.9 -66 114
      vertex -4.5 -66 114
    endloop
  endfacet
  facet normal 0 -1 -0
    outer loop
      vertex -0.9 -66 114
      vertex -4.5 -66 6.6
      vertex -0.9 -66 6.6
    endloop
  endfacet
  facet normal 0 -1 0
    outer loop
      vertex -9.9 -66 114
      vertex -9 -66 6.6
      vertex -6.3 -66 114
    endloop
  endfacet
  facet normal 0 -1 0
    outer loop
      vertex -9.9 -66 6
      vertex -9 -66 6.6
      vertex -9.9 -66 114
    endloop
  endfacet
  facet normal 0 -1 0
    outer loop
      vertex -9.9 -66 6
      vertex -9 -66 0
      vertex -9 -66 6.6
    endloop
  endfacet
  facet normal 0 -1 0
    outer loop
      vertex -11.7 -66 6
      vertex -9 -66 0
      vertex -9.9 -66 6
    endloop
  endfacet
  facet normal 0 -1 0
    outer loop
      vertex -15.3 -66 6
      vertex -11.7 -66 114
      vertex -15.3 -66 114
    endloop
  endfacet
  facet normal 0 -1 -0
    outer loop
      vertex -11.7 -66 114
      vertex -15.3 -66 6
      vertex -11.7 -66 6
    endloop
  endfacet
  facet normal 0 -1 0
    outer loop
      vertex -20.7 -66 6
      vertex -17.1 -66 114
      vertex -20.7 -66 114
    endloop
  endfacet
  facet normal 0 -1 -0
    outer loop
      vertex -17.1 -66 114
      vertex -20.7 -66 6
      vertex -17.1 -66 6
    endloop
  endfacet
  facet normal 0 -1 0
    outer loop
      vertex -26.1 -66 6
      vertex -22.5 -66 114
      vertex -26.1 -66 114
    endloop
  endfacet
  facet normal 0 -1 -0
    outer loop
      vertex -22.5 -66 114
      vertex -26.1 -66 6
      vertex -22.5 -66 6
    endloop
  endfacet
  facet normal 0 -1 0
    outer loop
      vertex -31.5 -66 6
      vertex -27.9 -66 114
      vertex -31.5 -66 114
    endloop
  endfacet
  facet normal 0 -1 -0
    outer loop
      vertex -27.9 -66 114
      vertex -31.5 -66 6
      vertex -27.9 -66 6
    endloop
  endfacet
  facet normal 0 -1 0
    outer loop
      vertex -36.9 -66 6
      vertex -33.3 -66 114
      vertex -36.9 -66 114
    endloop
  endfacet
  facet normal 0 -1 -0
    outer loop
      vertex -33.3 -66 114
      vertex -36.9 -66 6
      vertex -33.3 -66 6
    endloop
  endfacet
  facet normal 0 -1 0
    outer loop
      vertex -42.3 -66 6
      vertex -38.7 -66 114
      vertex -42.3 -66 114
    endloop
  endfacet
  facet normal 0 -1 -0
    outer loop
      vertex -38.7 -66 114
      vertex -42.3 -66 6
      vertex -38.7 -66 6
    endloop
  endfacet
  facet normal 0 -1 0
    outer loop
      vertex -47.7 -66 6
      vertex -44.1 -66 114
      vertex -47.7 -66 114
    endloop
  endfacet
  facet normal 0 -1 -0
    outer loop
      vertex -44.1 -66 114
      vertex -47.7 -66 6
      vertex -44.1 -66 6
    endloop
  endfacet
  facet normal 0 -1 0
    outer loop
      vertex -53.1 -66 6
      vertex -49.5 -66 114
      vertex -53.1 -66 114
    endloop
  endfacet
  facet normal 0 -1 -0
    outer loop
      vertex -49.5 -66 114
      vertex -53.1 -66 6
      vertex -49.5 -66 6
    endloop
  endfacet
  facet normal 0 -1 0
    outer loop
      vertex -53.1 -66 114
      vertex -60 -66 127.2
      vertex -54.9 -66 114
    endloop
  endfacet
  facet normal 0 -1 0
    outer loop
      vertex -60 -66 0
      vertex -54.9 -66 114
      vertex -60 -66 127.2
    endloop
  endfacet
  facet normal 0 -1 0
    outer loop
      vertex -60 -66 0
      vertex -53.1 -66 6
      vertex -54.9 -66 6
    endloop
  endfacet
  facet normal 0 -1 -0
    outer loop
      vertex -53.1 -66 6
      vertex -60 -66 0
      vertex -49.5 -66 6
    endloop
  endfacet
  facet normal 0 -1 -0
    outer loop
      vertex -49.5 -66 6
      vertex -60 -66 0
      vertex -47.7 -66 6
    endloop
  endfacet
  facet normal 0 -1 -0
    outer loop
      vertex -47.7 -66 6
      vertex -60 -66 0
      vertex -44.1 -66 6
    endloop
  endfacet
  facet normal 0 -1 -0
    outer loop
      vertex -44.1 -66 6
      vertex -60 -66 0
      vertex -42.3 -66 6
    endloop
  endfacet
  facet normal 0 -1 -0
    outer loop
      vertex -42.3 -66 6
      vertex -60 -66 0
      vertex -38.7 -66 6
    endloop
  endfacet
  facet normal 0 -1 -0
    outer loop
      vertex -38.7 -66 6
      vertex -60 -66 0
      vertex -36.9 -66 6
    endloop
  endfacet
  facet normal 0 -1 -0
    outer loop
      vertex -36.9 -66 6
      vertex -60 -66 0
      vertex -33.3 -66 6
    endloop
  endfacet
  facet normal 0 -1 0
    outer loop
      vertex -9 -66 0
      vertex -33.3 -66 6
      vertex -60 -66 0
    endloop
  endfacet
  facet normal 0 -1 0
    outer loop
      vertex -33.3 -66 6
      vertex -9 -66 0
      vertex -31.5 -66 6
    endloop
  endfacet
  facet normal 0 -1 0
    outer loop
      vertex -31.5 -66 6
      vertex -9 -66 0
      vertex -27.9 -66 6
    endloop
  endfacet
  facet normal 0 -1 0
    outer loop
      vertex -27.9 -66 6
      vertex -9 -66 0
      vertex -26.1 -66 6
    endloop
  endfacet
  facet normal 0 -1 0
    outer loop
      vertex -26.1 -66 6
      vertex -9 -66 0
      vertex -22.5 -66 6
    endloop
  endfacet
  facet normal 0 -1 0
    outer loop
      vertex -22.5 -66 6
      vertex -9 -66 0
      vertex -20.7 -66 6
    endloop
  endfacet
  facet normal 0 -1 0
    outer loop
      vertex -20.7 -66 6
      vertex -9 -66 0
      vertex -17.1 -66 6
    endloop
  endfacet
  facet normal 0 -1 0
    outer loop
      vertex -17.1 -66 6
      vertex -9 -66 0
      vertex -15.3 -66 6
    endloop
  endfacet
  facet normal 0 -1 0
    outer loop
      vertex -15.3 -66 6
      vertex -9 -66 0
      vertex -11.7 -66 6
    endloop
  endfacet
  facet normal 0 -1 -0
    outer loop
      vertex -54.9 -66 114
      vertex -60 -66 0
      vertex -54.9 -66 6
    endloop
  endfacet
  facet normal 0 -1 0
    outer loop
      vertex -49.5 -66 114
      vertex -60 -66 127.2
      vertex -53.1 -66 114
    endloop
  endfacet
  facet normal 0 -1 0
    outer loop
      vertex -47.7 -66 114
      vertex -60 -66 127.2
      vertex -49.5 -66 114
    endloop
  endfacet
  facet normal 0 -1 0
    outer loop
      vertex -44.1 -66 114
      vertex -60 -66 127.2
      vertex -47.7 -66 114
    endloop
  endfacet
  facet normal 0 -1 0
    outer loop
      vertex -42.3 -66 114
      vertex -60 -66 127.2
      vertex -44.1 -66 114
    endloop
  endfacet
  facet normal 0 -1 0
    outer loop
      vertex -38.7 -66 114
      vertex -60 -66 127.2
      vertex -42.3 -66 114
    endloop
  endfacet
  facet normal 0 -1 0
    outer loop
      vertex -36.9 -66 114
      vertex -60 -66 127.2
      vertex -38.7 -66 114
    endloop
  endfacet
  facet normal 0 -1 0
    outer loop
      vertex -33.3 -66 114
      vertex -60 -66 127.2
      vertex -36.9 -66 114
    endloop
  endfacet
  facet normal 0 -1 0
    outer loop
      vertex -31.5 -66 114
      vertex -60 -66 127.2
      vertex -33.3 -66 114
    endloop
  endfacet
  facet normal 0 -1 0
    outer loop
      vertex -27.9 -66 114
      vertex -60 -66 127.2
      vertex -31.5 -66 114
    endloop
  endfacet
  facet normal 0 -1 0
    outer loop
      vertex -26.1 -66 114
      vertex -60 -66 127.2
      vertex -27.9 -66 114
    endloop
  endfacet
  facet normal 0 -1 0
    outer loop
      vertex -22.5 -66 114
      vertex -60 -66 127.2
      vertex -26.1 -66 114
    endloop
  endfacet
  facet normal 0 -1 0
    outer loop
      vertex -20.7 -66 114
      vertex -60 -66 127.2
      vertex -22.5 -66 114
    endloop
  endfacet
  facet normal 0 -1 0
    outer loop
      vertex -17.1 -66 114
      vertex -60 -66 127.2
      vertex -20.7 -66 114
    endloop
  endfacet
  facet normal 0 -1 0
    outer loop
      vertex -15.3 -66 114
      vertex -60 -66 127.2
      vertex -17.1 -66 114
    endloop
  endfacet
  facet normal 0 -1 0
    outer loop
      vertex -11.7 -66 114
      vertex -60 -66 127.2
      vertex -15.3 -66 114
    endloop
  endfacet
  facet normal 0 -1 0
    outer loop
      vertex -9.9 -66 114
      vertex -60 -66 127.2
      vertex -11.7 -66 114
    endloop
  endfacet
  facet normal 0 -1 0
    outer loop
      vertex -6.3 -66 114
      vertex -60 -66 127.2
      vertex -9.9 -66 114
    endloop
  endfacet
  facet normal 0 -1 0
    outer loop
      vertex -4.5 -66 114
      vertex -60 -66 127.2
      vertex -6.3 -66 114
    endloop
  endfacet
  facet normal 0 -1 0
    outer loop
      vertex -0.9 -66 114
      vertex -60 -66 127.2
      vertex -4.5 -66 114
    endloop
  endfacet
  facet normal 0 -1 0
    outer loop
      vertex -60 -66 127.2
      vertex -0.9 -66 114
      vertex 60 -66 127.2
    endloop
  endfacet
  facet normal 0 -1 0
    outer loop
      vertex 0.9 -66 114
      vertex 60 -66 127.2
      vertex -0.9 -66 114
    endloop
  endfacet
  facet normal 0 -1 0
    outer loop
      vertex 4.5 -66 114
      vertex 60 -66 127.2
      vertex 0.9 -66 114
    endloop
  endfacet
  facet normal 0 -1 0
    outer loop
      vertex 6.3 -66 114
      vertex 60 -66 127.2
      vertex 4.5 -66 114
    endloop
  endfacet
  facet normal 0 -1 0
    outer loop
      vertex 9.9 -66 114
      vertex 60 -66 127.2
      vertex 6.3 -66 114
    endloop
  endfacet
  facet normal 0 -1 0
    outer loop
      vertex 11.7 -66 114
      vertex 60 -66 127.2
      vertex 9.9 -66 114
    endloop
  endfacet
  facet normal 0 -1 0
    outer loop
      vertex 15.3 -66 114
      vertex 60 -66 127.2
      vertex 11.7 -66 114
    endloop
  endfacet
  facet normal 0 -1 0
    outer loop
      vertex 17.1 -66 114
      vertex 60 -66 127.2
      vertex 15.3 -66 114
    endloop
  endfacet
  facet normal 0 -1 0
    outer loop
      vertex 20.7 -66 114
      vertex 60 -66 127.2
      vertex 17.1 -66 114
    endloop
  endfacet
  facet normal 0 -1 0
    outer loop
      vertex 22.5 -66 114
      vertex 60 -66 127.2
      vertex 20.7 -66 114
    endloop
  endfacet
  facet normal 0 -1 0
    outer loop
      vertex 26.1 -66 114
      vertex 60 -66 127.2
      vertex 22.5 -66 114
    endloop
  endfacet
  facet normal 0 -1 0
    outer loop
      vertex 27.9 -66 114
      vertex 60 -66 127.2
      vertex 26.1 -66 114
    endloop
  endfacet
  facet normal 0 -1 0
    outer loop
      vertex 31.5 -66 114
      vertex 60 -66 127.2
      vertex 27.9 -66 114
    endloop
  endfacet
  facet normal 0 -1 0
    outer loop
      vertex 33.3 -66 114
      vertex 60 -66 127.2
      vertex 31.5 -66 114
    endloop
  endfacet
  facet normal 0 -1 0
    outer loop
      vertex 36.9 -66 114
      vertex 60 -66 127.2
      vertex 33.3 -66 114
    endloop
  endfacet
  facet normal 0 -1 0
    outer loop
      vertex 38.7 -66 114
      vertex 60 -66 127.2
      vertex 36.9 -66 114
    endloop
  endfacet
  facet normal 0 -1 0
    outer loop
      vertex 42.3 -66 114
      vertex 60 -66 127.2
      vertex 38.7 -66 114
    endloop
  endfacet
  facet normal 0 -1 0
    outer loop
      vertex 44.1 -66 114
      vertex 60 -66 127.2
      vertex 42.3 -66 114
    endloop
  endfacet
  facet normal 0 -1 0
    outer loop
      vertex 47.7 -66 114
      vertex 60 -66 127.2
      vertex 44.1 -66 114
    endloop
  endfacet
  facet normal 0 -1 0
    outer loop
      vertex 49.5 -66 114
      vertex 60 -66 127.2
      vertex 47.7 -66 114
    endloop
  endfacet
  facet normal 0 -1 0
    outer loop
      vertex 53.1 -66 114
      vertex 60 -66 127.2
      vertex 49.5 -66 114
    endloop
  endfacet
  facet normal 0 -1 0
    outer loop
      vertex 54.9 -66 114
      vertex 60 -66 127.2
      vertex 53.1 -66 114
    endloop
  endfacet
  facet normal 0 -1 0
    outer loop
      vertex 60 -66 0
      vertex 54.9 -66 114
      vertex 54.9 -66 6
    endloop
  endfacet
  facet normal 0 -1 0
    outer loop
      vertex 54.9 -66 114
      vertex 60 -66 0
      vertex 60 -66 127.2
    endloop
  endfacet
  facet normal 0 -1 0
    outer loop
      vertex 53.1 -66 6
      vertex 60 -66 0
      vertex 54.9 -66 6
    endloop
  endfacet
  facet normal 0 -1 -0
    outer loop
      vertex -6.3 -66 114
      vertex -9 -66 6.6
      vertex -6.3 -66 6.6
    endloop
  endfacet
  facet normal -0.740823 0.6717 0
    outer loop
      vertex -64.6381 63.8064 0
      vertex -64.2426 64.2426 127.2
      vertex -64.2426 64.2426 0
    endloop
  endfacet
  facet normal -0.740823 0.6717 0
    outer loop
      vertex -64.2426 64.2426 127.2
      vertex -64.6381 63.8064 0
      vertex -64.6381 63.8064 127.2
    endloop
  endfacet
  facet normal -0.595589 0.803289 0
    outer loop
      vertex -63.3334 64.9888 0
      vertex -63.8064 64.6381 127.2
      vertex -63.3334 64.9888 127.2
    endloop
  endfacet
  facet normal -0.595589 0.803289 0
    outer loop
      vertex -63.8064 64.6381 127.2
      vertex -63.3334 64.9888 0
      vertex -63.8064 64.6381 0
    endloop
  endfacet
  facet normal -0.427612 0.903962 0
    outer loop
      vertex -62.2961 65.5433 0
      vertex -62.8284 65.2915 127.2
      vertex -62.2961 65.5433 127.2
    endloop
  endfacet
  facet normal -0.427612 0.903962 0
    outer loop
      vertex -62.8284 65.2915 127.2
      vertex -62.2961 65.5433 0
      vertex -62.8284 65.2915 0
    endloop
  endfacet
  facet normal 0 1 -0
    outer loop
      vertex -49.5 66 6
      vertex -53.1 66 114
      vertex -49.5 66 114
    endloop
  endfacet
  facet normal 0 1 0
    outer loop
      vertex -53.1 66 114
      vertex -49.5 66 6
      vertex -53.1 66 6
    endloop
  endfacet
  facet normal 0 1 -0
    outer loop
      vertex -44.1 66 6
      vertex -47.7 66 114
      vertex -44.1 66 114
    endloop
  endfacet
  facet normal 0 1 0
    outer loop
      vertex -47.7 66 114
      vertex -44.1 66 6
      vertex -47.7 66 6
    endloop
  endfacet
  facet normal 0 1 -0
    outer loop
      vertex -38.7 66 6
      vertex -42.3 66 114
      vertex -38.7 66 114
    endloop
  endfacet
  facet normal 0 1 0
    outer loop
      vertex -42.3 66 114
      vertex -38.7 66 6
      vertex -42.3 66 6
    endloop
  endfacet
  facet normal 0 1 -0
    outer loop
      vertex -33.3 66 6
      vertex -36.9 66 114
      vertex -33.3 66 114
    endloop
  endfacet
  facet normal 0 1 0
    outer loop
      vertex -36.9 66 114
      vertex -33.3 66 6
      vertex -36.9 66 6
    endloop
  endfacet
  facet normal 0 1 -0
    outer loop
      vertex -27.9 66 6
      vertex -31.5 66 114
      vertex -27.9 66 114
    endloop
  endfacet
  facet normal 0 1 0
    outer loop
      vertex -31.5 66 114
      vertex -27.9 66 6
      vertex -31.5 66 6
    endloop
  endfacet
  facet normal 0 1 -0
    outer loop
      vertex -22.5 66 6
      vertex -26.1 66 114
      vertex -22.5 66 114
    endloop
  endfacet
  facet normal 0 1 0
    outer loop
      vertex -26.1 66 114
      vertex -22.5 66 6
      vertex -26.1 66 6
    endloop
  endfacet
  facet normal 0 1 -0
    outer loop
      vertex -17.1 66 6
      vertex -20.7 66 114
      vertex -17.1 66 114
    endloop
  endfacet
  facet normal 0 1 0
    outer loop
      vertex -20.7 66 114
      vertex -17.1 66 6
      vertex -20.7 66 6
    endloop
  endfacet
  facet normal 0 1 -0
    outer loop
      vertex -11.7 66 6
      vertex -15.3 66 114
      vertex -11.7 66 114
    endloop
  endfacet
  facet normal 0 1 0
    outer loop
      vertex -15.3 66 114
      vertex -11.7 66 6
      vertex -15.3 66 6
    endloop
  endfacet
  facet normal 0 1 -0
    outer loop
      vertex -6.3 66 6.6
      vertex -9.9 66 114
      vertex -6.3 66 114
    endloop
  endfacet
  facet normal 0 1 -0
    outer loop
      vertex -9 66 6.6
      vertex -9.9 66 114
      vertex -6.3 66 6.6
    endloop
  endfacet
  facet normal 0 1 0
    outer loop
      vertex -9 66 6.6
      vertex -9.9 66 6
      vertex -9.9 66 114
    endloop
  endfacet
  facet normal 0 1 0
    outer loop
      vertex -9 66 0
      vertex -11.7 66 6
      vertex -9.9 66 6
    endloop
  endfacet
  facet normal 0 1 0
    outer loop
      vertex -11.7 66 6
      vertex -9 66 0
      vertex -15.3 66 6
    endloop
  endfacet
  facet normal 0 1 0
    outer loop
      vertex -15.3 66 6
      vertex -9 66 0
      vertex -17.1 66 6
    endloop
  endfacet
  facet normal 0 1 0
    outer loop
      vertex -17.1 66 6
      vertex -9 66 0
      vertex -20.7 66 6
    endloop
  endfacet
  facet normal 0 1 0
    outer loop
      vertex -20.7 66 6
      vertex -9 66 0
      vertex -22.5 66 6
    endloop
  endfacet
  facet normal 0 1 0
    outer loop
      vertex -22.5 66 6
      vertex -9 66 0
      vertex -26.1 66 6
    endloop
  endfacet
  facet normal 0 1 0
    outer loop
      vertex -26.1 66 6
      vertex -9 66 0
      vertex -27.9 66 6
    endloop
  endfacet
  facet normal 0 1 0
    outer loop
      vertex -27.9 66 6
      vertex -9 66 0
      vertex -31.5 66 6
    endloop
  endfacet
  facet normal 0 1 0
    outer loop
      vertex -31.5 66 6
      vertex -9 66 0
      vertex -33.3 66 6
    endloop
  endfacet
  facet normal 0 1 0
    outer loop
      vertex -60 66 0
      vertex -33.3 66 6
      vertex -9 66 0
    endloop
  endfacet
  facet normal 0 1 0
    outer loop
      vertex -33.3 66 6
      vertex -60 66 0
      vertex -36.9 66 6
    endloop
  endfacet
  facet normal 0 1 0
    outer loop
      vertex -36.9 66 6
      vertex -60 66 0
      vertex -38.7 66 6
    endloop
  endfacet
  facet normal 0 1 0
    outer loop
      vertex -38.7 66 6
      vertex -60 66 0
      vertex -42.3 66 6
    endloop
  endfacet
  facet normal 0 1 0
    outer loop
      vertex -42.3 66 6
      vertex -60 66 0
      vertex -44.1 66 6
    endloop
  endfacet
  facet normal 0 1 0
    outer loop
      vertex -44.1 66 6
      vertex -60 66 0
      vertex -47.7 66 6
    endloop
  endfacet
  facet normal 0 1 0
    outer loop
      vertex -47.7 66 6
      vertex -60 66 0
      vertex -49.5 66 6
    endloop
  endfacet
  facet normal 0 1 0
    outer loop
      vertex -49.5 66 6
      vertex -60 66 0
      vertex -53.1 66 6
    endloop
  endfacet
  facet normal 0 1 -0
    outer loop
      vertex -9 66 0
      vertex -9.9 66 6
      vertex -9 66 6.6
    endloop
  endfacet
  facet normal 0 1 -0
    outer loop
      vertex -0.9 66 6.6
      vertex -4.5 66 114
      vertex -0.9 66 114
    endloop
  endfacet
  facet normal 0 1 0
    outer loop
      vertex -4.5 66 114
      vertex -0.9 66 6.6
      vertex -4.5 66 6.6
    endloop
  endfacet
  facet normal 0 1 -0
    outer loop
      vertex 4.5 66 6.6
      vertex 0.9 66 114
      vertex 4.5 66 114
    endloop
  endfacet
  facet normal 0 1 0
    outer loop
      vertex 0.9 66 114
      vertex 4.5 66 6.6
      vertex 0.9 66 6.6
    endloop
  endfacet
  facet normal 0 1 0
    outer loop
      vertex 9.9 66 114
      vertex 9 66 6.6
      vertex 6.3 66 114
    endloop
  endfacet
  facet normal 0 1 -0
    outer loop
      vertex 9.9 66 6
      vertex 9 66 6.6
      vertex 9.9 66 114
    endloop
  endfacet
  facet normal 0 1 0
    outer loop
      vertex 9.9 66 6
      vertex 9 66 0
      vertex 9 66 6.6
    endloop
  endfacet
  facet normal 0 1 0
    outer loop
      vertex 11.7 66 6
      vertex 9 66 0
      vertex 9.9 66 6
    endloop
  endfacet
  facet normal 0 1 -0
    outer loop
      vertex 15.3 66 6
      vertex 11.7 66 114
      vertex 15.3 66 114
    endloop
  endfacet
  facet normal 0 1 0
    outer loop
      vertex 11.7 66 114
      vertex 15.3 66 6
      vertex 11.7 66 6
    endloop
  endfacet
  facet normal 0 1 -0
    outer loop
      vertex 20.7 66 6
      vertex 17.1 66 114
      vertex 20.7 66 114
    endloop
  endfacet
  facet normal 0 1 0
    outer loop
      vertex 17.1 66 114
      vertex 20.7 66 6
      vertex 17.1 66 6
    endloop
  endfacet
  facet normal 0 1 -0
    outer loop
      vertex 26.1 66 6
      vertex 22.5 66 114
      vertex 26.1 66 114
    endloop
  endfacet
  facet normal 0 1 0
    outer loop
      vertex 22.5 66 114
      vertex 26.1 66 6
      vertex 22.5 66 6
    endloop
  endfacet
  facet normal 0 1 -0
    outer loop
      vertex 31.5 66 6
      vertex 27.9 66 114
      vertex 31.5 66 114
    endloop
  endfacet
  facet normal 0 1 0
    outer loop
      vertex 27.9 66 114
      vertex 31.5 66 6
      vertex 27.9 66 6
    endloop
  endfacet
  facet normal 0 1 -0
    outer loop
      vertex 36.9 66 6
      vertex 33.3 66 114
      vertex 36.9 66 114
    endloop
  endfacet
  facet normal 0 1 0
    outer loop
      vertex 33.3 66 114
      vertex 36.9 66 6
      vertex 33.3 66 6
    endloop
  endfacet
  facet normal 0 1 -0
    outer loop
      vertex 42.3 66 6
      vertex 38.7 66 114
      vertex 42.3 66 114
    endloop
  endfacet
  facet normal 0 1 0
    outer loop
      vertex 38.7 66 114
      vertex 42.3 66 6
      vertex 38.7 66 6
    endloop
  endfacet
  facet normal 0 1 -0
    outer loop
      vertex 47.7 66 6
      vertex 44.1 66 114
      vertex 47.7 66 114
    endloop
  endfacet
  facet normal 0 1 0
    outer loop
      vertex 44.1 66 114
      vertex 47.7 66 6
      vertex 44.1 66 6
    endloop
  endfacet
  facet normal 0 1 -0
    outer loop
      vertex 53.1 66 6
      vertex 49.5 66 114
      vertex 53.1 66 114
    endloop
  endfacet
  facet normal 0 1 0
    outer loop
      vertex 49.5 66 114
      vertex 53.1 66 6
      vertex 49.5 66 6
    endloop
  endfacet
  facet normal 0 1 0
    outer loop
      vertex 53.1 66 114
      vertex 60 66 127.2
      vertex 54.9 66 114
    endloop
  endfacet
  facet normal 0 1 -0
    outer loop
      vertex 60 66 0
      vertex 54.9 66 114
      vertex 60 66 127.2
    endloop
  endfacet
  facet normal 0 1 0
    outer loop
      vertex 60 66 0
      vertex 53.1 66 6
      vertex 54.9 66 6
    endloop
  endfacet
  facet normal 0 1 0
    outer loop
      vertex 53.1 66 6
      vertex 60 66 0
      vertex 49.5 66 6
    endloop
  endfacet
  facet normal 0 1 0
    outer loop
      vertex 49.5 66 6
      vertex 60 66 0
      vertex 47.7 66 6
    endloop
  endfacet
  facet normal 0 1 0
    outer loop
      vertex 47.7 66 6
      vertex 60 66 0
      vertex 44.1 66 6
    endloop
  endfacet
  facet normal 0 1 0
    outer loop
      vertex 44.1 66 6
      vertex 60 66 0
      vertex 42.3 66 6
    endloop
  endfacet
  facet normal 0 1 0
    outer loop
      vertex 42.3 66 6
      vertex 60 66 0
      vertex 38.7 66 6
    endloop
  endfacet
  facet normal 0 1 0
    outer loop
      vertex 38.7 66 6
      vertex 60 66 0
      vertex 36.9 66 6
    endloop
  endfacet
  facet normal 0 1 0
    outer loop
      vertex 36.9 66 6
      vertex 60 66 0
      vertex 33.3 66 6
    endloop
  endfacet
  facet normal 0 1 0
    outer loop
      vertex 9 66 0
      vertex 33.3 66 6
      vertex 60 66 0
    endloop
  endfacet
  facet normal 0 1 0
    outer loop
      vertex 33.3 66 6
      vertex 9 66 0
      vertex 31.5 66 6
    endloop
  endfacet
  facet normal 0 1 0
    outer loop
      vertex 31.5 66 6
      vertex 9 66 0
      vertex 27.9 66 6
    endloop
  endfacet
  facet normal 0 1 0
    outer loop
      vertex 27.9 66 6
      vertex 9 66 0
      vertex 26.1 66 6
    endloop
  endfacet
  facet normal 0 1 0
    outer loop
      vertex 26.1 66 6
      vertex 9 66 0
      vertex 22.5 66 6
    endloop
  endfacet
  facet normal 0 1 0
    outer loop
      vertex 22.5 66 6
      vertex 9 66 0
      vertex 20.7 66 6
    endloop
  endfacet
  facet normal 0 1 0
    outer loop
      vertex 20.7 66 6
      vertex 9 66 0
      vertex 17.1 66 6
    endloop
  endfacet
  facet normal 0 1 0
    outer loop
      vertex 17.1 66 6
      vertex 9 66 0
      vertex 15.3 66 6
    endloop
  endfacet
  facet normal 0 1 0
    outer loop
      vertex 15.3 66 6
      vertex 9 66 0
      vertex 11.7 66 6
    endloop
  endfacet
  facet normal 0 1 0
    outer loop
      vertex 54.9 66 114
      vertex 60 66 0
      vertex 54.9 66 6
    endloop
  endfacet
  facet normal 0 1 0
    outer loop
      vertex 49.5 66 114
      vertex 60 66 127.2
      vertex 53.1 66 114
    endloop
  endfacet
  facet normal 0 1 0
    outer loop
      vertex 47.7 66 114
      vertex 60 66 127.2
      vertex 49.5 66 114
    endloop
  endfacet
  facet normal 0 1 0
    outer loop
      vertex 44.1 66 114
      vertex 60 66 127.2
      vertex 47.7 66 114
    endloop
  endfacet
  facet normal 0 1 0
    outer loop
      vertex 42.3 66 114
      vertex 60 66 127.2
      vertex 44.1 66 114
    endloop
  endfacet
  facet normal 0 1 0
    outer loop
      vertex 38.7 66 114
      vertex 60 66 127.2
      vertex 42.3 66 114
    endloop
  endfacet
  facet normal 0 1 0
    outer loop
      vertex 36.9 66 114
      vertex 60 66 127.2
      vertex 38.7 66 114
    endloop
  endfacet
  facet normal 0 1 0
    outer loop
      vertex 33.3 66 114
      vertex 60 66 127.2
      vertex 36.9 66 114
    endloop
  endfacet
  facet normal 0 1 0
    outer loop
      vertex 31.5 66 114
      vertex 60 66 127.2
      vertex 33.3 66 114
    endloop
  endfacet
  facet normal 0 1 0
    outer loop
      vertex 27.9 66 114
      vertex 60 66 127.2
      vertex 31.5 66 114
    endloop
  endfacet
  facet normal 0 1 0
    outer loop
      vertex 26.1 66 114
      vertex 60 66 127.2
      vertex 27.9 66 114
    endloop
  endfacet
  facet normal 0 1 0
    outer loop
      vertex 22.5 66 114
      vertex 60 66 127.2
      vertex 26.1 66 114
    endloop
  endfacet
  facet normal 0 1 0
    outer loop
      vertex 20.7 66 114
      vertex 60 66 127.2
      vertex 22.5 66 114
    endloop
  endfacet
  facet normal 0 1 0
    outer loop
      vertex 17.1 66 114
      vertex 60 66 127.2
      vertex 20.7 66 114
    endloop
  endfacet
  facet normal 0 1 0
    outer loop
      vertex 15.3 66 114
      vertex 60 66 127.2
      vertex 17.1 66 114
    endloop
  endfacet
  facet normal 0 1 0
    outer loop
      vertex 11.7 66 114
      vertex 60 66 127.2
      vertex 15.3 66 114
    endloop
  endfacet
  facet normal 0 1 0
    outer loop
      vertex 9.9 66 114
      vertex 60 66 127.2
      vertex 11.7 66 114
    endloop
  endfacet
  facet normal 0 1 0
    outer loop
      vertex 6.3 66 114
      vertex 60 66 127.2
      vertex 9.9 66 114
    endloop
  endfacet
  facet normal 0 1 0
    outer loop
      vertex 4.5 66 114
      vertex 60 66 127.2
      vertex 6.3 66 114
    endloop
  endfacet
  facet normal 0 1 0
    outer loop
      vertex 0.9 66 114
      vertex 60 66 127.2
      vertex 4.5 66 114
    endloop
  endfacet
  facet normal 0 1 0
    outer loop
      vertex 60 66 127.2
      vertex 0.9 66 114
      vertex -60 66 127.2
    endloop
  endfacet
  facet normal 0 1 -0
    outer loop
      vertex -0.9 66 114
      vertex -60 66 127.2
      vertex 0.9 66 114
    endloop
  endfacet
  facet normal 0 1 -0
    outer loop
      vertex -4.5 66 114
      vertex -60 66 127.2
      vertex -0.9 66 114
    endloop
  endfacet
  facet normal 0 1 -0
    outer loop
      vertex -6.3 66 114
      vertex -60 66 127.2
      vertex -4.5 66 114
    endloop
  endfacet
  facet normal 0 1 -0
    outer loop
      vertex -9.9 66 114
      vertex -60 66 127.2
      vertex -6.3 66 114
    endloop
  endfacet
  facet normal 0 1 -0
    outer loop
      vertex -11.7 66 114
      vertex -60 66 127.2
      vertex -9.9 66 114
    endloop
  endfacet
  facet normal 0 1 -0
    outer loop
      vertex -15.3 66 114
      vertex -60 66 127.2
      vertex -11.7 66 114
    endloop
  endfacet
  facet normal 0 1 -0
    outer loop
      vertex -17.1 66 114
      vertex -60 66 127.2
      vertex -15.3 66 114
    endloop
  endfacet
  facet normal 0 1 -0
    outer loop
      vertex -20.7 66 114
      vertex -60 66 127.2
      vertex -17.1 66 114
    endloop
  endfacet
  facet normal 0 1 -0
    outer loop
      vertex -22.5 66 114
      vertex -60 66 127.2
      vertex -20.7 66 114
    endloop
  endfacet
  facet normal 0 1 -0
    outer loop
      vertex -26.1 66 114
      vertex -60 66 127.2
      vertex -22.5 66 114
    endloop
  endfacet
  facet normal 0 1 -0
    outer loop
      vertex -27.9 66 114
      vertex -60 66 127.2
      vertex -26.1 66 114
    endloop
  endfacet
  facet normal 0 1 -0
    outer loop
      vertex -31.5 66 114
      vertex -60 66 127.2
      vertex -27.9 66 114
    endloop
  endfacet
  facet normal 0 1 -0
    outer loop
      vertex -33.3 66 114
      vertex -60 66 127.2
      vertex -31.5 66 114
    endloop
  endfacet
  facet normal 0 1 -0
    outer loop
      vertex -36.9 66 114
      vertex -60 66 127.2
      vertex -33.3 66 114
    endloop
  endfacet
  facet normal 0 1 -0
    outer loop
      vertex -38.7 66 114
      vertex -60 66 127.2
      vertex -36.9 66 114
    endloop
  endfacet
  facet normal 0 1 -0
    outer loop
      vertex -42.3 66 114
      vertex -60 66 127.2
      vertex -38.7 66 114
    endloop
  endfacet
  facet normal 0 1 -0
    outer loop
      vertex -44.1 66 114
      vertex -60 66 127.2
      vertex -42.3 66 114
    endloop
  endfacet
  facet normal 0 1 -0
    outer loop
      vertex -47.7 66 114
      vertex -60 66 127.2
      vertex -44.1 66 114
    endloop
  endfacet
  facet normal 0 1 -0
    outer loop
      vertex -49.5 66 114
      vertex -60 66 127.2
      vertex -47.7 66 114
    endloop
  endfacet
  facet normal 0 1 -0
    outer loop
      vertex -53.1 66 114
      vertex -60 66 127.2
      vertex -49.5 66 114
    endloop
  endfacet
  facet normal 0 1 -0
    outer loop
      vertex -54.9 66 114
      vertex -60 66 127.2
      vertex -53.1 66 114
    endloop
  endfacet
  facet normal 0 1 0
    outer loop
      vertex -60 66 0
      vertex -54.9 66 114
      vertex -54.9 66 6
    endloop
  endfacet
  facet normal 0 1 0
    outer loop
      vertex -54.9 66 114
      vertex -60 66 0
      vertex -60 66 127.2
    endloop
  endfacet
  facet normal 0 1 0
    outer loop
      vertex -53.1 66 6
      vertex -60 66 0
      vertex -54.9 66 6
    endloop
  endfacet
  facet normal 0 1 0
    outer loop
      vertex 6.3 66 114
      vertex 9 66 6.6
      vertex 6.3 66 6.6
    endloop
  endfacet
  facet normal 1 0 0
    outer loop
      vertex 66 60 127.2
      vertex 66 54.9 114
      vertex 66 60 0
    endloop
  endfacet
  facet normal 1 0 0
    outer loop
      vertex 66 60 127.2
      vertex 66 53.1 114
      vertex 66 54.9 114
    endloop
  endfacet
  facet normal 1 0 0
    outer loop
      vertex 66 53.1 114
      vertex 66 49.5 114
      vertex 66 53.1 6
    endloop
  endfacet
  facet normal 1 0 0
    outer loop
      vertex 66 60 127.2
      vertex 66 49.5 114
      vertex 66 53.1 114
    endloop
  endfacet
  facet normal 1 0 0
    outer loop
      vertex 66 60 127.2
      vertex 66 47.7 114
      vertex 66 49.5 114
    endloop
  endfacet
  facet normal 1 0 0
    outer loop
      vertex 66 47.7 114
      vertex 66 44.1 114
      vertex 66 47.7 6
    endloop
  endfacet
  facet normal 1 0 0
    outer loop
      vertex 66 60 127.2
      vertex 66 44.1 114
      vertex 66 47.7 114
    endloop
  endfacet
  facet normal 1 0 0
    outer loop
      vertex 66 60 127.2
      vertex 66 42.3 114
      vertex 66 44.1 114
    endloop
  endfacet
  facet normal 1 0 0
    outer loop
      vertex 66 42.3 114
      vertex 66 38.7 114
      vertex 66 42.3 6
    endloop
  endfacet
  facet normal 1 0 0
    outer loop
      vertex 66 60 127.2
      vertex 66 38.7 114
      vertex 66 42.3 114
    endloop
  endfacet
  facet normal 1 0 0
    outer loop
      vertex 66 60 127.2
      vertex 66 36.9 114
      vertex 66 38.7 114
    endloop
  endfacet
  facet normal 1 0 0
    outer loop
      vertex 66 36.9 114
      vertex 66 33.3 114
      vertex 66 36.9 6
    endloop
  endfacet
  facet normal 1 0 0
    outer loop
      vertex 66 60 127.2
      vertex 66 33.3 114
      vertex 66 36.9 114
    endloop
  endfacet
  facet normal 1 0 0
    outer loop
      vertex 66 60 127.2
      vertex 66 31.5 114
      vertex 66 33.3 114
    endloop
  endfacet
  facet normal 1 0 0
    outer loop
      vertex 66 31.5 114
      vertex 66 27.9 114
      vertex 66 31.5 6
    endloop
  endfacet
  facet normal 1 0 0
    outer loop
      vertex 66 60 127.2
      vertex 66 27.9 114
      vertex 66 31.5 114
    endloop
  endfacet
  facet normal 1 0 0
    outer loop
      vertex 66 60 127.2
      vertex 66 26.1 114
      vertex 66 27.9 114
    endloop
  endfacet
  facet normal 1 0 0
    outer loop
      vertex 66 26.1 114
      vertex 66 22.5 114
      vertex 66 26.1 6
    endloop
  endfacet
  facet normal 1 0 0
    outer loop
      vertex 66 60 127.2
      vertex 66 22.5 114
      vertex 66 26.1 114
    endloop
  endfacet
  facet normal 1 0 0
    outer loop
      vertex 66 60 127.2
      vertex 66 20.7 114
      vertex 66 22.5 114
    endloop
  endfacet
  facet normal 1 0 0
    outer loop
      vertex 66 20.7 114
      vertex 66 17.1 114
      vertex 66 20.7 6
    endloop
  endfacet
  facet normal 1 0 0
    outer loop
      vertex 66 60 127.2
      vertex 66 17.1 114
      vertex 66 20.7 114
    endloop
  endfacet
  facet normal 1 0 0
    outer loop
      vertex 66 60 127.2
      vertex 66 15.3 114
      vertex 66 17.1 114
    endloop
  endfacet
  facet normal 1 0 0
    outer loop
      vertex 66 15.3 114
      vertex 66 11.7 114
      vertex 66 15.3 6
    endloop
  endfacet
  facet normal 1 0 0
    outer loop
      vertex 66 60 127.2
      vertex 66 11.7 114
      vertex 66 15.3 114
    endloop
  endfacet
  facet normal 1 0 0
    outer loop
      vertex 66 60 127.2
      vertex 66 9.9 114
      vertex 66 11.7 114
    endloop
  endfacet
  facet normal 1 0 0
    outer loop
      vertex 66 9.9 114
      vertex 66 6.3 114
      vertex 66 9.9 6
    endloop
  endfacet
  facet normal 1 0 0
    outer loop
      vertex 66 60 127.2
      vertex 66 6.3 114
      vertex 66 9.9 114
    endloop
  endfacet
  facet normal 1 0 0
    outer loop
      vertex 66 60 127.2
      vertex 66 4.5 114
      vertex 66 6.3 114
    endloop
  endfacet
  facet normal 1 0 0
    outer loop
      vertex 66 4.5 114
      vertex 66 0.9 114
      vertex 66 4.5 6
    endloop
  endfacet
  facet normal 1 0 0
    outer loop
      vertex 66 60 127.2
      vertex 66 0.9 114
      vertex 66 4.5 114
    endloop
  endfacet
  facet normal 1 0 0
    outer loop
      vertex 66 60 127.2
      vertex 66 -0.9 114
      vertex 66 0.9 114
    endloop
  endfacet
  facet normal 1 0 0
    outer loop
      vertex 66 -0.9 114
      vertex 66 -4.5 114
      vertex 66 -0.9 6
    endloop
  endfacet
  facet normal 1 -0 0
    outer loop
      vertex 66 -60 127.2
      vertex 66 -0.9 114
      vertex 66 60 127.2
    endloop
  endfacet
  facet normal 1 0 0
    outer loop
      vertex 66 -0.9 114
      vertex 66 -60 127.2
      vertex 66 -4.5 114
    endloop
  endfacet
  facet normal 1 0 0
    outer loop
      vertex 66 -6.3 114
      vertex 66 -9.9 114
      vertex 66 -6.3 6
    endloop
  endfacet
  facet normal 1 0 0
    outer loop
      vertex 66 -4.5 114
      vertex 66 -60 127.2
      vertex 66 -6.3 114
    endloop
  endfacet
  facet normal 1 0 0
    outer loop
      vertex 66 -6.3 114
      vertex 66 -60 127.2
      vertex 66 -9.9 114
    endloop
  endfacet
  facet normal 1 0 0
    outer loop
      vertex 66 -11.7 114
      vertex 66 -15.3 114
      vertex 66 -11.7 6
    endloop
  endfacet
  facet normal 1 0 0
    outer loop
      vertex 66 -9.9 114
      vertex 66 -60 127.2
      vertex 66 -11.7 114
    endloop
  endfacet
  facet normal 1 0 0
    outer loop
      vertex 66 -11.7 114
      vertex 66 -60 127.2
      vertex 66 -15.3 114
    endloop
  endfacet
  facet normal 1 0 0
    outer loop
      vertex 66 -17.1 114
      vertex 66 -20.7 114
      vertex 66 -17.1 6
    endloop
  endfacet
  facet normal 1 0 0
    outer loop
      vertex 66 -15.3 114
      vertex 66 -60 127.2
      vertex 66 -17.1 114
    endloop
  endfacet
  facet normal 1 0 0
    outer loop
      vertex 66 -17.1 114
      vertex 66 -60 127.2
      vertex 66 -20.7 114
    endloop
  endfacet
  facet normal 1 0 0
    outer loop
      vertex 66 -22.5 114
      vertex 66 -26.1 114
      vertex 66 -22.5 6
    endloop
  endfacet
  facet normal 1 0 0
    outer loop
      vertex 66 -20.7 114
      vertex 66 -60 127.2
      vertex 66 -22.5 114
    endloop
  endfacet
  facet normal 1 0 0
    outer loop
      vertex 66 -22.5 114
      vertex 66 -60 127.2
      vertex 66 -26.1 114
    endloop
  endfacet
  facet normal 1 0 0
    outer loop
      vertex 66 -27.9 114
      vertex 66 -31.5 114
      vertex 66 -27.9 6
    endloop
  endfacet
  facet normal 1 0 0
    outer loop
      vertex 66 -26.1 114
      vertex 66 -60 127.2
      vertex 66 -27.9 114
    endloop
  endfacet
  facet normal 1 0 0
    outer loop
      vertex 66 -27.9 114
      vertex 66 -60 127.2
      vertex 66 -31.5 114
    endloop
  endfacet
  facet normal 1 0 0
    outer loop
      vertex 66 -33.3 114
      vertex 66 -36.9 114
      vertex 66 -33.3 6
    endloop
  endfacet
  facet normal 1 0 0
    outer loop
      vertex 66 -31.5 114
      vertex 66 -60 127.2
      vertex 66 -33.3 114
    endloop
  endfacet
  facet normal 1 0 0
    outer loop
      vertex 66 -33.3 114
      vertex 66 -60 127.2
      vertex 66 -36.9 114
    endloop
  endfacet
  facet normal 1 0 0
    outer loop
      vertex 66 -38.7 114
      vertex 66 -42.3 114
      vertex 66 -38.7 6
    endloop
  endfacet
  facet normal 1 0 0
    outer loop
      vertex 66 -36.9 114
      vertex 66 -60 127.2
      vertex 66 -38.7 114
    endloop
  endfacet
  facet normal 1 0 0
    outer loop
      vertex 66 -38.7 114
      vertex 66 -60 127.2
      vertex 66 -42.3 114
    endloop
  endfacet
  facet normal 1 0 0
    outer loop
      vertex 66 -44.1 114
      vertex 66 -47.7 114
      vertex 66 -44.1 6
    endloop
  endfacet
  facet normal 1 0 0
    outer loop
      vertex 66 -42.3 114
      vertex 66 -60 127.2
      vertex 66 -44.1 114
    endloop
  endfacet
  facet normal 1 0 0
    outer loop
      vertex 66 -44.1 114
      vertex 66 -60 127.2
      vertex 66 -47.7 114
    endloop
  endfacet
  facet normal 1 0 0
    outer loop
      vertex 66 -49.5 114
      vertex 66 -53.1 114
      vertex 66 -49.5 6
    endloop
  endfacet
  facet normal 1 0 0
    outer loop
      vertex 66 -47.7 114
      vertex 66 -60 127.2
      vertex 66 -49.5 114
    endloop
  endfacet
  facet normal 1 0 0
    outer loop
      vertex 66 -49.5 114
      vertex 66 -60 127.2
      vertex 66 -53.1 114
    endloop
  endfacet
  facet normal 1 0 0
    outer loop
      vertex 66 -60 0
      vertex 66 -54.9 114
      vertex 66 -60 127.2
    endloop
  endfacet
  facet normal 1 0 0
    outer loop
      vertex 66 -53.1 114
      vertex 66 -60 127.2
      vertex 66 -54.9 114
    endloop
  endfacet
  facet normal 1 -0 0
    outer loop
      vertex 66 54.9 6
      vertex 66 60 0
      vertex 66 54.9 114
    endloop
  endfacet
  facet normal 1 -0 0
    outer loop
      vertex 66 53.1 6
      vertex 66 60 0
      vertex 66 54.9 6
    endloop
  endfacet
  facet normal 1 0 0
    outer loop
      vertex 66 49.5 6
      vertex 66 53.1 6
      vertex 66 49.5 114
    endloop
  endfacet
  facet normal 1 -0 0
    outer loop
      vertex 66 49.5 6
      vertex 66 60 0
      vertex 66 53.1 6
    endloop
  endfacet
  facet normal 1 -0 0
    outer loop
      vertex 66 47.7 6
      vertex 66 60 0
      vertex 66 49.5 6
    endloop
  endfacet
  facet normal 1 0 0
    outer loop
      vertex 66 44.1 6
      vertex 66 47.7 6
      vertex 66 44.1 114
    endloop
  endfacet
  facet normal 1 -0 0
    outer loop
      vertex 66 44.1 6
      vertex 66 60 0
      vertex 66 47.7 6
    endloop
  endfacet
  facet normal 1 -0 0
    outer loop
      vertex 66 42.3 6
      vertex 66 60 0
      vertex 66 44.1 6
    endloop
  endfacet
  facet normal 1 0 0
    outer loop
      vertex 66 38.7 6
      vertex 66 42.3 6
      vertex 66 38.7 114
    endloop
  endfacet
  facet normal 1 -0 0
    outer loop
      vertex 66 38.7 6
      vertex 66 60 0
      vertex 66 42.3 6
    endloop
  endfacet
  facet normal 1 -0 0
    outer loop
      vertex 66 36.9 6
      vertex 66 60 0
      vertex 66 38.7 6
    endloop
  endfacet
  facet normal 1 0 0
    outer loop
      vertex 66 33.3 6
      vertex 66 36.9 6
      vertex 66 33.3 114
    endloop
  endfacet
  facet normal 1 -0 0
    outer loop
      vertex 66 33.3 6
      vertex 66 60 0
      vertex 66 36.9 6
    endloop
  endfacet
  facet normal 1 -0 0
    outer loop
      vertex 66 31.5 6
      vertex 66 60 0
      vertex 66 33.3 6
    endloop
  endfacet
  facet normal 1 0 0
    outer loop
      vertex 66 27.9 6
      vertex 66 31.5 6
      vertex 66 27.9 114
    endloop
  endfacet
  facet normal 1 -0 0
    outer loop
      vertex 66 27.9 6
      vertex 66 60 0
      vertex 66 31.5 6
    endloop
  endfacet
  facet normal 1 -0 0
    outer loop
      vertex 66 26.1 6
      vertex 66 60 0
      vertex 66 27.9 6
    endloop
  endfacet
  facet normal 1 0 0
    outer loop
      vertex 66 22.5 6
      vertex 66 26.1 6
      vertex 66 22.5 114
    endloop
  endfacet
  facet normal 1 -0 0
    outer loop
      vertex 66 22.5 6
      vertex 66 60 0
      vertex 66 26.1 6
    endloop
  endfacet
  facet normal 1 -0 0
    outer loop
      vertex 66 20.7 6
      vertex 66 60 0
      vertex 66 22.5 6
    endloop
  endfacet
  facet normal 1 0 0
    outer loop
      vertex 66 17.1 6
      vertex 66 20.7 6
      vertex 66 17.1 114
    endloop
  endfacet
  facet normal 1 -0 0
    outer loop
      vertex 66 17.1 6
      vertex 66 60 0
      vertex 66 20.7 6
    endloop
  endfacet
  facet normal 1 -0 0
    outer loop
      vertex 66 15.3 6
      vertex 66 60 0
      vertex 66 17.1 6
    endloop
  endfacet
  facet normal 1 0 0
    outer loop
      vertex 66 11.7 6
      vertex 66 15.3 6
      vertex 66 11.7 114
    endloop
  endfacet
  facet normal 1 -0 0
    outer loop
      vertex 66 11.7 6
      vertex 66 60 0
      vertex 66 15.3 6
    endloop
  endfacet
  facet normal 1 -0 0
    outer loop
      vertex 66 9.9 6
      vertex 66 60 0
      vertex 66 11.7 6
    endloop
  endfacet
  facet normal 1 0 0
    outer loop
      vertex 66 6.3 6
      vertex 66 9.9 6
      vertex 66 6.3 114
    endloop
  endfacet
  facet normal 1 -0 0
    outer loop
      vertex 66 6.3 6
      vertex 66 60 0
      vertex 66 9.9 6
    endloop
  endfacet
  facet normal 1 -0 0
    outer loop
      vertex 66 4.5 6
      vertex 66 60 0
      vertex 66 6.3 6
    endloop
  endfacet
  facet normal 1 0 0
    outer loop
      vertex 66 0.9 6
      vertex 66 4.5 6
      vertex 66 0.9 114
    endloop
  endfacet
  facet normal 1 -0 0
    outer loop
      vertex 66 0.9 6
      vertex 66 60 0
      vertex 66 4.5 6
    endloop
  endfacet
  facet normal 1 -0 0
    outer loop
      vertex 66 -0.9 6
      vertex 66 60 0
      vertex 66 0.9 6
    endloop
  endfacet
  facet normal 1 0 0
    outer loop
      vertex 66 -4.5 6
      vertex 66 -0.9 6
      vertex 66 -4.5 114
    endloop
  endfacet
  facet normal 1 -0 0
    outer loop
      vertex 66 -4.5 6
      vertex 66 60 0
      vertex 66 -0.9 6
    endloop
  endfacet
  facet normal 1 0 0
    outer loop
      vertex 66 -60 0
      vertex 66 -4.5 6
      vertex 66 -6.3 6
    endloop
  endfacet
  facet normal 1 0 0
    outer loop
      vertex 66 -9.9 6
      vertex 66 -6.3 6
      vertex 66 -9.9 114
    endloop
  endfacet
  facet normal 1 0 0
    outer loop
      vertex 66 -60 0
      vertex 66 -6.3 6
      vertex 66 -9.9 6
    endloop
  endfacet
  facet normal 1 0 0
    outer loop
      vertex 66 -60 0
      vertex 66 -9.9 6
      vertex 66 -11.7 6
    endloop
  endfacet
  facet normal 1 0 0
    outer loop
      vertex 66 -15.3 6
      vertex 66 -11.7 6
      vertex 66 -15.3 114
    endloop
  endfacet
  facet normal 1 0 0
    outer loop
      vertex 66 -60 0
      vertex 66 -11.7 6
      vertex 66 -15.3 6
    endloop
  endfacet
  facet normal 1 0 0
    outer loop
      vertex 66 -60 0
      vertex 66 -15.3 6
      vertex 66 -17.1 6
    endloop
  endfacet
  facet normal 1 0 0
    outer loop
      vertex 66 -20.7 6
      vertex 66 -17.1 6
      vertex 66 -20.7 114
    endloop
  endfacet
  facet normal 1 0 0
    outer loop
      vertex 66 -60 0
      vertex 66 -17.1 6
      vertex 66 -20.7 6
    endloop
  endfacet
  facet normal 1 0 0
    outer loop
      vertex 66 -60 0
      vertex 66 -20.7 6
      vertex 66 -22.5 6
    endloop
  endfacet
  facet normal 1 0 0
    outer loop
      vertex 66 -26.1 6
      vertex 66 -22.5 6
      vertex 66 -26.1 114
    endloop
  endfacet
  facet normal 1 0 0
    outer loop
      vertex 66 -60 0
      vertex 66 -22.5 6
      vertex 66 -26.1 6
    endloop
  endfacet
  facet normal 1 0 0
    outer loop
      vertex 66 -60 0
      vertex 66 -26.1 6
      vertex 66 -27.9 6
    endloop
  endfacet
  facet normal 1 0 0
    outer loop
      vertex 66 -31.5 6
      vertex 66 -27.9 6
      vertex 66 -31.5 114
    endloop
  endfacet
  facet normal 1 0 0
    outer loop
      vertex 66 -60 0
      vertex 66 -27.9 6
      vertex 66 -31.5 6
    endloop
  endfacet
  facet normal 1 0 0
    outer loop
      vertex 66 -60 0
      vertex 66 -31.5 6
      vertex 66 -33.3 6
    endloop
  endfacet
  facet normal 1 0 0
    outer loop
      vertex 66 -36.9 6
      vertex 66 -33.3 6
      vertex 66 -36.9 114
    endloop
  endfacet
  facet normal 1 0 0
    outer loop
      vertex 66 -60 0
      vertex 66 -33.3 6
      vertex 66 -36.9 6
    endloop
  endfacet
  facet normal 1 0 0
    outer loop
      vertex 66 -60 0
      vertex 66 -36.9 6
      vertex 66 -38.7 6
    endloop
  endfacet
  facet normal 1 0 0
    outer loop
      vertex 66 -42.3 6
      vertex 66 -38.7 6
      vertex 66 -42.3 114
    endloop
  endfacet
  facet normal 1 0 0
    outer loop
      vertex 66 -60 0
      vertex 66 -38.7 6
      vertex 66 -42.3 6
    endloop
  endfacet
  facet normal 1 0 0
    outer loop
      vertex 66 -60 0
      vertex 66 -42.3 6
      vertex 66 -44.1 6
    endloop
  endfacet
  facet normal 1 0 0
    outer loop
      vertex 66 -47.7 6
      vertex 66 -44.1 6
      vertex 66 -47.7 114
    endloop
  endfacet
  facet normal 1 0 0
    outer loop
      vertex 66 -60 0
      vertex 66 -44.1 6
      vertex 66 -47.7 6
    endloop
  endfacet
  facet normal 1 0 0
    outer loop
      vertex 66 -60 0
      vertex 66 -47.7 6
      vertex 66 -49.5 6
    endloop
  endfacet
  facet normal 1 0 0
    outer loop
      vertex 66 -53.1 6
      vertex 66 -49.5 6
      vertex 66 -53.1 114
    endloop
  endfacet
  facet normal 1 0 0
    outer loop
      vertex 66 -60 0
      vertex 66 -49.5 6
      vertex 66 -53.1 6
    endloop
  endfacet
  facet normal 1 0 0
    outer loop
      vertex 66 -60 0
      vertex 66 -53.1 6
      vertex 66 -54.9 6
    endloop
  endfacet
  facet normal 1 0 0
    outer loop
      vertex 66 -4.5 6
      vertex 66 -60 0
      vertex 66 60 0
    endloop
  endfacet
  facet normal 1 0 0
    outer loop
      vertex 66 -54.9 114
      vertex 66 -60 0
      vertex 66 -54.9 6
    endloop
  endfacet
  facet normal 0.998795 -0.0490821 0
    outer loop
      vertex 65.9711 -60.5881 127.2
      vertex 66 -60 0
      vertex 66 -60 127.2
    endloop
  endfacet
  facet normal 0.998795 -0.0490821 0
    outer loop
      vertex 66 -60 0
      vertex 65.9711 -60.5881 127.2
      vertex 65.9711 -60.5881 0
    endloop
  endfacet
  facet normal -0.998795 -0.0490821 0
    outer loop
      vertex -65.9711 -60.5881 0
      vertex -66 -60 127.2
      vertex -66 -60 0
    endloop
  endfacet
  facet normal -0.998795 -0.0490821 0
    outer loop
      vertex -66 -60 127.2
      vertex -65.9711 -60.5881 0
      vertex -65.9711 -60.5881 127.2
    endloop
  endfacet
  facet normal -0.0490821 0.998795 0
    outer loop
      vertex -60 66 0
      vertex -60.5881 65.9711 127.2
      vertex -60 66 127.2
    endloop
  endfacet
  facet normal -0.0490821 0.998795 0
    outer loop
      vertex -60.5881 65.9711 127.2
      vertex -60 66 0
      vertex -60.5881 65.9711 0
    endloop
  endfacet
  facet normal -0.970023 -0.243015 0
    outer loop
      vertex -65.7416 -61.7417 0
      vertex -65.8847 -61.1705 127.2
      vertex -65.8847 -61.1705 0
    endloop
  endfacet
  facet normal -0.970023 -0.243015 0
    outer loop
      vertex -65.8847 -61.1705 127.2
      vertex -65.7416 -61.7417 0
      vertex -65.7416 -61.7417 127.2
    endloop
  endfacet
  facet normal 0.970023 0.243015 0
    outer loop
      vertex 65.8847 61.1705 127.2
      vertex 65.7416 61.7417 0
      vertex 65.7416 61.7417 127.2
    endloop
  endfacet
  facet normal 0.970023 0.243015 0
    outer loop
      vertex 65.7416 61.7417 0
      vertex 65.8847 61.1705 127.2
      vertex 65.8847 61.1705 0
    endloop
  endfacet
  facet normal 0.146746 -0.989174 0
    outer loop
      vertex 60.5881 -65.9711 0
      vertex 61.1705 -65.8847 127.2
      vertex 60.5881 -65.9711 127.2
    endloop
  endfacet
  facet normal 0.146746 -0.989174 0
    outer loop
      vertex 61.1705 -65.8847 127.2
      vertex 60.5881 -65.9711 0
      vertex 61.1705 -65.8847 0
    endloop
  endfacet
  facet normal 0.336788 0.94158 -0
    outer loop
      vertex 62.2961 65.5433 0
      vertex 61.7417 65.7416 127.2
      vertex 62.2961 65.5433 127.2
    endloop
  endfacet
  facet normal 0.336788 0.94158 0
    outer loop
      vertex 61.7417 65.7416 127.2
      vertex 62.2961 65.5433 0
      vertex 61.7417 65.7416 0
    endloop
  endfacet
  facet normal -1 0 0
    outer loop
      vertex -66 54.9 114
      vertex -66 60 0
      vertex -66 54.9 6
    endloop
  endfacet
  facet normal -1 0 0
    outer loop
      vertex -66 60 0
      vertex -66 53.1 6
      vertex -66 54.9 6
    endloop
  endfacet
  facet normal -1 0 0
    outer loop
      vertex -66 53.1 6
      vertex -66 49.5 6
      vertex -66 53.1 114
    endloop
  endfacet
  facet normal -1 0 0
    outer loop
      vertex -66 60 0
      vertex -66 49.5 6
      vertex -66 53.1 6
    endloop
  endfacet
  facet normal -1 0 0
    outer loop
      vertex -66 60 0
      vertex -66 47.7 6
      vertex -66 49.5 6
    endloop
  endfacet
  facet normal -1 0 0
    outer loop
      vertex -66 47.7 6
      vertex -66 44.1 6
      vertex -66 47.7 114
    endloop
  endfacet
  facet normal -1 0 0
    outer loop
      vertex -66 60 0
      vertex -66 44.1 6
      vertex -66 47.7 6
    endloop
  endfacet
  facet normal -1 0 0
    outer loop
      vertex -66 60 0
      vertex -66 42.3 6
      vertex -66 44.1 6
    endloop
  endfacet
  facet normal -1 0 0
    outer loop
      vertex -66 42.3 6
      vertex -66 38.7 6
      vertex -66 42.3 114
    endloop
  endfacet
  facet normal -1 0 0
    outer loop
      vertex -66 60 0
      vertex -66 38.7 6
      vertex -66 42.3 6
    endloop
  endfacet
  facet normal -1 0 0
    outer loop
      vertex -66 60 0
      vertex -66 36.9 6
      vertex -66 38.7 6
    endloop
  endfacet
  facet normal -1 0 0
    outer loop
      vertex -66 36.9 6
      vertex -66 33.3 6
      vertex -66 36.9 114
    endloop
  endfacet
  facet normal -1 0 0
    outer loop
      vertex -66 60 0
      vertex -66 33.3 6
      vertex -66 36.9 6
    endloop
  endfacet
  facet normal -1 0 0
    outer loop
      vertex -66 60 0
      vertex -66 31.5 6
      vertex -66 33.3 6
    endloop
  endfacet
  facet normal -1 0 0
    outer loop
      vertex -66 31.5 6
      vertex -66 27.9 6
      vertex -66 31.5 114
    endloop
  endfacet
  facet normal -1 0 0
    outer loop
      vertex -66 60 0
      vertex -66 27.9 6
      vertex -66 31.5 6
    endloop
  endfacet
  facet normal -1 0 0
    outer loop
      vertex -66 60 0
      vertex -66 26.1 6
      vertex -66 27.9 6
    endloop
  endfacet
  facet normal -1 0 0
    outer loop
      vertex -66 26.1 6
      vertex -66 22.5 6
      vertex -66 26.1 114
    endloop
  endfacet
  facet normal -1 0 0
    outer loop
      vertex -66 60 0
      vertex -66 22.5 6
      vertex -66 26.1 6
    endloop
  endfacet
  facet normal -1 0 0
    outer loop
      vertex -66 60 0
      vertex -66 20.7 6
      vertex -66 22.5 6
    endloop
  endfacet
  facet normal -1 0 0
    outer loop
      vertex -66 20.7 6
      vertex -66 17.1 6
      vertex -66 20.7 114
    endloop
  endfacet
  facet normal -1 0 0
    outer loop
      vertex -66 60 0
      vertex -66 17.1 6
      vertex -66 20.7 6
    endloop
  endfacet
  facet normal -1 0 0
    outer loop
      vertex -66 60 0
      vertex -66 15.3 6
      vertex -66 17.1 6
    endloop
  endfacet
  facet normal -1 0 0
    outer loop
      vertex -66 15.3 6
      vertex -66 11.7 6
      vertex -66 15.3 114
    endloop
  endfacet
  facet normal -1 0 0
    outer loop
      vertex -66 60 0
      vertex -66 11.7 6
      vertex -66 15.3 6
    endloop
  endfacet
  facet normal -1 0 0
    outer loop
      vertex -66 60 0
      vertex -66 9.9 6
      vertex -66 11.7 6
    endloop
  endfacet
  facet normal -1 0 0
    outer loop
      vertex -66 9.9 6
      vertex -66 6.3 6
      vertex -66 9.9 114
    endloop
  endfacet
  facet normal -1 0 0
    outer loop
      vertex -66 60 0
      vertex -66 6.3 6
      vertex -66 9.9 6
    endloop
  endfacet
  facet normal -1 0 0
    outer loop
      vertex -66 60 0
      vertex -66 4.5 6
      vertex -66 6.3 6
    endloop
  endfacet
  facet normal -1 0 0
    outer loop
      vertex -66 4.5 6
      vertex -66 0.9 6
      vertex -66 4.5 114
    endloop
  endfacet
  facet normal -1 0 0
    outer loop
      vertex -66 60 0
      vertex -66 0.9 6
      vertex -66 4.5 6
    endloop
  endfacet
  facet normal -1 0 0
    outer loop
      vertex -66 60 0
      vertex -66 -0.9 6
      vertex -66 0.9 6
    endloop
  endfacet
  facet normal -1 0 0
    outer loop
      vertex -66 -0.9 6
      vertex -66 -4.5 6
      vertex -66 -0.9 114
    endloop
  endfacet
  facet normal -1 0 0
    outer loop
      vertex -66 60 0
      vertex -66 -4.5 6
      vertex -66 -0.9 6
    endloop
  endfacet
  facet normal -1 0 0
    outer loop
      vertex -66 -60 0
      vertex -66 -4.5 6
      vertex -66 60 0
    endloop
  endfacet
  facet normal -1 0 0
    outer loop
      vertex -66 -6.3 6
      vertex -66 -9.9 6
      vertex -66 -6.3 114
    endloop
  endfacet
  facet normal -1 -0 0
    outer loop
      vertex -66 -4.5 6
      vertex -66 -60 0
      vertex -66 -6.3 6
    endloop
  endfacet
  facet normal -1 -0 0
    outer loop
      vertex -66 -6.3 6
      vertex -66 -60 0
      vertex -66 -9.9 6
    endloop
  endfacet
  facet normal -1 0 0
    outer loop
      vertex -66 -11.7 6
      vertex -66 -15.3 6
      vertex -66 -11.7 114
    endloop
  endfacet
  facet normal -1 -0 0
    outer loop
      vertex -66 -9.9 6
      vertex -66 -60 0
      vertex -66 -11.7 6
    endloop
  endfacet
  facet normal -1 -0 0
    outer loop
      vertex -66 -11.7 6
      vertex -66 -60 0
      vertex -66 -15.3 6
    endloop
  endfacet
  facet normal -1 0 0
    outer loop
      vertex -66 -17.1 6
      vertex -66 -20.7 6
      vertex -66 -17.1 114
    endloop
  endfacet
  facet normal -1 -0 0
    outer loop
      vertex -66 -15.3 6
      vertex -66 -60 0
      vertex -66 -17.1 6
    endloop
  endfacet
  facet normal -1 -0 0
    outer loop
      vertex -66 -17.1 6
      vertex -66 -60 0
      vertex -66 -20.7 6
    endloop
  endfacet
  facet normal -1 0 0
    outer loop
      vertex -66 -22.5 6
      vertex -66 -26.1 6
      vertex -66 -22.5 114
    endloop
  endfacet
  facet normal -1 -0 0
    outer loop
      vertex -66 -20.7 6
      vertex -66 -60 0
      vertex -66 -22.5 6
    endloop
  endfacet
  facet normal -1 -0 0
    outer loop
      vertex -66 -22.5 6
      vertex -66 -60 0
      vertex -66 -26.1 6
    endloop
  endfacet
  facet normal -1 0 0
    outer loop
      vertex -66 -27.9 6
      vertex -66 -31.5 6
      vertex -66 -27.9 114
    endloop
  endfacet
  facet normal -1 -0 0
    outer loop
      vertex -66 -26.1 6
      vertex -66 -60 0
      vertex -66 -27.9 6
    endloop
  endfacet
  facet normal -1 -0 0
    outer loop
      vertex -66 -27.9 6
      vertex -66 -60 0
      vertex -66 -31.5 6
    endloop
  endfacet
  facet normal -1 0 0
    outer loop
      vertex -66 -33.3 6
      vertex -66 -36.9 6
      vertex -66 -33.3 114
    endloop
  endfacet
  facet normal -1 -0 0
    outer loop
      vertex -66 -31.5 6
      vertex -66 -60 0
      vertex -66 -33.3 6
    endloop
  endfacet
  facet normal -1 -0 0
    outer loop
      vertex -66 -33.3 6
      vertex -66 -60 0
      vertex -66 -36.9 6
    endloop
  endfacet
  facet normal -1 0 0
    outer loop
      vertex -66 -38.7 6
      vertex -66 -42.3 6
      vertex -66 -38.7 114
    endloop
  endfacet
  facet normal -1 -0 0
    outer loop
      vertex -66 -36.9 6
      vertex -66 -60 0
      vertex -66 -38.7 6
    endloop
  endfacet
  facet normal -1 -0 0
    outer loop
      vertex -66 -38.7 6
      vertex -66 -60 0
      vertex -66 -42.3 6
    endloop
  endfacet
  facet normal -1 0 0
    outer loop
      vertex -66 -44.1 6
      vertex -66 -47.7 6
      vertex -66 -44.1 114
    endloop
  endfacet
  facet normal -1 -0 0
    outer loop
      vertex -66 -42.3 6
      vertex -66 -60 0
      vertex -66 -44.1 6
    endloop
  endfacet
  facet normal -1 -0 0
    outer loop
      vertex -66 -44.1 6
      vertex -66 -60 0
      vertex -66 -47.7 6
    endloop
  endfacet
  facet normal -1 0 0
    outer loop
      vertex -66 -49.5 6
      vertex -66 -53.1 6
      vertex -66 -49.5 114
    endloop
  endfacet
  facet normal -1 -0 0
    outer loop
      vertex -66 -47.7 6
      vertex -66 -60 0
      vertex -66 -49.5 6
    endloop
  endfacet
  facet normal -1 -0 0
    outer loop
      vertex -66 -49.5 6
      vertex -66 -60 0
      vertex -66 -53.1 6
    endloop
  endfacet
  facet normal -1 -0 0
    outer loop
      vertex -66 -54.9 6
      vertex -66 -60 0
      vertex -66 -54.9 114
    endloop
  endfacet
  facet normal -1 -0 0
    outer loop
      vertex -66 -53.1 6
      vertex -66 -60 0
      vertex -66 -54.9 6
    endloop
  endfacet
  facet normal -1 0 0
    outer loop
      vertex -66 60 0
      vertex -66 54.9 114
      vertex -66 60 127.2
    endloop
  endfacet
  facet normal -1 0 0
    outer loop
      vertex -66 53.1 114
      vertex -66 60 127.2
      vertex -66 54.9 114
    endloop
  endfacet
  facet normal -1 0 0
    outer loop
      vertex -66 49.5 114
      vertex -66 53.1 114
      vertex -66 49.5 6
    endloop
  endfacet
  facet normal -1 0 0
    outer loop
      vertex -66 49.5 114
      vertex -66 60 127.2
      vertex -66 53.1 114
    endloop
  endfacet
  facet normal -1 0 0
    outer loop
      vertex -66 47.7 114
      vertex -66 60 127.2
      vertex -66 49.5 114
    endloop
  endfacet
  facet normal -1 0 0
    outer loop
      vertex -66 44.1 114
      vertex -66 47.7 114
      vertex -66 44.1 6
    endloop
  endfacet
  facet normal -1 0 0
    outer loop
      vertex -66 44.1 114
      vertex -66 60 127.2
      vertex -66 47.7 114
    endloop
  endfacet
  facet normal -1 0 0
    outer loop
      vertex -66 42.3 114
      vertex -66 60 127.2
      vertex -66 44.1 114
    endloop
  endfacet
  facet normal -1 0 0
    outer loop
      vertex -66 38.7 114
      vertex -66 42.3 114
      vertex -66 38.7 6
    endloop
  endfacet
  facet normal -1 0 0
    outer loop
      vertex -66 38.7 114
      vertex -66 60 127.2
      vertex -66 42.3 114
    endloop
  endfacet
  facet normal -1 0 0
    outer loop
      vertex -66 36.9 114
      vertex -66 60 127.2
      vertex -66 38.7 114
    endloop
  endfacet
  facet normal -1 0 0
    outer loop
      vertex -66 33.3 114
      vertex -66 36.9 114
      vertex -66 33.3 6
    endloop
  endfacet
  facet normal -1 0 0
    outer loop
      vertex -66 33.3 114
      vertex -66 60 127.2
      vertex -66 36.9 114
    endloop
  endfacet
  facet normal -1 0 0
    outer loop
      vertex -66 31.5 114
      vertex -66 60 127.2
      vertex -66 33.3 114
    endloop
  endfacet
  facet normal -1 0 0
    outer loop
      vertex -66 27.9 114
      vertex -66 31.5 114
      vertex -66 27.9 6
    endloop
  endfacet
  facet normal -1 0 0
    outer loop
      vertex -66 27.9 114
      vertex -66 60 127.2
      vertex -66 31.5 114
    endloop
  endfacet
  facet normal -1 0 0
    outer loop
      vertex -66 26.1 114
      vertex -66 60 127.2
      vertex -66 27.9 114
    endloop
  endfacet
  facet normal -1 0 0
    outer loop
      vertex -66 22.5 114
      vertex -66 26.1 114
      vertex -66 22.5 6
    endloop
  endfacet
  facet normal -1 0 0
    outer loop
      vertex -66 22.5 114
      vertex -66 60 127.2
      vertex -66 26.1 114
    endloop
  endfacet
  facet normal -1 0 0
    outer loop
      vertex -66 20.7 114
      vertex -66 60 127.2
      vertex -66 22.5 114
    endloop
  endfacet
  facet normal -1 0 0
    outer loop
      vertex -66 17.1 114
      vertex -66 20.7 114
      vertex -66 17.1 6
    endloop
  endfacet
  facet normal -1 0 0
    outer loop
      vertex -66 17.1 114
      vertex -66 60 127.2
      vertex -66 20.7 114
    endloop
  endfacet
  facet normal -1 0 0
    outer loop
      vertex -66 15.3 114
      vertex -66 60 127.2
      vertex -66 17.1 114
    endloop
  endfacet
  facet normal -1 0 0
    outer loop
      vertex -66 11.7 114
      vertex -66 15.3 114
      vertex -66 11.7 6
    endloop
  endfacet
  facet normal -1 0 0
    outer loop
      vertex -66 11.7 114
      vertex -66 60 127.2
      vertex -66 15.3 114
    endloop
  endfacet
  facet normal -1 0 0
    outer loop
      vertex -66 9.9 114
      vertex -66 60 127.2
      vertex -66 11.7 114
    endloop
  endfacet
  facet normal -1 0 0
    outer loop
      vertex -66 6.3 114
      vertex -66 9.9 114
      vertex -66 6.3 6
    endloop
  endfacet
  facet normal -1 0 0
    outer loop
      vertex -66 6.3 114
      vertex -66 60 127.2
      vertex -66 9.9 114
    endloop
  endfacet
  facet normal -1 0 0
    outer loop
      vertex -66 4.5 114
      vertex -66 60 127.2
      vertex -66 6.3 114
    endloop
  endfacet
  facet normal -1 0 0
    outer loop
      vertex -66 0.9 114
      vertex -66 4.5 114
      vertex -66 0.9 6
    endloop
  endfacet
  facet normal -1 0 0
    outer loop
      vertex -66 0.9 114
      vertex -66 60 127.2
      vertex -66 4.5 114
    endloop
  endfacet
  facet normal -1 0 0
    outer loop
      vertex -66 -0.9 114
      vertex -66 60 127.2
      vertex -66 0.9 114
    endloop
  endfacet
  facet normal -1 0 0
    outer loop
      vertex -66 -4.5 114
      vertex -66 -0.9 114
      vertex -66 -4.5 6
    endloop
  endfacet
  facet normal -1 0 0
    outer loop
      vertex -66 -60 127.2
      vertex -66 -0.9 114
      vertex -66 -4.5 114
    endloop
  endfacet
  facet normal -1 0 0
    outer loop
      vertex -66 -60 127.2
      vertex -66 -4.5 114
      vertex -66 -6.3 114
    endloop
  endfacet
  facet normal -1 0 0
    outer loop
      vertex -66 -9.9 114
      vertex -66 -6.3 114
      vertex -66 -9.9 6
    endloop
  endfacet
  facet normal -1 0 0
    outer loop
      vertex -66 -60 127.2
      vertex -66 -6.3 114
      vertex -66 -9.9 114
    endloop
  endfacet
  facet normal -1 0 0
    outer loop
      vertex -66 -60 127.2
      vertex -66 -9.9 114
      vertex -66 -11.7 114
    endloop
  endfacet
  facet normal -1 0 0
    outer loop
      vertex -66 -15.3 114
      vertex -66 -11.7 114
      vertex -66 -15.3 6
    endloop
  endfacet
  facet normal -1 0 0
    outer loop
      vertex -66 -60 127.2
      vertex -66 -11.7 114
      vertex -66 -15.3 114
    endloop
  endfacet
  facet normal -1 0 0
    outer loop
      vertex -66 -60 127.2
      vertex -66 -15.3 114
      vertex -66 -17.1 114
    endloop
  endfacet
  facet normal -1 0 0
    outer loop
      vertex -66 -20.7 114
      vertex -66 -17.1 114
      vertex -66 -20.7 6
    endloop
  endfacet
  facet normal -1 0 0
    outer loop
      vertex -66 -60 127.2
      vertex -66 -17.1 114
      vertex -66 -20.7 114
    endloop
  endfacet
  facet normal -1 0 0
    outer loop
      vertex -66 -60 127.2
      vertex -66 -20.7 114
      vertex -66 -22.5 114
    endloop
  endfacet
  facet normal -1 0 0
    outer loop
      vertex -66 -26.1 114
      vertex -66 -22.5 114
      vertex -66 -26.1 6
    endloop
  endfacet
  facet normal -1 0 0
    outer loop
      vertex -66 -60 127.2
      vertex -66 -22.5 114
      vertex -66 -26.1 114
    endloop
  endfacet
  facet normal -1 0 0
    outer loop
      vertex -66 -60 127.2
      vertex -66 -26.1 114
      vertex -66 -27.9 114
    endloop
  endfacet
  facet normal -1 0 0
    outer loop
      vertex -66 -31.5 114
      vertex -66 -27.9 114
      vertex -66 -31.5 6
    endloop
  endfacet
  facet normal -1 0 0
    outer loop
      vertex -66 -60 127.2
      vertex -66 -27.9 114
      vertex -66 -31.5 114
    endloop
  endfacet
  facet normal -1 0 0
    outer loop
      vertex -66 -60 127.2
      vertex -66 -31.5 114
      vertex -66 -33.3 114
    endloop
  endfacet
  facet normal -1 0 0
    outer loop
      vertex -66 -36.9 114
      vertex -66 -33.3 114
      vertex -66 -36.9 6
    endloop
  endfacet
  facet normal -1 0 0
    outer loop
      vertex -66 -60 127.2
      vertex -66 -33.3 114
      vertex -66 -36.9 114
    endloop
  endfacet
  facet normal -1 0 0
    outer loop
      vertex -66 -60 127.2
      vertex -66 -36.9 114
      vertex -66 -38.7 114
    endloop
  endfacet
  facet normal -1 0 0
    outer loop
      vertex -66 -42.3 114
      vertex -66 -38.7 114
      vertex -66 -42.3 6
    endloop
  endfacet
  facet normal -1 0 0
    outer loop
      vertex -66 -60 127.2
      vertex -66 -38.7 114
      vertex -66 -42.3 114
    endloop
  endfacet
  facet normal -1 0 0
    outer loop
      vertex -66 -60 127.2
      vertex -66 -42.3 114
      vertex -66 -44.1 114
    endloop
  endfacet
  facet normal -1 0 0
    outer loop
      vertex -66 -47.7 114
      vertex -66 -44.1 114
      vertex -66 -47.7 6
    endloop
  endfacet
  facet normal -1 0 0
    outer loop
      vertex -66 -60 127.2
      vertex -66 -44.1 114
      vertex -66 -47.7 114
    endloop
  endfacet
  facet normal -1 0 0
    outer loop
      vertex -66 -60 127.2
      vertex -66 -47.7 114
      vertex -66 -49.5 114
    endloop
  endfacet
  facet normal -1 0 0
    outer loop
      vertex -66 -53.1 114
      vertex -66 -49.5 114
      vertex -66 -53.1 6
    endloop
  endfacet
  facet normal -1 0 0
    outer loop
      vertex -66 -60 127.2
      vertex -66 -49.5 114
      vertex -66 -53.1 114
    endloop
  endfacet
  facet normal -1 0 0
    outer loop
      vertex -66 -60 127.2
      vertex -66 -53.1 114
      vertex -66 -54.9 114
    endloop
  endfacet
  facet normal -1 0 0
    outer loop
      vertex -66 -0.9 114
      vertex -66 -60 127.2
      vertex -66 60 127.2
    endloop
  endfacet
  facet normal -1 0 0
    outer loop
      vertex -66 -60 127.2
      vertex -66 -54.9 114
      vertex -66 -60 0
    endloop
  endfacet
  facet normal -0.6717 0.740823 0
    outer loop
      vertex -63.8064 64.6381 0
      vertex -64.2426 64.2426 127.2
      vertex -63.8064 64.6381 127.2
    endloop
  endfacet
  facet normal -0.6717 0.740823 0
    outer loop
      vertex -64.2426 64.2426 127.2
      vertex -63.8064 64.6381 0
      vertex -64.2426 64.2426 0
    endloop
  endfacet
  facet normal -0.857718 -0.514121 0
    outer loop
      vertex -64.9888 -63.3334 0
      vertex -65.2915 -62.8284 127.2
      vertex -65.2915 -62.8284 0
    endloop
  endfacet
  facet normal -0.857718 -0.514121 0
    outer loop
      vertex -65.2915 -62.8284 127.2
      vertex -64.9888 -63.3334 0
      vertex -64.9888 -63.3334 127.2
    endloop
  endfacet
  facet normal 0.146746 0.989174 -0
    outer loop
      vertex 61.1705 65.8847 0
      vertex 60.5881 65.9711 127.2
      vertex 61.1705 65.8847 127.2
    endloop
  endfacet
  facet normal 0.146746 0.989174 0
    outer loop
      vertex 60.5881 65.9711 127.2
      vertex 61.1705 65.8847 0
      vertex 60.5881 65.9711 0
    endloop
  endfacet
  facet normal 0.243015 0.970023 -0
    outer loop
      vertex 61.7417 65.7416 0
      vertex 61.1705 65.8847 127.2
      vertex 61.7417 65.7416 127.2
    endloop
  endfacet
  facet normal 0.243015 0.970023 0
    outer loop
      vertex 61.1705 65.8847 127.2
      vertex 61.7417 65.7416 0
      vertex 61.1705 65.8847 0
    endloop
  endfacet
  facet normal 0.427612 0.903962 -0
    outer loop
      vertex 62.8284 65.2915 0
      vertex 62.2961 65.5433 127.2
      vertex 62.8284 65.2915 127.2
    endloop
  endfacet
  facet normal 0.427612 0.903962 0
    outer loop
      vertex 62.2961 65.5433 127.2
      vertex 62.8284 65.2915 0
      vertex 62.2961 65.5433 0
    endloop
  endfacet
  facet normal -0.903962 0.427612 0
    outer loop
      vertex -65.5433 62.2961 0
      vertex -65.2915 62.8284 127.2
      vertex -65.2915 62.8284 0
    endloop
  endfacet
  facet normal -0.903962 0.427612 0
    outer loop
      vertex -65.2915 62.8284 127.2
      vertex -65.5433 62.2961 0
      vertex -65.5433 62.2961 127.2
    endloop
  endfacet
  facet normal 0.903962 0.427612 0
    outer loop
      vertex 65.5433 62.2961 127.2
      vertex 65.2915 62.8284 0
      vertex 65.2915 62.8284 127.2
    endloop
  endfacet
  facet normal 0.903962 0.427612 0
    outer loop
      vertex 65.2915 62.8284 0
      vertex 65.5433 62.2961 127.2
      vertex 65.5433 62.2961 0
    endloop
  endfacet
  facet normal 0.803289 -0.595589 0
    outer loop
      vertex 64.6381 -63.8064 127.2
      vertex 64.9888 -63.3334 0
      vertex 64.9888 -63.3334 127.2
    endloop
  endfacet
  facet normal 0.803289 -0.595589 0
    outer loop
      vertex 64.9888 -63.3334 0
      vertex 64.6381 -63.8064 127.2
      vertex 64.6381 -63.8064 0
    endloop
  endfacet
  facet normal 0.998795 0.0490821 0
    outer loop
      vertex 66 60 127.2
      vertex 65.9711 60.5881 0
      vertex 65.9711 60.5881 127.2
    endloop
  endfacet
  facet normal 0.998795 0.0490821 0
    outer loop
      vertex 65.9711 60.5881 0
      vertex 66 60 127.2
      vertex 66 60 0
    endloop
  endfacet
  facet normal 0.803289 0.595589 0
    outer loop
      vertex 64.9888 63.3334 127.2
      vertex 64.6381 63.8064 0
      vertex 64.6381 63.8064 127.2
    endloop
  endfacet
  facet normal 0.803289 0.595589 0
    outer loop
      vertex 64.6381 63.8064 0
      vertex 64.9888 63.3334 127.2
      vertex 64.9888 63.3334 0
    endloop
  endfacet
  facet normal 0.336788 -0.94158 0
    outer loop
      vertex 61.7417 -65.7416 0
      vertex 62.2961 -65.5433 127.2
      vertex 61.7417 -65.7416 127.2
    endloop
  endfacet
  facet normal 0.336788 -0.94158 0
    outer loop
      vertex 62.2961 -65.5433 127.2
      vertex 61.7417 -65.7416 0
      vertex 62.2961 -65.5433 0
    endloop
  endfacet
  facet normal -0.857718 0.514121 0
    outer loop
      vertex -65.2915 62.8284 0
      vertex -64.9888 63.3334 127.2
      vertex -64.9888 63.3334 0
    endloop
  endfacet
  facet normal -0.857718 0.514121 0
    outer loop
      vertex -64.9888 63.3334 127.2
      vertex -65.2915 62.8284 0
      vertex -65.2915 62.8284 127.2
    endloop
  endfacet
  facet normal -0.998795 0.0490821 0
    outer loop
      vertex -66 60 0
      vertex -65.9711 60.5881 127.2
      vertex -65.9711 60.5881 0
    endloop
  endfacet
  facet normal -0.998795 0.0490821 0
    outer loop
      vertex -65.9711 60.5881 127.2
      vertex -66 60 0
      vertex -66 60 127.2
    endloop
  endfacet
  facet normal -0.803289 0.595589 0
    outer loop
      vertex -64.9888 63.3334 0
      vertex -64.6381 63.8064 127.2
      vertex -64.6381 63.8064 0
    endloop
  endfacet
  facet normal -0.803289 0.595589 0
    outer loop
      vertex -64.6381 63.8064 127.2
      vertex -64.9888 63.3334 0
      vertex -64.9888 63.3334 127.2
    endloop
  endfacet
  facet normal -0.146746 0.989174 0
    outer loop
      vertex -60.5881 65.9711 0
      vertex -61.1705 65.8847 127.2
      vertex -60.5881 65.9711 127.2
    endloop
  endfacet
  facet normal -0.146746 0.989174 0
    outer loop
      vertex -61.1705 65.8847 127.2
      vertex -60.5881 65.9711 0
      vertex -61.1705 65.8847 0
    endloop
  endfacet
  facet normal 0.243015 -0.970023 0
    outer loop
      vertex 61.1705 -65.8847 0
      vertex 61.7417 -65.7416 127.2
      vertex 61.1705 -65.8847 127.2
    endloop
  endfacet
  facet normal 0.243015 -0.970023 0
    outer loop
      vertex 61.7417 -65.7416 127.2
      vertex 61.1705 -65.8847 0
      vertex 61.7417 -65.7416 0
    endloop
  endfacet
  facet normal -0.989174 -0.146746 0
    outer loop
      vertex -65.8847 -61.1705 0
      vertex -65.9711 -60.5881 127.2
      vertex -65.9711 -60.5881 0
    endloop
  endfacet
  facet normal -0.989174 -0.146746 0
    outer loop
      vertex -65.9711 -60.5881 127.2
      vertex -65.8847 -61.1705 0
      vertex -65.8847 -61.1705 127.2
    endloop
  endfacet
  facet normal 0.514121 -0.857718 0
    outer loop
      vertex 62.8284 -65.2915 0
      vertex 63.3334 -64.9888 127.2
      vertex 62.8284 -65.2915 127.2
    endloop
  endfacet
  facet normal 0.514121 -0.857718 0
    outer loop
      vertex 63.3334 -64.9888 127.2
      vertex 62.8284 -65.2915 0
      vertex 63.3334 -64.9888 0
    endloop
  endfacet
  facet normal -0.336788 -0.94158 0
    outer loop
      vertex -62.2961 -65.5433 0
      vertex -61.7417 -65.7416 127.2
      vertex -62.2961 -65.5433 127.2
    endloop
  endfacet
  facet normal -0.336788 -0.94158 -0
    outer loop
      vertex -61.7417 -65.7416 127.2
      vertex -62.2961 -65.5433 0
      vertex -61.7417 -65.7416 0
    endloop
  endfacet
  facet normal 0.427612 -0.903962 0
    outer loop
      vertex 62.2961 -65.5433 0
      vertex 62.8284 -65.2915 127.2
      vertex 62.2961 -65.5433 127.2
    endloop
  endfacet
  facet normal 0.427612 -0.903962 0
    outer loop
      vertex 62.8284 -65.2915 127.2
      vertex 62.2961 -65.5433 0
      vertex 62.8284 -65.2915 0
    endloop
  endfacet
  facet normal 0.989174 -0.146746 0
    outer loop
      vertex 65.8847 -61.1705 127.2
      vertex 65.9711 -60.5881 0
      vertex 65.9711 -60.5881 127.2
    endloop
  endfacet
  facet normal 0.989174 -0.146746 0
    outer loop
      vertex 65.9711 -60.5881 0
      vertex 65.8847 -61.1705 127.2
      vertex 65.8847 -61.1705 0
    endloop
  endfacet
  facet normal -0.740823 -0.6717 0
    outer loop
      vertex -64.2426 -64.2426 0
      vertex -64.6381 -63.8064 127.2
      vertex -64.6381 -63.8064 0
    endloop
  endfacet
  facet normal -0.740823 -0.6717 0
    outer loop
      vertex -64.6381 -63.8064 127.2
      vertex -64.2426 -64.2426 0
      vertex -64.2426 -64.2426 127.2
    endloop
  endfacet
  facet normal 0.94158 0.336788 0
    outer loop
      vertex 65.7416 61.7417 127.2
      vertex 65.5433 62.2961 0
      vertex 65.5433 62.2961 127.2
    endloop
  endfacet
  facet normal 0.94158 0.336788 0
    outer loop
      vertex 65.5433 62.2961 0
      vertex 65.7416 61.7417 127.2
      vertex 65.7416 61.7417 0
    endloop
  endfacet
  facet normal -0.970023 0.243015 0
    outer loop
      vertex -65.8847 61.1705 0
      vertex -65.7416 61.7417 127.2
      vertex -65.7416 61.7417 0
    endloop
  endfacet
  facet normal -0.970023 0.243015 0
    outer loop
      vertex -65.7416 61.7417 127.2
      vertex -65.8847 61.1705 0
      vertex -65.8847 61.1705 127.2
    endloop
  endfacet
  facet normal 0.857718 -0.514121 0
    outer loop
      vertex 64.9888 -63.3334 127.2
      vertex 65.2915 -62.8284 0
      vertex 65.2915 -62.8284 127.2
    endloop
  endfacet
  facet normal 0.857718 -0.514121 0
    outer loop
      vertex 65.2915 -62.8284 0
      vertex 64.9888 -63.3334 127.2
      vertex 64.9888 -63.3334 0
    endloop
  endfacet
  facet normal 0.989174 0.146746 0
    outer loop
      vertex 65.9711 60.5881 127.2
      vertex 65.8847 61.1705 0
      vertex 65.8847 61.1705 127.2
    endloop
  endfacet
  facet normal 0.989174 0.146746 0
    outer loop
      vertex 65.8847 61.1705 0
      vertex 65.9711 60.5881 127.2
      vertex 65.9711 60.5881 0
    endloop
  endfacet
  facet normal 0.514121 0.857718 -0
    outer loop
      vertex 63.3334 64.9888 0
      vertex 62.8284 65.2915 127.2
      vertex 63.3334 64.9888 127.2
    endloop
  endfacet
  facet normal 0.514121 0.857718 0
    outer loop
      vertex 62.8284 65.2915 127.2
      vertex 63.3334 64.9888 0
      vertex 62.8284 65.2915 0
    endloop
  endfacet
  facet normal -0.514121 0.857718 0
    outer loop
      vertex -62.8284 65.2915 0
      vertex -63.3334 64.9888 127.2
      vertex -62.8284 65.2915 127.2
    endloop
  endfacet
  facet normal -0.514121 0.857718 0
    outer loop
      vertex -63.3334 64.9888 127.2
      vertex -62.8284 65.2915 0
      vertex -63.3334 64.9888 0
    endloop
  endfacet
  facet normal 0.740823 0.6717 0
    outer loop
      vertex 64.6381 63.8064 127.2
      vertex 64.2426 64.2426 0
      vertex 64.2426 64.2426 127.2
    endloop
  endfacet
  facet normal 0.740823 0.6717 0
    outer loop
      vertex 64.2426 64.2426 0
      vertex 64.6381 63.8064 127.2
      vertex 64.6381 63.8064 0
    endloop
  endfacet
  facet normal -0.427612 -0.903962 0
    outer loop
      vertex -62.8284 -65.2915 0
      vertex -62.2961 -65.5433 127.2
      vertex -62.8284 -65.2915 127.2
    endloop
  endfacet
  facet normal -0.427612 -0.903962 -0
    outer loop
      vertex -62.2961 -65.5433 127.2
      vertex -62.8284 -65.2915 0
      vertex -62.2961 -65.5433 0
    endloop
  endfacet
  facet normal -0.146746 -0.989174 0
    outer loop
      vertex -61.1705 -65.8847 0
      vertex -60.5881 -65.9711 127.2
      vertex -61.1705 -65.8847 127.2
    endloop
  endfacet
  facet normal -0.146746 -0.989174 -0
    outer loop
      vertex -60.5881 -65.9711 127.2
      vertex -61.1705 -65.8847 0
      vertex -60.5881 -65.9711 0
    endloop
  endfacet
  facet normal 0.970023 -0.243015 0
    outer loop
      vertex 65.7416 -61.7417 127.2
      vertex 65.8847 -61.1705 0
      vertex 65.8847 -61.1705 127.2
    endloop
  endfacet
  facet normal 0.970023 -0.243015 0
    outer loop
      vertex 65.8847 -61.1705 0
      vertex 65.7416 -61.7417 127.2
      vertex 65.7416 -61.7417 0
    endloop
  endfacet
  facet normal 0.857718 0.514121 0
    outer loop
      vertex 65.2915 62.8284 127.2
      vertex 64.9888 63.3334 0
      vertex 64.9888 63.3334 127.2
    endloop
  endfacet
  facet normal 0.857718 0.514121 0
    outer loop
      vertex 64.9888 63.3334 0
      vertex 65.2915 62.8284 127.2
      vertex 65.2915 62.8284 0
    endloop
  endfacet
  facet normal -0.514121 -0.857718 0
    outer loop
      vertex -63.3334 -64.9888 0
      vertex -62.8284 -65.2915 127.2
      vertex -63.3334 -64.9888 127.2
    endloop
  endfacet
  facet normal -0.514121 -0.857718 -0
    outer loop
      vertex -62.8284 -65.2915 127.2
      vertex -63.3334 -64.9888 0
      vertex -62.8284 -65.2915 0
    endloop
  endfacet
  facet normal 0.595589 -0.803289 0
    outer loop
      vertex 63.3334 -64.9888 0
      vertex 63.8064 -64.6381 127.2
      vertex 63.3334 -64.9888 127.2
    endloop
  endfacet
  facet normal 0.595589 -0.803289 0
    outer loop
      vertex 63.8064 -64.6381 127.2
      vertex 63.3334 -64.9888 0
      vertex 63.8064 -64.6381 0
    endloop
  endfacet
  facet normal -0.803289 -0.595589 0
    outer loop
      vertex -64.6381 -63.8064 0
      vertex -64.9888 -63.3334 127.2
      vertex -64.9888 -63.3334 0
    endloop
  endfacet
  facet normal -0.803289 -0.595589 0
    outer loop
      vertex -64.9888 -63.3334 127.2
      vertex -64.6381 -63.8064 0
      vertex -64.6381 -63.8064 127.2
    endloop
  endfacet
  facet normal 0.595589 0.803289 -0
    outer loop
      vertex 63.8064 64.6381 0
      vertex 63.3334 64.9888 127.2
      vertex 63.8064 64.6381 127.2
    endloop
  endfacet
  facet normal 0.595589 0.803289 0
    outer loop
      vertex 63.3334 64.9888 127.2
      vertex 63.8064 64.6381 0
      vertex 63.3334 64.9888 0
    endloop
  endfacet
  facet normal -0.989174 0.146746 0
    outer loop
      vertex -65.9711 60.5881 0
      vertex -65.8847 61.1705 127.2
      vertex -65.8847 61.1705 0
    endloop
  endfacet
  facet normal -0.989174 0.146746 0
    outer loop
      vertex -65.8847 61.1705 127.2
      vertex -65.9711 60.5881 0
      vertex -65.9711 60.5881 127.2
    endloop
  endfacet
  facet normal 0.0490821 0.998795 -0
    outer loop
      vertex 60.5881 65.9711 0
      vertex 60 66 127.2
      vertex 60.5881 65.9711 127.2
    endloop
  endfacet
  facet normal 0.0490821 0.998795 0
    outer loop
      vertex 60 66 127.2
      vertex 60.5881 65.9711 0
      vertex 60 66 0
    endloop
  endfacet
  facet normal -0.6717 -0.740823 0
    outer loop
      vertex -64.2426 -64.2426 0
      vertex -63.8064 -64.6381 127.2
      vertex -64.2426 -64.2426 127.2
    endloop
  endfacet
  facet normal -0.6717 -0.740823 -0
    outer loop
      vertex -63.8064 -64.6381 127.2
      vertex -64.2426 -64.2426 0
      vertex -63.8064 -64.6381 0
    endloop
  endfacet
  facet normal 0.903962 -0.427612 0
    outer loop
      vertex 65.2915 -62.8284 127.2
      vertex 65.5433 -62.2961 0
      vertex 65.5433 -62.2961 127.2
    endloop
  endfacet
  facet normal 0.903962 -0.427612 0
    outer loop
      vertex 65.5433 -62.2961 0
      vertex 65.2915 -62.8284 127.2
      vertex 65.2915 -62.8284 0
    endloop
  endfacet
  facet normal -0.595589 -0.803289 0
    outer loop
      vertex -63.8064 -64.6381 0
      vertex -63.3334 -64.9888 127.2
      vertex -63.8064 -64.6381 127.2
    endloop
  endfacet
  facet normal -0.595589 -0.803289 -0
    outer loop
      vertex -63.3334 -64.9888 127.2
      vertex -63.8064 -64.6381 0
      vertex -63.3334 -64.9888 0
    endloop
  endfacet
  facet normal 0.0490821 -0.998795 0
    outer loop
      vertex 60 -66 0
      vertex 60.5881 -65.9711 127.2
      vertex 60 -66 127.2
    endloop
  endfacet
  facet normal 0.0490821 -0.998795 0
    outer loop
      vertex 60.5881 -65.9711 127.2
      vertex 60 -66 0
      vertex 60.5881 -65.9711 0
    endloop
  endfacet
  facet normal 0.94158 -0.336788 0
    outer loop
      vertex 65.5433 -62.2961 127.2
      vertex 65.7416 -61.7417 0
      vertex 65.7416 -61.7417 127.2
    endloop
  endfacet
  facet normal 0.94158 -0.336788 0
    outer loop
      vertex 65.7416 -61.7417 0
      vertex 65.5433 -62.2961 127.2
      vertex 65.5433 -62.2961 0
    endloop
  endfacet
  facet normal 0.6717 0.740823 -0
    outer loop
      vertex 64.2426 64.2426 0
      vertex 63.8064 64.6381 127.2
      vertex 64.2426 64.2426 127.2
    endloop
  endfacet
  facet normal 0.6717 0.740823 0
    outer loop
      vertex 63.8064 64.6381 127.2
      vertex 64.2426 64.2426 0
      vertex 63.8064 64.6381 0
    endloop
  endfacet
  facet normal -0.243015 -0.970023 0
    outer loop
      vertex -61.7417 -65.7416 0
      vertex -61.1705 -65.8847 127.2
      vertex -61.7417 -65.7416 127.2
    endloop
  endfacet
  facet normal -0.243015 -0.970023 -0
    outer loop
      vertex -61.1705 -65.8847 127.2
      vertex -61.7417 -65.7416 0
      vertex -61.1705 -65.8847 0
    endloop
  endfacet
  facet normal 0.6717 -0.740823 0
    outer loop
      vertex 63.8064 -64.6381 0
      vertex 64.2426 -64.2426 127.2
      vertex 63.8064 -64.6381 127.2
    endloop
  endfacet
  facet normal 0.6717 -0.740823 0
    outer loop
      vertex 64.2426 -64.2426 127.2
      vertex 63.8064 -64.6381 0
      vertex 64.2426 -64.2426 0
    endloop
  endfacet
  facet normal -0.336788 0.94158 0
    outer loop
      vertex -61.7417 65.7416 0
      vertex -62.2961 65.5433 127.2
      vertex -61.7417 65.7416 127.2
    endloop
  endfacet
  facet normal -0.336788 0.94158 0
    outer loop
      vertex -62.2961 65.5433 127.2
      vertex -61.7417 65.7416 0
      vertex -62.2961 65.5433 0
    endloop
  endfacet
  facet normal 0 0 -1
    outer loop
      vertex -60 -63.6 0
      vertex -9 -66 0
      vertex -60 -66 0
    endloop
  endfacet
  facet normal 0 0 -1
    outer loop
      vertex -9 -66 0
      vertex -60 -63.6 0
      vertex -8.95666 -65.1178 0
    endloop
  endfacet
  facet normal 0 0 -1
    outer loop
      vertex -8.95666 -65.1178 0
      vertex -60 -63.6 0
      vertex -8.82707 -64.2442 0
    endloop
  endfacet
  facet normal 0 0 -1
    outer loop
      vertex -8.82707 -64.2442 0
      vertex -60 -63.6 0
      vertex -8.6657 -63.6 0
    endloop
  endfacet
  facet normal 0 0 -1
    outer loop
      vertex -60 -66 0
      vertex -60.3529 -63.5827 0
      vertex -60 -63.6 0
    endloop
  endfacet
  facet normal 0 0 -1
    outer loop
      vertex -60.5881 -65.9711 0
      vertex -60.3529 -63.5827 0
      vertex -60 -66 0
    endloop
  endfacet
  facet normal 0 0 -1
    outer loop
      vertex -60.5881 -65.9711 0
      vertex -60.7023 -63.5308 0
      vertex -60.3529 -63.5827 0
    endloop
  endfacet
  facet normal 0 0 -1
    outer loop
      vertex -61.1705 -65.8847 0
      vertex -60.7023 -63.5308 0
      vertex -60.5881 -65.9711 0
    endloop
  endfacet
  facet normal -0 0 -1
    outer loop
      vertex -60.7023 -63.5308 0
      vertex -61.1705 -65.8847 0
      vertex -61.045 -63.445 0
    endloop
  endfacet
  facet normal 0 0 -1
    outer loop
      vertex -61.7417 -65.7416 0
      vertex -61.045 -63.445 0
      vertex -61.1705 -65.8847 0
    endloop
  endfacet
  facet normal -0 0 -1
    outer loop
      vertex -61.045 -63.445 0
      vertex -61.7417 -65.7416 0
      vertex -61.3777 -63.326 0
    endloop
  endfacet
  facet normal 0 0 -1
    outer loop
      vertex -62.2961 -65.5433 0
      vertex -61.3777 -63.326 0
      vertex -61.7417 -65.7416 0
    endloop
  endfacet
  facet normal -0 0 -1
    outer loop
      vertex -61.3777 -63.326 0
      vertex -62.2961 -65.5433 0
      vertex -61.697 -63.1749 0
    endloop
  endfacet
  facet normal 0 0 -1
    outer loop
      vertex -62.8284 -65.2915 0
      vertex -61.697 -63.1749 0
      vertex -62.2961 -65.5433 0
    endloop
  endfacet
  facet normal -0 0 -1
    outer loop
      vertex -61.697 -63.1749 0
      vertex -62.8284 -65.2915 0
      vertex -62 -62.9933 0
    endloop
  endfacet
  facet normal 0 0 -1
    outer loop
      vertex -63.3334 -64.9888 0
      vertex -62 -62.9933 0
      vertex -62.8284 -65.2915 0
    endloop
  endfacet
  facet normal -0 0 -1
    outer loop
      vertex -62 -62.9933 0
      vertex -63.3334 -64.9888 0
      vertex -62.2838 -62.7828 0
    endloop
  endfacet
  facet normal 0 0 -1
    outer loop
      vertex -63.8064 -64.6381 0
      vertex -62.2838 -62.7828 0
      vertex -63.3334 -64.9888 0
    endloop
  endfacet
  facet normal -0 0 -1
    outer loop
      vertex -62.2838 -62.7828 0
      vertex -63.8064 -64.6381 0
      vertex -62.5456 -62.5456 0
    endloop
  endfacet
  facet normal 0 0 -1
    outer loop
      vertex -64.2426 -64.2426 0
      vertex -62.5456 -62.5456 0
      vertex -63.8064 -64.6381 0
    endloop
  endfacet
  facet normal -0 0 -1
    outer loop
      vertex -62.5456 -62.5456 0
      vertex -64.2426 -64.2426 0
      vertex -62.7828 -62.2838 0
    endloop
  endfacet
  facet normal 0 0 -1
    outer loop
      vertex -64.6381 -63.8064 0
      vertex -62.7828 -62.2838 0
      vertex -64.2426 -64.2426 0
    endloop
  endfacet
  facet normal -0 0 -1
    outer loop
      vertex -62.7828 -62.2838 0
      vertex -64.6381 -63.8064 0
      vertex -62.9933 -62 0
    endloop
  endfacet
  facet normal 0 0 -1
    outer loop
      vertex -64.9888 -63.3334 0
      vertex -62.9933 -62 0
      vertex -64.6381 -63.8064 0
    endloop
  endfacet
  facet normal -0 0 -1
    outer loop
      vertex -62.9933 -62 0
      vertex -64.9888 -63.3334 0
      vertex -63.1749 -61.697 0
    endloop
  endfacet
  facet normal 0 0 -1
    outer loop
      vertex -65.5433 -62.2961 0
      vertex -63.326 -61.3777 0
      vertex -65.2915 -62.8284 0
    endloop
  endfacet
  facet normal -0 0 -1
    outer loop
      vertex -63.1749 -61.697 0
      vertex -65.2915 -62.8284 0
      vertex -63.326 -61.3777 0
    endloop
  endfacet
  facet normal 0 0 -1
    outer loop
      vertex -65.2915 -62.8284 0
      vertex -63.1749 -61.697 0
      vertex -64.9888 -63.3334 0
    endloop
  endfacet
  facet normal 0 0 -1
    outer loop
      vertex -60 63.6 0
      vertex -8.82707 64.2442 0
      vertex -8.6657 63.6 0
    endloop
  endfacet
  facet normal 0 0 -1
    outer loop
      vertex -60 63.6 0
      vertex -8.95666 65.1178 0
      vertex -8.82707 64.2442 0
    endloop
  endfacet
  facet normal 0 0 -1
    outer loop
      vertex -60 63.6 0
      vertex -9 66 0
      vertex -8.95666 65.1178 0
    endloop
  endfacet
  facet normal 0 0 -1
    outer loop
      vertex -60 63.6 0
      vertex -60 66 0
      vertex -9 66 0
    endloop
  endfacet
  facet normal 0 0 -1
    outer loop
      vertex -60.3529 63.5827 0
      vertex -60 66 0
      vertex -60 63.6 0
    endloop
  endfacet
  facet normal 0 0 -1
    outer loop
      vertex -60.3529 63.5827 0
      vertex -60.5881 65.9711 0
      vertex -60 66 0
    endloop
  endfacet
  facet normal 0 0 -1
    outer loop
      vertex -60.7023 63.5308 0
      vertex -60.5881 65.9711 0
      vertex -60.3529 63.5827 0
    endloop
  endfacet
  facet normal 0 0 -1
    outer loop
      vertex -61.1705 65.8847 0
      vertex -60.7023 63.5308 0
      vertex -61.045 63.445 0
    endloop
  endfacet
  facet normal 0 0 -1
    outer loop
      vertex -60.7023 63.5308 0
      vertex -61.1705 65.8847 0
      vertex -60.5881 65.9711 0
    endloop
  endfacet
  facet normal 0 0 -1
    outer loop
      vertex -61.7417 65.7416 0
      vertex -61.045 63.445 0
      vertex -61.3777 63.326 0
    endloop
  endfacet
  facet normal 0 0 -1
    outer loop
      vertex -62.2961 65.5433 0
      vertex -61.3777 63.326 0
      vertex -61.697 63.1749 0
    endloop
  endfacet
  facet normal 0 0 -1
    outer loop
      vertex -61.045 63.445 0
      vertex -61.7417 65.7416 0
      vertex -61.1705 65.8847 0
    endloop
  endfacet
  facet normal 0 0 -1
    outer loop
      vertex -62.8284 65.2915 0
      vertex -61.697 63.1749 0
      vertex -62 62.9933 0
    endloop
  endfacet
  facet normal 0 0 -1
    outer loop
      vertex -63.3334 64.9888 0
      vertex -62 62.9933 0
      vertex -62.2838 62.7828 0
    endloop
  endfacet
  facet normal 0 0 -1
    outer loop
      vertex -61.3777 63.326 0
      vertex -62.2961 65.5433 0
      vertex -61.7417 65.7416 0
    endloop
  endfacet
  facet normal 0 0 -1
    outer loop
      vertex -63.8064 64.6381 0
      vertex -62.2838 62.7828 0
      vertex -62.5456 62.5456 0
    endloop
  endfacet
  facet normal 0 0 -1
    outer loop
      vertex -64.2426 64.2426 0
      vertex -62.5456 62.5456 0
      vertex -62.7828 62.2838 0
    endloop
  endfacet
  facet normal 0 0 -1
    outer loop
      vertex -61.697 63.1749 0
      vertex -62.8284 65.2915 0
      vertex -62.2961 65.5433 0
    endloop
  endfacet
  facet normal 0 0 -1
    outer loop
      vertex -64.6381 63.8064 0
      vertex -62.7828 62.2838 0
      vertex -62.9933 62 0
    endloop
  endfacet
  facet normal 0 0 -1
    outer loop
      vertex -64.9888 63.3334 0
      vertex -62.9933 62 0
      vertex -63.1749 61.697 0
    endloop
  endfacet
  facet normal 0 0 -1
    outer loop
      vertex -65.2915 62.8284 0
      vertex -63.1749 61.697 0
      vertex -63.326 61.3777 0
    endloop
  endfacet
  facet normal 0 0 -1
    outer loop
      vertex -62 62.9933 0
      vertex -63.3334 64.9888 0
      vertex -62.8284 65.2915 0
    endloop
  endfacet
  facet normal 0 0 -1
    outer loop
      vertex -65.5433 62.2961 0
      vertex -63.326 61.3777 0
      vertex -63.445 61.045 0
    endloop
  endfacet
  facet normal 0 0 -1
    outer loop
      vertex -65.7416 61.7417 0
      vertex -63.445 61.045 0
      vertex -63.5308 60.7023 0
    endloop
  endfacet
  facet normal 0 0 -1
    outer loop
      vertex -65.8847 61.1705 0
      vertex -63.5308 60.7023 0
      vertex -63.5827 60.3529 0
    endloop
  endfacet
  facet normal 0 0 -1
    outer loop
      vertex -62.2838 62.7828 0
      vertex -63.8064 64.6381 0
      vertex -63.3334 64.9888 0
    endloop
  endfacet
  facet normal 0 0 -1
    outer loop
      vertex -65.9711 60.5881 0
      vertex -63.5827 60.3529 0
      vertex -63.6 60 0
    endloop
  endfacet
  facet normal 0 0 -1
    outer loop
      vertex -63.6 -60 0
      vertex -66 -60 0
      vertex -63.6 60 0
    endloop
  endfacet
  facet normal -0 0 -1
    outer loop
      vertex -63.326 -61.3777 0
      vertex -65.5433 -62.2961 0
      vertex -63.445 -61.045 0
    endloop
  endfacet
  facet normal 0 0 -1
    outer loop
      vertex -66 60 0
      vertex -63.6 60 0
      vertex -66 -60 0
    endloop
  endfacet
  facet normal 0 0 -1
    outer loop
      vertex -65.7416 -61.7417 0
      vertex -63.445 -61.045 0
      vertex -65.5433 -62.2961 0
    endloop
  endfacet
  facet normal 0 -0 -1
    outer loop
      vertex -65.9711 60.5881 0
      vertex -63.6 60 0
      vertex -66 60 0
    endloop
  endfacet
  facet normal -0 0 -1
    outer loop
      vertex -63.445 -61.045 0
      vertex -65.7416 -61.7417 0
      vertex -63.5308 -60.7023 0
    endloop
  endfacet
  facet normal 0 0 -1
    outer loop
      vertex -62.5456 62.5456 0
      vertex -64.2426 64.2426 0
      vertex -63.8064 64.6381 0
    endloop
  endfacet
  facet normal 0 0 -1
    outer loop
      vertex -65.8847 -61.1705 0
      vertex -63.5308 -60.7023 0
      vertex -65.7416 -61.7417 0
    endloop
  endfacet
  facet normal 0 0 -1
    outer loop
      vertex -62.7828 62.2838 0
      vertex -64.6381 63.8064 0
      vertex -64.2426 64.2426 0
    endloop
  endfacet
  facet normal -0 0 -1
    outer loop
      vertex -63.5308 -60.7023 0
      vertex -65.8847 -61.1705 0
      vertex -63.5827 -60.3529 0
    endloop
  endfacet
  facet normal 0 0 -1
    outer loop
      vertex -62.9933 62 0
      vertex -64.9888 63.3334 0
      vertex -64.6381 63.8064 0
    endloop
  endfacet
  facet normal 0 0 -1
    outer loop
      vertex -65.9711 -60.5881 0
      vertex -63.5827 -60.3529 0
      vertex -65.8847 -61.1705 0
    endloop
  endfacet
  facet normal 0 0 -1
    outer loop
      vertex -63.1749 61.697 0
      vertex -65.2915 62.8284 0
      vertex -64.9888 63.3334 0
    endloop
  endfacet
  facet normal -0 0 -1
    outer loop
      vertex -63.5827 -60.3529 0
      vertex -65.9711 -60.5881 0
      vertex -63.6 -60 0
    endloop
  endfacet
  facet normal 0 0 -1
    outer loop
      vertex -63.326 61.3777 0
      vertex -65.5433 62.2961 0
      vertex -65.2915 62.8284 0
    endloop
  endfacet
  facet normal -0 0 -1
    outer loop
      vertex -63.6 -60 0
      vertex -65.9711 -60.5881 0
      vertex -66 -60 0
    endloop
  endfacet
  facet normal 0 0 -1
    outer loop
      vertex -63.445 61.045 0
      vertex -65.7416 61.7417 0
      vertex -65.5433 62.2961 0
    endloop
  endfacet
  facet normal 0 0 -1
    outer loop
      vertex -63.5308 60.7023 0
      vertex -65.8847 61.1705 0
      vertex -65.7416 61.7417 0
    endloop
  endfacet
  facet normal 0 0 -1
    outer loop
      vertex -63.5827 60.3529 0
      vertex -65.9711 60.5881 0
      vertex -65.8847 61.1705 0
    endloop
  endfacet
  facet normal 0 0 -1
    outer loop
      vertex 63.6 -60 0
      vertex 66 -60 0
      vertex 65.9711 -60.5881 0
    endloop
  endfacet
  facet normal 0 0 -1
    outer loop
      vertex 66 -60 0
      vertex 63.6 -60 0
      vertex 66 60 0
    endloop
  endfacet
  facet normal 0 0 -1
    outer loop
      vertex 63.5827 -60.3529 0
      vertex 65.9711 -60.5881 0
      vertex 65.8847 -61.1705 0
    endloop
  endfacet
  facet normal 0 0 -1
    outer loop
      vertex 63.6 60 0
      vertex 66 60 0
      vertex 63.6 -60 0
    endloop
  endfacet
  facet normal 0 0 -1
    outer loop
      vertex 63.5308 -60.7023 0
      vertex 65.8847 -61.1705 0
      vertex 65.7416 -61.7417 0
    endloop
  endfacet
  facet normal 0 0 -1
    outer loop
      vertex 66 60 0
      vertex 63.6 60 0
      vertex 65.9711 60.5881 0
    endloop
  endfacet
  facet normal 0 0 -1
    outer loop
      vertex 63.445 -61.045 0
      vertex 65.7416 -61.7417 0
      vertex 65.5433 -62.2961 0
    endloop
  endfacet
  facet normal 0 0 -1
    outer loop
      vertex 63.5827 60.3529 0
      vertex 65.9711 60.5881 0
      vertex 63.6 60 0
    endloop
  endfacet
  facet normal 0 0 -1
    outer loop
      vertex 63.326 -61.3777 0
      vertex 65.5433 -62.2961 0
      vertex 65.2915 -62.8284 0
    endloop
  endfacet
  facet normal -0 0 -1
    outer loop
      vertex 65.9711 60.5881 0
      vertex 63.5827 60.3529 0
      vertex 65.8847 61.1705 0
    endloop
  endfacet
  facet normal 0 0 -1
    outer loop
      vertex 63.1749 -61.697 0
      vertex 65.2915 -62.8284 0
      vertex 64.9888 -63.3334 0
    endloop
  endfacet
  facet normal 0 0 -1
    outer loop
      vertex 63.5308 60.7023 0
      vertex 65.8847 61.1705 0
      vertex 63.5827 60.3529 0
    endloop
  endfacet
  facet normal 0 0 -1
    outer loop
      vertex 62.9933 -62 0
      vertex 64.9888 -63.3334 0
      vertex 64.6381 -63.8064 0
    endloop
  endfacet
  facet normal -0 0 -1
    outer loop
      vertex 65.8847 61.1705 0
      vertex 63.5308 60.7023 0
      vertex 65.7416 61.7417 0
    endloop
  endfacet
  facet normal 0 0 -1
    outer loop
      vertex 62.7828 -62.2838 0
      vertex 64.6381 -63.8064 0
      vertex 64.2426 -64.2426 0
    endloop
  endfacet
  facet normal 0 0 -1
    outer loop
      vertex 63.445 61.045 0
      vertex 65.7416 61.7417 0
      vertex 63.5308 60.7023 0
    endloop
  endfacet
  facet normal 0 0 -1
    outer loop
      vertex 62.5456 -62.5456 0
      vertex 64.2426 -64.2426 0
      vertex 63.8064 -64.6381 0
    endloop
  endfacet
  facet normal -0 0 -1
    outer loop
      vertex 65.7416 61.7417 0
      vertex 63.445 61.045 0
      vertex 65.5433 62.2961 0
    endloop
  endfacet
  facet normal 0 0 -1
    outer loop
      vertex 63.326 61.3777 0
      vertex 65.5433 62.2961 0
      vertex 63.445 61.045 0
    endloop
  endfacet
  facet normal 0 0 -1
    outer loop
      vertex 65.9711 -60.5881 0
      vertex 63.5827 -60.3529 0
      vertex 63.6 -60 0
    endloop
  endfacet
  facet normal 0 0 -1
    outer loop
      vertex 65.8847 -61.1705 0
      vertex 63.5308 -60.7023 0
      vertex 63.5827 -60.3529 0
    endloop
  endfacet
  facet normal 0 0 -1
    outer loop
      vertex 65.7416 -61.7417 0
      vertex 63.445 -61.045 0
      vertex 63.5308 -60.7023 0
    endloop
  endfacet
  facet normal 0 0 -1
    outer loop
      vertex 62.2838 -62.7828 0
      vertex 63.8064 -64.6381 0
      vertex 63.3334 -64.9888 0
    endloop
  endfacet
  facet normal 0 0 -1
    outer loop
      vertex 65.5433 -62.2961 0
      vertex 63.326 -61.3777 0
      vertex 63.445 -61.045 0
    endloop
  endfacet
  facet normal 0 0 -1
    outer loop
      vertex 65.2915 -62.8284 0
      vertex 63.1749 -61.697 0
      vertex 63.326 -61.3777 0
    endloop
  endfacet
  facet normal 0 0 -1
    outer loop
      vertex 64.9888 -63.3334 0
      vertex 62.9933 -62 0
      vertex 63.1749 -61.697 0
    endloop
  endfacet
  facet normal 0 0 -1
    outer loop
      vertex 62 -62.9933 0
      vertex 63.3334 -64.9888 0
      vertex 62.8284 -65.2915 0
    endloop
  endfacet
  facet normal 0 0 -1
    outer loop
      vertex 64.6381 -63.8064 0
      vertex 62.7828 -62.2838 0
      vertex 62.9933 -62 0
    endloop
  endfacet
  facet normal 0 0 -1
    outer loop
      vertex 64.2426 -64.2426 0
      vertex 62.5456 -62.5456 0
      vertex 62.7828 -62.2838 0
    endloop
  endfacet
  facet normal 0 0 -1
    outer loop
      vertex 61.697 -63.1749 0
      vertex 62.8284 -65.2915 0
      vertex 62.2961 -65.5433 0
    endloop
  endfacet
  facet normal 0 0 -1
    outer loop
      vertex 63.8064 -64.6381 0
      vertex 62.2838 -62.7828 0
      vertex 62.5456 -62.5456 0
    endloop
  endfacet
  facet normal 0 0 -1
    outer loop
      vertex 63.3334 -64.9888 0
      vertex 62 -62.9933 0
      vertex 62.2838 -62.7828 0
    endloop
  endfacet
  facet normal 0 0 -1
    outer loop
      vertex 61.3777 -63.326 0
      vertex 62.2961 -65.5433 0
      vertex 61.7417 -65.7416 0
    endloop
  endfacet
  facet normal 0 0 -1
    outer loop
      vertex 62.8284 -65.2915 0
      vertex 61.697 -63.1749 0
      vertex 62 -62.9933 0
    endloop
  endfacet
  facet normal 0 0 -1
    outer loop
      vertex 62.2961 -65.5433 0
      vertex 61.3777 -63.326 0
      vertex 61.697 -63.1749 0
    endloop
  endfacet
  facet normal 0 0 -1
    outer loop
      vertex 61.045 -63.445 0
      vertex 61.7417 -65.7416 0
      vertex 61.1705 -65.8847 0
    endloop
  endfacet
  facet normal 0 0 -1
    outer loop
      vertex 61.7417 -65.7416 0
      vertex 61.045 -63.445 0
      vertex 61.3777 -63.326 0
    endloop
  endfacet
  facet normal 0 0 -1
    outer loop
      vertex 61.1705 -65.8847 0
      vertex 60.7023 -63.5308 0
      vertex 61.045 -63.445 0
    endloop
  endfacet
  facet normal 0 0 -1
    outer loop
      vertex 60.5881 -65.9711 0
      vertex 60.7023 -63.5308 0
      vertex 61.1705 -65.8847 0
    endloop
  endfacet
  facet normal 0 0 -1
    outer loop
      vertex 60.5881 -65.9711 0
      vertex 60.3529 -63.5827 0
      vertex 60.7023 -63.5308 0
    endloop
  endfacet
  facet normal 0 0 -1
    outer loop
      vertex 60 -66 0
      vertex 60.3529 -63.5827 0
      vertex 60.5881 -65.9711 0
    endloop
  endfacet
  facet normal 0 0 -1
    outer loop
      vertex 60 -66 0
      vertex 60 -63.6 0
      vertex 60.3529 -63.5827 0
    endloop
  endfacet
  facet normal 0 0 -1
    outer loop
      vertex 9 -66 0
      vertex 60 -63.6 0
      vertex 60 -66 0
    endloop
  endfacet
  facet normal 0 0 -1
    outer loop
      vertex 8.95666 -65.1178 0
      vertex 60 -63.6 0
      vertex 9 -66 0
    endloop
  endfacet
  facet normal 0 0 -1
    outer loop
      vertex 8.82707 -64.2442 0
      vertex 60 -63.6 0
      vertex 8.95666 -65.1178 0
    endloop
  endfacet
  facet normal -0 0 -1
    outer loop
      vertex 60 -63.6 0
      vertex 8.82707 -64.2442 0
      vertex 8.6657 -63.6 0
    endloop
  endfacet
  facet normal -0 0 -1
    outer loop
      vertex 65.5433 62.2961 0
      vertex 63.326 61.3777 0
      vertex 65.2915 62.8284 0
    endloop
  endfacet
  facet normal 0 0 -1
    outer loop
      vertex 63.1749 61.697 0
      vertex 65.2915 62.8284 0
      vertex 63.326 61.3777 0
    endloop
  endfacet
  facet normal -0 0 -1
    outer loop
      vertex 65.2915 62.8284 0
      vertex 63.1749 61.697 0
      vertex 64.9888 63.3334 0
    endloop
  endfacet
  facet normal 0 0 -1
    outer loop
      vertex 62.9933 62 0
      vertex 64.9888 63.3334 0
      vertex 63.1749 61.697 0
    endloop
  endfacet
  facet normal -0 0 -1
    outer loop
      vertex 64.9888 63.3334 0
      vertex 62.9933 62 0
      vertex 64.6381 63.8064 0
    endloop
  endfacet
  facet normal 0 0 -1
    outer loop
      vertex 62.7828 62.2838 0
      vertex 64.6381 63.8064 0
      vertex 62.9933 62 0
    endloop
  endfacet
  facet normal -0 0 -1
    outer loop
      vertex 64.6381 63.8064 0
      vertex 62.7828 62.2838 0
      vertex 64.2426 64.2426 0
    endloop
  endfacet
  facet normal 0 0 -1
    outer loop
      vertex 62.5456 62.5456 0
      vertex 64.2426 64.2426 0
      vertex 62.7828 62.2838 0
    endloop
  endfacet
  facet normal -0 0 -1
    outer loop
      vertex 64.2426 64.2426 0
      vertex 62.5456 62.5456 0
      vertex 63.8064 64.6381 0
    endloop
  endfacet
  facet normal 0 0 -1
    outer loop
      vertex 62.2838 62.7828 0
      vertex 63.8064 64.6381 0
      vertex 62.5456 62.5456 0
    endloop
  endfacet
  facet normal -0 0 -1
    outer loop
      vertex 63.8064 64.6381 0
      vertex 62.2838 62.7828 0
      vertex 63.3334 64.9888 0
    endloop
  endfacet
  facet normal 0 0 -1
    outer loop
      vertex 62 62.9933 0
      vertex 63.3334 64.9888 0
      vertex 62.2838 62.7828 0
    endloop
  endfacet
  facet normal -0 0 -1
    outer loop
      vertex 63.3334 64.9888 0
      vertex 62 62.9933 0
      vertex 62.8284 65.2915 0
    endloop
  endfacet
  facet normal 0 0 -1
    outer loop
      vertex 61.697 63.1749 0
      vertex 62.8284 65.2915 0
      vertex 62 62.9933 0
    endloop
  endfacet
  facet normal -0 0 -1
    outer loop
      vertex 62.8284 65.2915 0
      vertex 61.697 63.1749 0
      vertex 62.2961 65.5433 0
    endloop
  endfacet
  facet normal 0 0 -1
    outer loop
      vertex 61.3777 63.326 0
      vertex 62.2961 65.5433 0
      vertex 61.697 63.1749 0
    endloop
  endfacet
  facet normal -0 0 -1
    outer loop
      vertex 62.2961 65.5433 0
      vertex 61.3777 63.326 0
      vertex 61.7417 65.7416 0
    endloop
  endfacet
  facet normal 0 0 -1
    outer loop
      vertex 61.045 63.445 0
      vertex 61.7417 65.7416 0
      vertex 61.3777 63.326 0
    endloop
  endfacet
  facet normal -0 0 -1
    outer loop
      vertex 61.7417 65.7416 0
      vertex 61.045 63.445 0
      vertex 61.1705 65.8847 0
    endloop
  endfacet
  facet normal 0 0 -1
    outer loop
      vertex 60.7023 63.5308 0
      vertex 61.1705 65.8847 0
      vertex 61.045 63.445 0
    endloop
  endfacet
  facet normal 0 0 -1
    outer loop
      vertex 60.7023 63.5308 0
      vertex 60.5881 65.9711 0
      vertex 61.1705 65.8847 0
    endloop
  endfacet
  facet normal 0 0 -1
    outer loop
      vertex 60.3529 63.5827 0
      vertex 60.5881 65.9711 0
      vertex 60.7023 63.5308 0
    endloop
  endfacet
  facet normal 0 0 -1
    outer loop
      vertex 60 63.6 0
      vertex 60.5881 65.9711 0
      vertex 60.3529 63.5827 0
    endloop
  endfacet
  facet normal 0 0 -1
    outer loop
      vertex 60 63.6 0
      vertex 60 66 0
      vertex 60.5881 65.9711 0
    endloop
  endfacet
  facet normal 0 0 -1
    outer loop
      vertex 60 63.6 0
      vertex 9 66 0
      vertex 60 66 0
    endloop
  endfacet
  facet normal 0 0 -1
    outer loop
      vertex 60 63.6 0
      vertex 8.95666 65.1178 0
      vertex 9 66 0
    endloop
  endfacet
  facet normal 0 0 -1
    outer loop
      vertex 60 63.6 0
      vertex 8.82707 64.2442 0
      vertex 8.95666 65.1178 0
    endloop
  endfacet
  facet normal 0 -0 -1
    outer loop
      vertex 8.82707 64.2442 0
      vertex 60 63.6 0
      vertex 8.6657 63.6 0
    endloop
  endfacet
  facet normal -0.243015 0.970023 0
    outer loop
      vertex -61.1705 65.8847 0
      vertex -61.7417 65.7416 127.2
      vertex -61.1705 65.8847 127.2
    endloop
  endfacet
  facet normal -0.243015 0.970023 0
    outer loop
      vertex -61.7417 65.7416 127.2
      vertex -61.1705 65.8847 0
      vertex -61.7417 65.7416 0
    endloop
  endfacet
  facet normal 0 0 -1
    outer loop
      vertex 60 -63.6 124
      vertex 63.6 -60 124
      vertex 63.5827 -60.3529 124
    endloop
  endfacet
  facet normal 0 0 -1
    outer loop
      vertex 63.6 -60 124
      vertex 44.9928 -0.147232 124
      vertex 63.6 60 124
    endloop
  endfacet
  facet normal 0 0 -1
    outer loop
      vertex 60 -63.6 124
      vertex 63.5827 -60.3529 124
      vertex 63.5308 -60.7023 124
    endloop
  endfacet
  facet normal 0 0 -1
    outer loop
      vertex 44.9928 0.147232 124
      vertex 63.6 60 124
      vertex 44.9928 -0.147232 124
    endloop
  endfacet
  facet normal 0 0 -1
    outer loop
      vertex 60 -63.6 124
      vertex 63.5308 -60.7023 124
      vertex 63.445 -61.045 124
    endloop
  endfacet
  facet normal 0 0 -1
    outer loop
      vertex 44.9543 0.93103 124
      vertex 63.6 60 124
      vertex 44.9928 0.147232 124
    endloop
  endfacet
  facet normal 0 0 -1
    outer loop
      vertex 60 -63.6 124
      vertex 63.445 -61.045 124
      vertex 63.326 -61.3777 124
    endloop
  endfacet
  facet normal 0 0 -1
    outer loop
      vertex 44.9254 1.22397 124
      vertex 63.6 60 124
      vertex 44.9543 0.93103 124
    endloop
  endfacet
  facet normal 0 0 -1
    outer loop
      vertex 60 -63.6 124
      vertex 63.326 -61.3777 124
      vertex 63.1749 -61.697 124
    endloop
  endfacet
  facet normal 0 0 -1
    outer loop
      vertex 44.8103 2.00012 124
      vertex 63.6 60 124
      vertex 44.9254 1.22397 124
    endloop
  endfacet
  facet normal 0 0 -1
    outer loop
      vertex 60 -63.6 124
      vertex 63.1749 -61.697 124
      vertex 62.9933 -62 124
    endloop
  endfacet
  facet normal 0 0 -1
    outer loop
      vertex 44.7528 2.28891 124
      vertex 63.6 60 124
      vertex 44.8103 2.00012 124
    endloop
  endfacet
  facet normal 0 0 -1
    outer loop
      vertex 60 -63.6 124
      vertex 62.9933 -62 124
      vertex 62.7828 -62.2838 124
    endloop
  endfacet
  facet normal 0 0 -1
    outer loop
      vertex 44.5621 3.05023 124
      vertex 63.6 60 124
      vertex 44.7528 2.28891 124
    endloop
  endfacet
  facet normal 0 0 -1
    outer loop
      vertex 60 -63.6 124
      vertex 62.7828 -62.2838 124
      vertex 62.5456 -62.5456 124
    endloop
  endfacet
  facet normal 0 0 -1
    outer loop
      vertex 44.4767 3.33195 124
      vertex 63.6 60 124
      vertex 44.5621 3.05023 124
    endloop
  endfacet
  facet normal 0 0 -1
    outer loop
      vertex 60 -63.6 124
      vertex 62.5456 -62.5456 124
      vertex 62.2838 -62.7828 124
    endloop
  endfacet
  facet normal 0 0 -1
    outer loop
      vertex 44.2124 4.07065 124
      vertex 63.6 60 124
      vertex 44.4767 3.33195 124
    endloop
  endfacet
  facet normal 0 0 -1
    outer loop
      vertex 60 -63.6 124
      vertex 62.2838 -62.7828 124
      vertex 62 -62.9933 124
    endloop
  endfacet
  facet normal 0 0 -1
    outer loop
      vertex 44.0997 4.34262 124
      vertex 63.6 60 124
      vertex 44.2124 4.07065 124
    endloop
  endfacet
  facet normal 0 0 -1
    outer loop
      vertex 60 -63.6 124
      vertex 62 -62.9933 124
      vertex 61.697 -63.1749 124
    endloop
  endfacet
  facet normal 0 0 -1
    outer loop
      vertex 43.7641 5.05217 124
      vertex 63.6 60 124
      vertex 44.0997 4.34262 124
    endloop
  endfacet
  facet normal 0 0 -1
    outer loop
      vertex 60 -63.6 124
      vertex 61.697 -63.1749 124
      vertex 61.3777 -63.326 124
    endloop
  endfacet
  facet normal 0 0 -1
    outer loop
      vertex 43.6253 5.31181 124
      vertex 63.6 60 124
      vertex 43.7641 5.05217 124
    endloop
  endfacet
  facet normal 0 0 -1
    outer loop
      vertex 60 -63.6 124
      vertex 61.3777 -63.326 124
      vertex 61.045 -63.445 124
    endloop
  endfacet
  facet normal 0 0 -1
    outer loop
      vertex 43.222 5.98482 124
      vertex 63.6 60 124
      vertex 43.6253 5.31181 124
    endloop
  endfacet
  facet normal 0 0 -1
    outer loop
      vertex 60 -63.6 124
      vertex 61.045 -63.445 124
      vertex 60.7023 -63.5308 124
    endloop
  endfacet
  facet normal 0 0 -1
    outer loop
      vertex 43.0584 6.22963 124
      vertex 63.6 60 124
      vertex 43.222 5.98482 124
    endloop
  endfacet
  facet normal 0 0 -1
    outer loop
      vertex 60 -63.6 124
      vertex 60.7023 -63.5308 124
      vertex 60.3529 -63.5827 124
    endloop
  endfacet
  facet normal 0 0 -1
    outer loop
      vertex 42.5909 6.85997 124
      vertex 63.6 60 124
      vertex 43.0584 6.22963 124
    endloop
  endfacet
  facet normal 0 0 -1
    outer loop
      vertex 36.0001 -10.8103 124
      vertex 63.6 -60 124
      vertex 60 -63.6 124
    endloop
  endfacet
  facet normal 0 0 -1
    outer loop
      vertex 42.4041 7.08755 124
      vertex 63.6 60 124
      vertex 42.5909 6.85997 124
    endloop
  endfacet
  facet normal 0 0 -1
    outer loop
      vertex 41.8771 7.66898 124
      vertex 63.6 60 124
      vertex 42.4041 7.08755 124
    endloop
  endfacet
  facet normal 0 0 -1
    outer loop
      vertex 63.6 -60 124
      vertex 44.9543 -0.93103 124
      vertex 44.9928 -0.147232 124
    endloop
  endfacet
  facet normal 0 0 -1
    outer loop
      vertex 63.6 -60 124
      vertex 44.9254 -1.22397 124
      vertex 44.9543 -0.93103 124
    endloop
  endfacet
  facet normal 0 0 -1
    outer loop
      vertex 63.6 -60 124
      vertex 44.8103 -2.00012 124
      vertex 44.9254 -1.22397 124
    endloop
  endfacet
  facet normal 0 0 -1
    outer loop
      vertex 63.6 -60 124
      vertex 44.7528 -2.28891 124
      vertex 44.8103 -2.00012 124
    endloop
  endfacet
  facet normal 0 0 -1
    outer loop
      vertex 63.6 -60 124
      vertex 44.5621 -3.05023 124
      vertex 44.7528 -2.28891 124
    endloop
  endfacet
  facet normal 0 0 -1
    outer loop
      vertex 63.6 -60 124
      vertex 44.4767 -3.33195 124
      vertex 44.5621 -3.05023 124
    endloop
  endfacet
  facet normal 0 0 -1
    outer loop
      vertex 63.6 -60 124
      vertex 44.2124 -4.07065 124
      vertex 44.4767 -3.33195 124
    endloop
  endfacet
  facet normal 0 0 -1
    outer loop
      vertex 63.6 -60 124
      vertex 44.0997 -4.34262 124
      vertex 44.2124 -4.07065 124
    endloop
  endfacet
  facet normal 0 0 -1
    outer loop
      vertex 63.6 -60 124
      vertex 43.7641 -5.05217 124
      vertex 44.0997 -4.34262 124
    endloop
  endfacet
  facet normal 0 0 -1
    outer loop
      vertex 63.6 -60 124
      vertex 43.6253 -5.31181 124
      vertex 43.7641 -5.05217 124
    endloop
  endfacet
  facet normal 0 0 -1
    outer loop
      vertex 63.6 -60 124
      vertex 43.222 -5.98482 124
      vertex 43.6253 -5.31181 124
    endloop
  endfacet
  facet normal 0 0 -1
    outer loop
      vertex 63.6 -60 124
      vertex 43.0584 -6.22963 124
      vertex 43.222 -5.98482 124
    endloop
  endfacet
  facet normal 0 0 -1
    outer loop
      vertex 63.6 -60 124
      vertex 42.5909 -6.85997 124
      vertex 43.0584 -6.22963 124
    endloop
  endfacet
  facet normal 0 0 -1
    outer loop
      vertex 63.6 -60 124
      vertex 42.4041 -7.08755 124
      vertex 42.5909 -6.85997 124
    endloop
  endfacet
  facet normal 0 0 -1
    outer loop
      vertex 63.6 -60 124
      vertex 41.8771 -7.66898 124
      vertex 42.4041 -7.08755 124
    endloop
  endfacet
  facet normal 0 0 -1
    outer loop
      vertex 63.6 -60 124
      vertex 41.669 -7.87712 124
      vertex 41.8771 -7.66898 124
    endloop
  endfacet
  facet normal 0 0 -1
    outer loop
      vertex 63.6 -60 124
      vertex 41.0876 -8.4041 124
      vertex 41.669 -7.87712 124
    endloop
  endfacet
  facet normal 0 0 -1
    outer loop
      vertex 63.6 -60 124
      vertex 40.86 -8.59087 124
      vertex 41.0876 -8.4041 124
    endloop
  endfacet
  facet normal 0 0 -1
    outer loop
      vertex 63.6 -60 124
      vertex 40.2296 -9.05836 124
      vertex 40.86 -8.59087 124
    endloop
  endfacet
  facet normal 0 0 -1
    outer loop
      vertex 63.6 -60 124
      vertex 39.9848 -9.22195 124
      vertex 40.2296 -9.05836 124
    endloop
  endfacet
  facet normal 0 0 -1
    outer loop
      vertex 63.6 -60 124
      vertex 39.3118 -9.62534 124
      vertex 39.9848 -9.22195 124
    endloop
  endfacet
  facet normal 0 0 -1
    outer loop
      vertex 63.6 -60 124
      vertex 39.0522 -9.76411 124
      vertex 39.3118 -9.62534 124
    endloop
  endfacet
  facet normal 0 0 -1
    outer loop
      vertex 63.6 -60 124
      vertex 38.3426 -10.0997 124
      vertex 39.0522 -9.76411 124
    endloop
  endfacet
  facet normal 0 0 -1
    outer loop
      vertex 63.6 -60 124
      vertex 38.0706 -10.2124 124
      vertex 38.3426 -10.0997 124
    endloop
  endfacet
  facet normal 0 0 -1
    outer loop
      vertex 63.6 -60 124
      vertex 37.332 -10.4767 124
      vertex 38.0706 -10.2124 124
    endloop
  endfacet
  facet normal 0 0 -1
    outer loop
      vertex 63.6 -60 124
      vertex 37.0502 -10.5621 124
      vertex 37.332 -10.4767 124
    endloop
  endfacet
  facet normal 0 0 -1
    outer loop
      vertex 63.6 -60 124
      vertex 36.2889 -10.7528 124
      vertex 37.0502 -10.5621 124
    endloop
  endfacet
  facet normal 0 0 -1
    outer loop
      vertex 63.6 -60 124
      vertex 36.0001 -10.8103 124
      vertex 36.2889 -10.7528 124
    endloop
  endfacet
  facet normal 0 0 -1
    outer loop
      vertex 60 -63.6 124
      vertex 35.224 -10.9254 124
      vertex 36.0001 -10.8103 124
    endloop
  endfacet
  facet normal 0 0 -1
    outer loop
      vertex 60 -63.6 124
      vertex 34.931 -10.9543 124
      vertex 35.224 -10.9254 124
    endloop
  endfacet
  facet normal 0 0 -1
    outer loop
      vertex 60 -63.6 124
      vertex 34.0736 -10.9964 124
      vertex 34.931 -10.9543 124
    endloop
  endfacet
  facet normal 0 0 -1
    outer loop
      vertex 60 -63.6 124
      vertex 33.9264 -11 124
      vertex 34.0736 -10.9964 124
    endloop
  endfacet
  facet normal 0 0 -1
    outer loop
      vertex 60 -63.6 124
      vertex -33.9264 -11 124
      vertex 33.9264 -11 124
    endloop
  endfacet
  facet normal 0 0 -1
    outer loop
      vertex -60 -63.6 124
      vertex -33.9264 -11 124
      vertex 60 -63.6 124
    endloop
  endfacet
  facet normal -0 0 -1
    outer loop
      vertex -33.9264 -11 124
      vertex -60 -63.6 124
      vertex -34.0736 -10.9964 124
    endloop
  endfacet
  facet normal -0 0 -1
    outer loop
      vertex -34.0736 -10.9964 124
      vertex -60 -63.6 124
      vertex -34.931 -10.9543 124
    endloop
  endfacet
  facet normal -0 0 -1
    outer loop
      vertex -34.931 -10.9543 124
      vertex -60 -63.6 124
      vertex -35.224 -10.9254 124
    endloop
  endfacet
  facet normal -0 0 -1
    outer loop
      vertex -35.224 -10.9254 124
      vertex -60 -63.6 124
      vertex -36.0001 -10.8103 124
    endloop
  endfacet
  facet normal 0 0 -1
    outer loop
      vertex -63.6 -60 124
      vertex -36.0001 -10.8103 124
      vertex -60 -63.6 124
    endloop
  endfacet
  facet normal -0 0 -1
    outer loop
      vertex -36.0001 -10.8103 124
      vertex -63.6 -60 124
      vertex -36.2889 -10.7528 124
    endloop
  endfacet
  facet normal -0 0 -1
    outer loop
      vertex -36.2889 -10.7528 124
      vertex -63.6 -60 124
      vertex -37.0502 -10.5621 124
    endloop
  endfacet
  facet normal -0 0 -1
    outer loop
      vertex -37.0502 -10.5621 124
      vertex -63.6 -60 124
      vertex -37.332 -10.4767 124
    endloop
  endfacet
  facet normal -0 0 -1
    outer loop
      vertex -37.332 -10.4767 124
      vertex -63.6 -60 124
      vertex -38.0706 -10.2124 124
    endloop
  endfacet
  facet normal -0 0 -1
    outer loop
      vertex -38.0706 -10.2124 124
      vertex -63.6 -60 124
      vertex -38.3426 -10.0997 124
    endloop
  endfacet
  facet normal -0 0 -1
    outer loop
      vertex -44.9543 -0.93103 124
      vertex -63.6 -60 124
      vertex -44.9928 -0.147232 124
    endloop
  endfacet
  facet normal -0 0 -1
    outer loop
      vertex -44.9254 -1.22397 124
      vertex -63.6 -60 124
      vertex -44.9543 -0.93103 124
    endloop
  endfacet
  facet normal -0 0 -1
    outer loop
      vertex -44.8103 -2.00012 124
      vertex -63.6 -60 124
      vertex -44.9254 -1.22397 124
    endloop
  endfacet
  facet normal -0 0 -1
    outer loop
      vertex -44.7528 -2.28891 124
      vertex -63.6 -60 124
      vertex -44.8103 -2.00012 124
    endloop
  endfacet
  facet normal -0 0 -1
    outer loop
      vertex -44.5621 -3.05023 124
      vertex -63.6 -60 124
      vertex -44.7528 -2.28891 124
    endloop
  endfacet
  facet normal -0 0 -1
    outer loop
      vertex -44.4767 -3.33195 124
      vertex -63.6 -60 124
      vertex -44.5621 -3.05023 124
    endloop
  endfacet
  facet normal -0 0 -1
    outer loop
      vertex -44.2124 -4.07065 124
      vertex -63.6 -60 124
      vertex -44.4767 -3.33195 124
    endloop
  endfacet
  facet normal -0 0 -1
    outer loop
      vertex -44.0997 -4.34262 124
      vertex -63.6 -60 124
      vertex -44.2124 -4.07065 124
    endloop
  endfacet
  facet normal -0 0 -1
    outer loop
      vertex -43.7641 -5.05217 124
      vertex -63.6 -60 124
      vertex -44.0997 -4.34262 124
    endloop
  endfacet
  facet normal -0 0 -1
    outer loop
      vertex -43.6253 -5.31181 124
      vertex -63.6 -60 124
      vertex -43.7641 -5.05217 124
    endloop
  endfacet
  facet normal -0 0 -1
    outer loop
      vertex -43.222 -5.98482 124
      vertex -63.6 -60 124
      vertex -43.6253 -5.31181 124
    endloop
  endfacet
  facet normal -0 0 -1
    outer loop
      vertex -43.0584 -6.22963 124
      vertex -63.6 -60 124
      vertex -43.222 -5.98482 124
    endloop
  endfacet
  facet normal -0 0 -1
    outer loop
      vertex -42.5909 -6.85997 124
      vertex -63.6 -60 124
      vertex -43.0584 -6.22963 124
    endloop
  endfacet
  facet normal -0 0 -1
    outer loop
      vertex -42.4041 -7.08755 124
      vertex -63.6 -60 124
      vertex -42.5909 -6.85997 124
    endloop
  endfacet
  facet normal -0 0 -1
    outer loop
      vertex -41.8771 -7.66898 124
      vertex -63.6 -60 124
      vertex -42.4041 -7.08755 124
    endloop
  endfacet
  facet normal -0 0 -1
    outer loop
      vertex -41.669 -7.87712 124
      vertex -63.6 -60 124
      vertex -41.8771 -7.66898 124
    endloop
  endfacet
  facet normal -0 0 -1
    outer loop
      vertex -41.0876 -8.4041 124
      vertex -63.6 -60 124
      vertex -41.669 -7.87712 124
    endloop
  endfacet
  facet normal -0 0 -1
    outer loop
      vertex -40.86 -8.59087 124
      vertex -63.6 -60 124
      vertex -41.0876 -8.4041 124
    endloop
  endfacet
  facet normal -0 0 -1
    outer loop
      vertex -40.2296 -9.05836 124
      vertex -63.6 -60 124
      vertex -40.86 -8.59087 124
    endloop
  endfacet
  facet normal -0 0 -1
    outer loop
      vertex -39.9848 -9.22195 124
      vertex -63.6 -60 124
      vertex -40.2296 -9.05836 124
    endloop
  endfacet
  facet normal -0 0 -1
    outer loop
      vertex -39.3118 -9.62534 124
      vertex -63.6 -60 124
      vertex -39.9848 -9.22195 124
    endloop
  endfacet
  facet normal -0 0 -1
    outer loop
      vertex -39.0522 -9.76411 124
      vertex -63.6 -60 124
      vertex -39.3118 -9.62534 124
    endloop
  endfacet
  facet normal -0 0 -1
    outer loop
      vertex -38.3426 -10.0997 124
      vertex -63.6 -60 124
      vertex -39.0522 -9.76411 124
    endloop
  endfacet
  facet normal 0 0 -1
    outer loop
      vertex 41.669 7.87712 124
      vertex 63.6 60 124
      vertex 41.8771 7.66898 124
    endloop
  endfacet
  facet normal 0 0 -1
    outer loop
      vertex 41.0876 8.4041 124
      vertex 63.6 60 124
      vertex 41.669 7.87712 124
    endloop
  endfacet
  facet normal 0 0 -1
    outer loop
      vertex 40.86 8.59087 124
      vertex 63.6 60 124
      vertex 41.0876 8.4041 124
    endloop
  endfacet
  facet normal 0 0 -1
    outer loop
      vertex 40.2296 9.05836 124
      vertex 63.6 60 124
      vertex 40.86 8.59087 124
    endloop
  endfacet
  facet normal 0 0 -1
    outer loop
      vertex 39.9848 9.22195 124
      vertex 63.6 60 124
      vertex 40.2296 9.05836 124
    endloop
  endfacet
  facet normal 0 0 -1
    outer loop
      vertex 39.3118 9.62534 124
      vertex 63.6 60 124
      vertex 39.9848 9.22195 124
    endloop
  endfacet
  facet normal 0 0 -1
    outer loop
      vertex 39.0522 9.76411 124
      vertex 63.6 60 124
      vertex 39.3118 9.62534 124
    endloop
  endfacet
  facet normal 0 0 -1
    outer loop
      vertex 38.3426 10.0997 124
      vertex 63.6 60 124
      vertex 39.0522 9.76411 124
    endloop
  endfacet
  facet normal 0 0 -1
    outer loop
      vertex 38.0706 10.2124 124
      vertex 63.6 60 124
      vertex 38.3426 10.0997 124
    endloop
  endfacet
  facet normal 0 0 -1
    outer loop
      vertex 37.332 10.4767 124
      vertex 63.6 60 124
      vertex 38.0706 10.2124 124
    endloop
  endfacet
  facet normal 0 0 -1
    outer loop
      vertex 37.0502 10.5621 124
      vertex 63.6 60 124
      vertex 37.332 10.4767 124
    endloop
  endfacet
  facet normal 0 0 -1
    outer loop
      vertex 36.2889 10.7528 124
      vertex 63.6 60 124
      vertex 37.0502 10.5621 124
    endloop
  endfacet
  facet normal 0 0 -1
    outer loop
      vertex 36.0001 10.8103 124
      vertex 63.6 60 124
      vertex 36.2889 10.7528 124
    endloop
  endfacet
  facet normal 0 0 -1
    outer loop
      vertex 63.6 60 124
      vertex 60 63.6 124
      vertex 63.5827 60.3529 124
    endloop
  endfacet
  facet normal 0 0 -1
    outer loop
      vertex 63.445 61.045 124
      vertex 60 63.6 124
      vertex 63.326 61.3777 124
    endloop
  endfacet
  facet normal 0 0 -1
    outer loop
      vertex 62.9933 62 124
      vertex 60 63.6 124
      vertex 62.7828 62.2838 124
    endloop
  endfacet
  facet normal 0 0 -1
    outer loop
      vertex 62.5456 62.5456 124
      vertex 60 63.6 124
      vertex 62.2838 62.7828 124
    endloop
  endfacet
  facet normal 0 0 -1
    outer loop
      vertex 61.697 63.1749 124
      vertex 60 63.6 124
      vertex 61.3777 63.326 124
    endloop
  endfacet
  facet normal 0 0 -1
    outer loop
      vertex 60.7023 63.5308 124
      vertex 60 63.6 124
      vertex 60.3529 63.5827 124
    endloop
  endfacet
  facet normal 0 0 -1
    outer loop
      vertex 61.045 63.445 124
      vertex 60 63.6 124
      vertex 60.7023 63.5308 124
    endloop
  endfacet
  facet normal 0 0 -1
    outer loop
      vertex 61.3777 63.326 124
      vertex 60 63.6 124
      vertex 61.045 63.445 124
    endloop
  endfacet
  facet normal 0 0 -1
    outer loop
      vertex 62 62.9933 124
      vertex 60 63.6 124
      vertex 61.697 63.1749 124
    endloop
  endfacet
  facet normal 0 0 -1
    outer loop
      vertex 62.2838 62.7828 124
      vertex 60 63.6 124
      vertex 62 62.9933 124
    endloop
  endfacet
  facet normal 0 0 -1
    outer loop
      vertex 62.7828 62.2838 124
      vertex 60 63.6 124
      vertex 62.5456 62.5456 124
    endloop
  endfacet
  facet normal 0 0 -1
    outer loop
      vertex 63.1749 61.697 124
      vertex 60 63.6 124
      vertex 62.9933 62 124
    endloop
  endfacet
  facet normal 0 0 -1
    outer loop
      vertex 63.326 61.3777 124
      vertex 60 63.6 124
      vertex 63.1749 61.697 124
    endloop
  endfacet
  facet normal 0 0 -1
    outer loop
      vertex 63.5308 60.7023 124
      vertex 60 63.6 124
      vertex 63.445 61.045 124
    endloop
  endfacet
  facet normal 0 0 -1
    outer loop
      vertex 63.5827 60.3529 124
      vertex 60 63.6 124
      vertex 63.5308 60.7023 124
    endloop
  endfacet
  facet normal -0 0 -1
    outer loop
      vertex 63.6 60 124
      vertex 36.0001 10.8103 124
      vertex 60 63.6 124
    endloop
  endfacet
  facet normal 0 0 -1
    outer loop
      vertex 35.224 10.9254 124
      vertex 60 63.6 124
      vertex 36.0001 10.8103 124
    endloop
  endfacet
  facet normal 0 0 -1
    outer loop
      vertex 34.931 10.9543 124
      vertex 60 63.6 124
      vertex 35.224 10.9254 124
    endloop
  endfacet
  facet normal 0 0 -1
    outer loop
      vertex 34.0736 10.9964 124
      vertex 60 63.6 124
      vertex 34.931 10.9543 124
    endloop
  endfacet
  facet normal 0 0 -1
    outer loop
      vertex 33.9264 11 124
      vertex 60 63.6 124
      vertex 34.0736 10.9964 124
    endloop
  endfacet
  facet normal 0 0 -1
    outer loop
      vertex -33.9264 11 124
      vertex 60 63.6 124
      vertex 33.9264 11 124
    endloop
  endfacet
  facet normal 0 0 -1
    outer loop
      vertex -60 63.6 124
      vertex -33.9264 11 124
      vertex -34.0736 10.9964 124
    endloop
  endfacet
  facet normal 0 0 -1
    outer loop
      vertex -60 63.6 124
      vertex -34.0736 10.9964 124
      vertex -34.931 10.9543 124
    endloop
  endfacet
  facet normal 0 0 -1
    outer loop
      vertex -60 63.6 124
      vertex -34.931 10.9543 124
      vertex -35.224 10.9254 124
    endloop
  endfacet
  facet normal 0 0 -1
    outer loop
      vertex -60 63.6 124
      vertex -35.224 10.9254 124
      vertex -36.0001 10.8103 124
    endloop
  endfacet
  facet normal 0 0 -1
    outer loop
      vertex -63.6 60 124
      vertex -36.0001 10.8103 124
      vertex -36.2889 10.7528 124
    endloop
  endfacet
  facet normal 0 0 -1
    outer loop
      vertex -63.6 60 124
      vertex -36.2889 10.7528 124
      vertex -37.0502 10.5621 124
    endloop
  endfacet
  facet normal 0 0 -1
    outer loop
      vertex -63.6 60 124
      vertex -37.0502 10.5621 124
      vertex -37.332 10.4767 124
    endloop
  endfacet
  facet normal 0 0 -1
    outer loop
      vertex -63.6 60 124
      vertex -37.332 10.4767 124
      vertex -38.0706 10.2124 124
    endloop
  endfacet
  facet normal 0 0 -1
    outer loop
      vertex -63.6 60 124
      vertex -38.0706 10.2124 124
      vertex -38.3426 10.0997 124
    endloop
  endfacet
  facet normal 0 0 -1
    outer loop
      vertex -63.6 60 124
      vertex -38.3426 10.0997 124
      vertex -39.0522 9.76411 124
    endloop
  endfacet
  facet normal 0 0 -1
    outer loop
      vertex -63.6 60 124
      vertex -39.0522 9.76411 124
      vertex -39.3118 9.62534 124
    endloop
  endfacet
  facet normal -0 0 -1
    outer loop
      vertex -44.9928 -0.147232 124
      vertex -63.6 -60 124
      vertex -44.9928 0.147232 124
    endloop
  endfacet
  facet normal 0 0 -1
    outer loop
      vertex -63.6 60 124
      vertex -44.9928 0.147232 124
      vertex -63.6 -60 124
    endloop
  endfacet
  facet normal 0 0 -1
    outer loop
      vertex -44.9928 0.147232 124
      vertex -63.6 60 124
      vertex -44.9543 0.93103 124
    endloop
  endfacet
  facet normal 0 0 -1
    outer loop
      vertex -44.9543 0.93103 124
      vertex -63.6 60 124
      vertex -44.9254 1.22397 124
    endloop
  endfacet
  facet normal 0 0 -1
    outer loop
      vertex -33.9264 11 124
      vertex -60 63.6 124
      vertex 60 63.6 124
    endloop
  endfacet
  facet normal 0 0 -1
    outer loop
      vertex -63.6 60 124
      vertex -39.3118 9.62534 124
      vertex -39.9848 9.22195 124
    endloop
  endfacet
  facet normal 0 0 -1
    outer loop
      vertex -63.6 60 124
      vertex -39.9848 9.22195 124
      vertex -40.2296 9.05836 124
    endloop
  endfacet
  facet normal 0 0 -1
    outer loop
      vertex -63.6 60 124
      vertex -40.2296 9.05836 124
      vertex -40.86 8.59087 124
    endloop
  endfacet
  facet normal 0 0 -1
    outer loop
      vertex -63.6 60 124
      vertex -40.86 8.59087 124
      vertex -41.0876 8.4041 124
    endloop
  endfacet
  facet normal 0 0 -1
    outer loop
      vertex -63.6 60 124
      vertex -41.0876 8.4041 124
      vertex -41.669 7.87712 124
    endloop
  endfacet
  facet normal 0 0 -1
    outer loop
      vertex -63.6 60 124
      vertex -41.669 7.87712 124
      vertex -41.8771 7.66898 124
    endloop
  endfacet
  facet normal 0 0 -1
    outer loop
      vertex -63.6 60 124
      vertex -41.8771 7.66898 124
      vertex -42.4041 7.08755 124
    endloop
  endfacet
  facet normal 0 0 -1
    outer loop
      vertex -63.6 60 124
      vertex -42.4041 7.08755 124
      vertex -42.5909 6.85997 124
    endloop
  endfacet
  facet normal 0 0 -1
    outer loop
      vertex -63.6 60 124
      vertex -42.5909 6.85997 124
      vertex -43.0584 6.22963 124
    endloop
  endfacet
  facet normal 0 0 -1
    outer loop
      vertex -63.6 60 124
      vertex -43.0584 6.22963 124
      vertex -43.222 5.98482 124
    endloop
  endfacet
  facet normal 0 0 -1
    outer loop
      vertex -63.6 60 124
      vertex -43.222 5.98482 124
      vertex -43.6253 5.31181 124
    endloop
  endfacet
  facet normal 0 0 -1
    outer loop
      vertex -63.6 60 124
      vertex -43.6253 5.31181 124
      vertex -43.7641 5.05217 124
    endloop
  endfacet
  facet normal 0 0 -1
    outer loop
      vertex -63.6 60 124
      vertex -43.7641 5.05217 124
      vertex -44.0997 4.34262 124
    endloop
  endfacet
  facet normal 0 0 -1
    outer loop
      vertex -63.6 60 124
      vertex -44.0997 4.34262 124
      vertex -44.2124 4.07065 124
    endloop
  endfacet
  facet normal 0 0 -1
    outer loop
      vertex -63.6 60 124
      vertex -44.2124 4.07065 124
      vertex -44.4767 3.33195 124
    endloop
  endfacet
  facet normal 0 0 -1
    outer loop
      vertex -63.6 60 124
      vertex -44.4767 3.33195 124
      vertex -44.5621 3.05023 124
    endloop
  endfacet
  facet normal 0 0 -1
    outer loop
      vertex -63.6 60 124
      vertex -44.5621 3.05023 124
      vertex -44.7528 2.28891 124
    endloop
  endfacet
  facet normal 0 0 -1
    outer loop
      vertex -44.9254 1.22397 124
      vertex -63.6 60 124
      vertex -44.8103 2.00012 124
    endloop
  endfacet
  facet normal 0 0 -1
    outer loop
      vertex -63.6 -60 124
      vertex -60 -63.6 124
      vertex -60.3529 -63.5827 124
    endloop
  endfacet
  facet normal 0 0 -1
    outer loop
      vertex -44.8103 2.00012 124
      vertex -63.6 60 124
      vertex -44.7528 2.28891 124
    endloop
  endfacet
  facet normal 0 0 -1
    outer loop
      vertex -63.6 -60 124
      vertex -60.3529 -63.5827 124
      vertex -60.7023 -63.5308 124
    endloop
  endfacet
  facet normal 0 0 -1
    outer loop
      vertex -36.0001 10.8103 124
      vertex -63.6 60 124
      vertex -60 63.6 124
    endloop
  endfacet
  facet normal 0 0 -1
    outer loop
      vertex -63.6 -60 124
      vertex -60.7023 -63.5308 124
      vertex -61.045 -63.445 124
    endloop
  endfacet
  facet normal 0 0 -1
    outer loop
      vertex -60 63.6 124
      vertex -63.6 60 124
      vertex -60.3529 63.5827 124
    endloop
  endfacet
  facet normal 0 0 -1
    outer loop
      vertex -63.6 -60 124
      vertex -61.045 -63.445 124
      vertex -61.3777 -63.326 124
    endloop
  endfacet
  facet normal 0 0 -1
    outer loop
      vertex -60.3529 63.5827 124
      vertex -63.6 60 124
      vertex -60.7023 63.5308 124
    endloop
  endfacet
  facet normal 0 0 -1
    outer loop
      vertex -63.6 -60 124
      vertex -61.3777 -63.326 124
      vertex -61.697 -63.1749 124
    endloop
  endfacet
  facet normal 0 0 -1
    outer loop
      vertex -60.7023 63.5308 124
      vertex -63.6 60 124
      vertex -61.045 63.445 124
    endloop
  endfacet
  facet normal 0 0 -1
    outer loop
      vertex -63.6 -60 124
      vertex -61.697 -63.1749 124
      vertex -62 -62.9933 124
    endloop
  endfacet
  facet normal 0 0 -1
    outer loop
      vertex -61.045 63.445 124
      vertex -63.6 60 124
      vertex -61.3777 63.326 124
    endloop
  endfacet
  facet normal 0 0 -1
    outer loop
      vertex -63.6 -60 124
      vertex -62 -62.9933 124
      vertex -62.2838 -62.7828 124
    endloop
  endfacet
  facet normal 0 0 -1
    outer loop
      vertex -61.3777 63.326 124
      vertex -63.6 60 124
      vertex -61.697 63.1749 124
    endloop
  endfacet
  facet normal 0 0 -1
    outer loop
      vertex -63.6 -60 124
      vertex -62.2838 -62.7828 124
      vertex -62.5456 -62.5456 124
    endloop
  endfacet
  facet normal 0 0 -1
    outer loop
      vertex -61.697 63.1749 124
      vertex -63.6 60 124
      vertex -62 62.9933 124
    endloop
  endfacet
  facet normal 0 0 -1
    outer loop
      vertex -63.6 -60 124
      vertex -62.5456 -62.5456 124
      vertex -62.7828 -62.2838 124
    endloop
  endfacet
  facet normal 0 0 -1
    outer loop
      vertex -62 62.9933 124
      vertex -63.6 60 124
      vertex -62.2838 62.7828 124
    endloop
  endfacet
  facet normal 0 0 -1
    outer loop
      vertex -63.6 -60 124
      vertex -62.7828 -62.2838 124
      vertex -62.9933 -62 124
    endloop
  endfacet
  facet normal 0 0 -1
    outer loop
      vertex -62.2838 62.7828 124
      vertex -63.6 60 124
      vertex -62.5456 62.5456 124
    endloop
  endfacet
  facet normal 0 0 -1
    outer loop
      vertex -63.6 -60 124
      vertex -62.9933 -62 124
      vertex -63.1749 -61.697 124
    endloop
  endfacet
  facet normal 0 0 -1
    outer loop
      vertex -62.5456 62.5456 124
      vertex -63.6 60 124
      vertex -62.7828 62.2838 124
    endloop
  endfacet
  facet normal 0 0 -1
    outer loop
      vertex -63.6 -60 124
      vertex -63.1749 -61.697 124
      vertex -63.326 -61.3777 124
    endloop
  endfacet
  facet normal 0 0 -1
    outer loop
      vertex -62.7828 62.2838 124
      vertex -63.6 60 124
      vertex -62.9933 62 124
    endloop
  endfacet
  facet normal 0 0 -1
    outer loop
      vertex -63.6 -60 124
      vertex -63.326 -61.3777 124
      vertex -63.445 -61.045 124
    endloop
  endfacet
  facet normal 0 0 -1
    outer loop
      vertex -62.9933 62 124
      vertex -63.6 60 124
      vertex -63.1749 61.697 124
    endloop
  endfacet
  facet normal 0 0 -1
    outer loop
      vertex -63.6 -60 124
      vertex -63.445 -61.045 124
      vertex -63.5308 -60.7023 124
    endloop
  endfacet
  facet normal 0 0 -1
    outer loop
      vertex -63.1749 61.697 124
      vertex -63.6 60 124
      vertex -63.326 61.3777 124
    endloop
  endfacet
  facet normal 0 0 -1
    outer loop
      vertex -63.6 -60 124
      vertex -63.5308 -60.7023 124
      vertex -63.5827 -60.3529 124
    endloop
  endfacet
  facet normal 0 0 -1
    outer loop
      vertex -63.326 61.3777 124
      vertex -63.6 60 124
      vertex -63.445 61.045 124
    endloop
  endfacet
  facet normal 0 0 -1
    outer loop
      vertex -63.445 61.045 124
      vertex -63.6 60 124
      vertex -63.5308 60.7023 124
    endloop
  endfacet
  facet normal 0 0 -1
    outer loop
      vertex -63.5308 60.7023 124
      vertex -63.6 60 124
      vertex -63.5827 60.3529 124
    endloop
  endfacet
  facet normal -0.0490821 -0.998795 0
    outer loop
      vertex -60.5881 -65.9711 0
      vertex -60 -66 127.2
      vertex -60.5881 -65.9711 127.2
    endloop
  endfacet
  facet normal -0.0490821 -0.998795 -0
    outer loop
      vertex -60 -66 127.2
      vertex -60.5881 -65.9711 0
      vertex -60 -66 0
    endloop
  endfacet
  facet normal 0.740823 -0.6717 0
    outer loop
      vertex 64.2426 -64.2426 127.2
      vertex 64.6381 -63.8064 0
      vertex 64.6381 -63.8064 127.2
    endloop
  endfacet
  facet normal 0.740823 -0.6717 0
    outer loop
      vertex 64.6381 -63.8064 0
      vertex 64.2426 -64.2426 127.2
      vertex 64.2426 -64.2426 0
    endloop
  endfacet
  facet normal 0.989147 0.146928 0
    outer loop
      vertex -63.5308 -60.7023 4.5
      vertex -63.5827 -60.3529 0
      vertex -63.5827 -60.3529 4.5
    endloop
  endfacet
  facet normal 0.989147 0.146928 0
    outer loop
      vertex -63.5827 -60.3529 0
      vertex -63.5308 -60.7023 4.5
      vertex -63.5308 -60.7023 0
    endloop
  endfacet
  facet normal 0.989147 0.146928 0
    outer loop
      vertex -63.5308 -60.7023 124
      vertex -63.5827 -60.3529 6.1
      vertex -63.5827 -60.3529 124
    endloop
  endfacet
  facet normal 0.989147 0.146928 0
    outer loop
      vertex -63.5827 -60.3529 6.1
      vertex -63.5308 -60.7023 124
      vertex -63.5308 -60.7023 6.1
    endloop
  endfacet
  facet normal 0.803181 0.595735 0
    outer loop
      vertex -62.7828 -62.2838 4.5
      vertex -62.9933 -62 0
      vertex -62.9933 -62 4.5
    endloop
  endfacet
  facet normal 0.803181 0.595735 0
    outer loop
      vertex -62.9933 -62 0
      vertex -62.7828 -62.2838 4.5
      vertex -62.7828 -62.2838 0
    endloop
  endfacet
  facet normal 0.803181 0.595735 0
    outer loop
      vertex -62.7828 -62.2838 124
      vertex -62.9933 -62 6.1
      vertex -62.9933 -62 124
    endloop
  endfacet
  facet normal 0.803181 0.595735 0
    outer loop
      vertex -62.9933 -62 6.1
      vertex -62.7828 -62.2838 124
      vertex -62.7828 -62.2838 6.1
    endloop
  endfacet
  facet normal 0.998801 -0.0489636 0
    outer loop
      vertex -63.6 60 4.5
      vertex -63.5827 60.3529 0
      vertex -63.5827 60.3529 4.5
    endloop
  endfacet
  facet normal 0.998801 -0.0489636 0
    outer loop
      vertex -63.5827 60.3529 0
      vertex -63.6 60 4.5
      vertex -63.6 60 0
    endloop
  endfacet
  facet normal 0.998801 -0.0489636 0
    outer loop
      vertex -63.6 60 124
      vertex -63.5827 60.3529 6.1
      vertex -63.5827 60.3529 124
    endloop
  endfacet
  facet normal 0.998801 -0.0489636 0
    outer loop
      vertex -63.5827 60.3529 6.1
      vertex -63.6 60 124
      vertex -63.6 60 6.1
    endloop
  endfacet
  facet normal 0.998801 0.0489636 0
    outer loop
      vertex -63.5827 -60.3529 4.5
      vertex -63.6 -60 0
      vertex -63.6 -60 4.5
    endloop
  endfacet
  facet normal 0.998801 0.0489636 0
    outer loop
      vertex -63.6 -60 0
      vertex -63.5827 -60.3529 4.5
      vertex -63.5827 -60.3529 0
    endloop
  endfacet
  facet normal 0.998801 0.0489636 0
    outer loop
      vertex -63.5827 -60.3529 124
      vertex -63.6 -60 6.1
      vertex -63.6 -60 124
    endloop
  endfacet
  facet normal 0.998801 0.0489636 0
    outer loop
      vertex -63.6 -60 6.1
      vertex -63.5827 -60.3529 124
      vertex -63.5827 -60.3529 6.1
    endloop
  endfacet
  facet normal -0.903899 -0.427746 0
    outer loop
      vertex 63.326 61.3777 0
      vertex 63.1749 61.697 4.5
      vertex 63.1749 61.697 0
    endloop
  endfacet
  facet normal -0.903899 -0.427746 0
    outer loop
      vertex 63.1749 61.697 4.5
      vertex 63.326 61.3777 0
      vertex 63.326 61.3777 4.5
    endloop
  endfacet
  facet normal -0.903899 -0.427746 0
    outer loop
      vertex 63.326 61.3777 6.1
      vertex 63.1749 61.697 124
      vertex 63.1749 61.697 6.1
    endloop
  endfacet
  facet normal -0.903899 -0.427746 0
    outer loop
      vertex 63.1749 61.697 124
      vertex 63.326 61.3777 6.1
      vertex 63.326 61.3777 124
    endloop
  endfacet
  facet normal 0.671432 -0.741066 0
    outer loop
      vertex -62.5456 62.5456 0
      vertex -62.2838 62.7828 4.5
      vertex -62.5456 62.5456 4.5
    endloop
  endfacet
  facet normal 0.671432 -0.741066 0
    outer loop
      vertex -62.2838 62.7828 4.5
      vertex -62.5456 62.5456 0
      vertex -62.2838 62.7828 0
    endloop
  endfacet
  facet normal 0.671432 -0.741066 0
    outer loop
      vertex -62.5456 62.5456 6.1
      vertex -62.2838 62.7828 124
      vertex -62.5456 62.5456 124
    endloop
  endfacet
  facet normal 0.671432 -0.741066 0
    outer loop
      vertex -62.2838 62.7828 124
      vertex -62.5456 62.5456 6.1
      vertex -62.2838 62.7828 6.1
    endloop
  endfacet
  facet normal 0.941582 0.336785 0
    outer loop
      vertex -63.326 -61.3777 4.5
      vertex -63.445 -61.045 0
      vertex -63.445 -61.045 4.5
    endloop
  endfacet
  facet normal 0.941582 0.336785 0
    outer loop
      vertex -63.445 -61.045 0
      vertex -63.326 -61.3777 4.5
      vertex -63.326 -61.3777 0
    endloop
  endfacet
  facet normal 0.941582 0.336785 0
    outer loop
      vertex -63.326 -61.3777 124
      vertex -63.445 -61.045 6.1
      vertex -63.445 -61.045 124
    endloop
  endfacet
  facet normal 0.941582 0.336785 0
    outer loop
      vertex -63.445 -61.045 6.1
      vertex -63.326 -61.3777 124
      vertex -63.326 -61.3777 6.1
    endloop
  endfacet
  facet normal -0.989147 -0.146928 0
    outer loop
      vertex 63.5827 60.3529 0
      vertex 63.5308 60.7023 4.5
      vertex 63.5308 60.7023 0
    endloop
  endfacet
  facet normal -0.989147 -0.146928 0
    outer loop
      vertex 63.5308 60.7023 4.5
      vertex 63.5827 60.3529 0
      vertex 63.5827 60.3529 4.5
    endloop
  endfacet
  facet normal -0.989147 -0.146928 0
    outer loop
      vertex 63.5827 60.3529 6.1
      vertex 63.5308 60.7023 124
      vertex 63.5308 60.7023 6.1
    endloop
  endfacet
  facet normal -0.989147 -0.146928 0
    outer loop
      vertex 63.5308 60.7023 124
      vertex 63.5827 60.3529 6.1
      vertex 63.5827 60.3529 124
    endloop
  endfacet
  facet normal -0.146928 -0.989147 0
    outer loop
      vertex 60.3529 63.5827 0
      vertex 60.7023 63.5308 4.5
      vertex 60.3529 63.5827 4.5
    endloop
  endfacet
  facet normal -0.146928 -0.989147 -0
    outer loop
      vertex 60.7023 63.5308 4.5
      vertex 60.3529 63.5827 0
      vertex 60.7023 63.5308 0
    endloop
  endfacet
  facet normal -0.146928 -0.989147 0
    outer loop
      vertex 60.3529 63.5827 6.1
      vertex 60.7023 63.5308 124
      vertex 60.3529 63.5827 124
    endloop
  endfacet
  facet normal -0.146928 -0.989147 -0
    outer loop
      vertex 60.7023 63.5308 124
      vertex 60.3529 63.5827 6.1
      vertex 60.7023 63.5308 6.1
    endloop
  endfacet
  facet normal -0.903899 0.427746 0
    outer loop
      vertex 63.1749 -61.697 0
      vertex 63.326 -61.3777 4.5
      vertex 63.326 -61.3777 0
    endloop
  endfacet
  facet normal -0.903899 0.427746 0
    outer loop
      vertex 63.326 -61.3777 4.5
      vertex 63.1749 -61.697 0
      vertex 63.1749 -61.697 4.5
    endloop
  endfacet
  facet normal -0.903899 0.427746 0
    outer loop
      vertex 63.1749 -61.697 6.1
      vertex 63.326 -61.3777 124
      vertex 63.326 -61.3777 6.1
    endloop
  endfacet
  facet normal -0.903899 0.427746 0
    outer loop
      vertex 63.326 -61.3777 124
      vertex 63.1749 -61.697 6.1
      vertex 63.1749 -61.697 124
    endloop
  endfacet
  facet normal -0.857743 -0.514079 0
    outer loop
      vertex 63.1749 61.697 0
      vertex 62.9933 62 4.5
      vertex 62.9933 62 0
    endloop
  endfacet
  facet normal -0.857743 -0.514079 0
    outer loop
      vertex 62.9933 62 4.5
      vertex 63.1749 61.697 0
      vertex 63.1749 61.697 4.5
    endloop
  endfacet
  facet normal -0.857743 -0.514079 0
    outer loop
      vertex 63.1749 61.697 6.1
      vertex 62.9933 62 124
      vertex 62.9933 62 6.1
    endloop
  endfacet
  facet normal -0.857743 -0.514079 0
    outer loop
      vertex 62.9933 62 124
      vertex 63.1749 61.697 6.1
      vertex 63.1749 61.697 124
    endloop
  endfacet
  facet normal -0.941582 -0.336785 0
    outer loop
      vertex 63.445 61.045 0
      vertex 63.326 61.3777 4.5
      vertex 63.326 61.3777 0
    endloop
  endfacet
  facet normal -0.941582 -0.336785 0
    outer loop
      vertex 63.326 61.3777 4.5
      vertex 63.445 61.045 0
      vertex 63.445 61.045 4.5
    endloop
  endfacet
  facet normal -0.941582 -0.336785 0
    outer loop
      vertex 63.445 61.045 6.1
      vertex 63.326 61.3777 124
      vertex 63.326 61.3777 6.1
    endloop
  endfacet
  facet normal -0.941582 -0.336785 0
    outer loop
      vertex 63.326 61.3777 124
      vertex 63.445 61.045 6.1
      vertex 63.445 61.045 124
    endloop
  endfacet
  facet normal -0.146928 0.989147 0
    outer loop
      vertex 60.7023 -63.5308 0
      vertex 60.3529 -63.5827 4.5
      vertex 60.7023 -63.5308 4.5
    endloop
  endfacet
  facet normal -0.146928 0.989147 0
    outer loop
      vertex 60.3529 -63.5827 4.5
      vertex 60.7023 -63.5308 0
      vertex 60.3529 -63.5827 0
    endloop
  endfacet
  facet normal -0.146928 0.989147 0
    outer loop
      vertex 60.7023 -63.5308 6.1
      vertex 60.3529 -63.5827 124
      vertex 60.7023 -63.5308 124
    endloop
  endfacet
  facet normal -0.146928 0.989147 0
    outer loop
      vertex 60.3529 -63.5827 124
      vertex 60.7023 -63.5308 6.1
      vertex 60.3529 -63.5827 6.1
    endloop
  endfacet
  facet normal 0.741066 0.671432 0
    outer loop
      vertex -62.5456 -62.5456 4.5
      vertex -62.7828 -62.2838 0
      vertex -62.7828 -62.2838 4.5
    endloop
  endfacet
  facet normal 0.741066 0.671432 0
    outer loop
      vertex -62.7828 -62.2838 0
      vertex -62.5456 -62.5456 4.5
      vertex -62.5456 -62.5456 0
    endloop
  endfacet
  facet normal 0.741066 0.671432 0
    outer loop
      vertex -62.5456 -62.5456 124
      vertex -62.7828 -62.2838 6.1
      vertex -62.7828 -62.2838 124
    endloop
  endfacet
  facet normal 0.741066 0.671432 0
    outer loop
      vertex -62.7828 -62.2838 6.1
      vertex -62.5456 -62.5456 124
      vertex -62.5456 -62.5456 6.1
    endloop
  endfacet
  facet normal 0.970059 -0.242869 0
    outer loop
      vertex -63.5308 60.7023 4.5
      vertex -63.445 61.045 0
      vertex -63.445 61.045 4.5
    endloop
  endfacet
  facet normal 0.970059 -0.242869 0
    outer loop
      vertex -63.445 61.045 0
      vertex -63.5308 60.7023 4.5
      vertex -63.5308 60.7023 0
    endloop
  endfacet
  facet normal 0.970059 -0.242869 0
    outer loop
      vertex -63.5308 60.7023 124
      vertex -63.445 61.045 6.1
      vertex -63.445 61.045 124
    endloop
  endfacet
  facet normal 0.970059 -0.242869 0
    outer loop
      vertex -63.445 61.045 6.1
      vertex -63.5308 60.7023 124
      vertex -63.5308 60.7023 6.1
    endloop
  endfacet
  facet normal -0.970059 -0.242869 0
    outer loop
      vertex 63.5308 60.7023 0
      vertex 63.445 61.045 4.5
      vertex 63.445 61.045 0
    endloop
  endfacet
  facet normal -0.970059 -0.242869 0
    outer loop
      vertex 63.445 61.045 4.5
      vertex 63.5308 60.7023 0
      vertex 63.5308 60.7023 4.5
    endloop
  endfacet
  facet normal -0.970059 -0.242869 0
    outer loop
      vertex 63.5308 60.7023 6.1
      vertex 63.445 61.045 124
      vertex 63.445 61.045 6.1
    endloop
  endfacet
  facet normal -0.970059 -0.242869 0
    outer loop
      vertex 63.445 61.045 124
      vertex 63.5308 60.7023 6.1
      vertex 63.5308 60.7023 124
    endloop
  endfacet
  facet normal -1 0 0
    outer loop
      vertex 63.6 -60 0
      vertex 63.6 60 4.5
      vertex 63.6 60 0
    endloop
  endfacet
  facet normal -1 -0 0
    outer loop
      vertex 63.6 60 4.5
      vertex 63.6 -60 0
      vertex 63.6 -60 4.5
    endloop
  endfacet
  facet normal -1 0 0
    outer loop
      vertex 63.6 -60 6.1
      vertex 63.6 60 124
      vertex 63.6 60 6.1
    endloop
  endfacet
  facet normal -1 -0 0
    outer loop
      vertex 63.6 60 124
      vertex 63.6 -60 6.1
      vertex 63.6 -60 124
    endloop
  endfacet
  facet normal 1 -0 0
    outer loop
      vertex -63.6 -60 4.5
      vertex -63.6 60 0
      vertex -63.6 60 4.5
    endloop
  endfacet
  facet normal 1 0 0
    outer loop
      vertex -63.6 60 0
      vertex -63.6 -60 4.5
      vertex -63.6 -60 0
    endloop
  endfacet
  facet normal 1 -0 0
    outer loop
      vertex -63.6 -60 124
      vertex -63.6 60 6.1
      vertex -63.6 60 124
    endloop
  endfacet
  facet normal 1 0 0
    outer loop
      vertex -63.6 60 6.1
      vertex -63.6 -60 124
      vertex -63.6 -60 6.1
    endloop
  endfacet
  facet normal 0.242869 -0.970059 0
    outer loop
      vertex -61.045 63.445 0
      vertex -60.7023 63.5308 4.5
      vertex -61.045 63.445 4.5
    endloop
  endfacet
  facet normal 0.242869 -0.970059 0
    outer loop
      vertex -60.7023 63.5308 4.5
      vertex -61.045 63.445 0
      vertex -60.7023 63.5308 0
    endloop
  endfacet
  facet normal 0.242869 -0.970059 0
    outer loop
      vertex -61.045 63.445 6.1
      vertex -60.7023 63.5308 124
      vertex -61.045 63.445 124
    endloop
  endfacet
  facet normal 0.242869 -0.970059 0
    outer loop
      vertex -60.7023 63.5308 124
      vertex -61.045 63.445 6.1
      vertex -60.7023 63.5308 6.1
    endloop
  endfacet
  facet normal -0.0489636 0.998801 0
    outer loop
      vertex 60.3529 -63.5827 0
      vertex 60 -63.6 4.5
      vertex 60.3529 -63.5827 4.5
    endloop
  endfacet
  facet normal -0.0489636 0.998801 0
    outer loop
      vertex 60 -63.6 4.5
      vertex 60.3529 -63.5827 0
      vertex 60 -63.6 0
    endloop
  endfacet
  facet normal -0.0489636 0.998801 0
    outer loop
      vertex 60.3529 -63.5827 6.1
      vertex 60 -63.6 124
      vertex 60.3529 -63.5827 124
    endloop
  endfacet
  facet normal -0.0489636 0.998801 0
    outer loop
      vertex 60 -63.6 124
      vertex 60.3529 -63.5827 6.1
      vertex 60 -63.6 6.1
    endloop
  endfacet
  facet normal 0 1 -0
    outer loop
      vertex 60 -63.6 0
      vertex 8.6657 -63.6 4.5
      vertex 60 -63.6 4.5
    endloop
  endfacet
  facet normal 0 1 0
    outer loop
      vertex 8.6657 -63.6 4.5
      vertex 60 -63.6 0
      vertex 8.6657 -63.6 0
    endloop
  endfacet
  facet normal 0 1 -0
    outer loop
      vertex -8.6657 -63.6 0
      vertex -60 -63.6 4.5
      vertex -8.6657 -63.6 4.5
    endloop
  endfacet
  facet normal 0 1 0
    outer loop
      vertex -60 -63.6 4.5
      vertex -8.6657 -63.6 0
      vertex -60 -63.6 0
    endloop
  endfacet
  facet normal 0 1 0
    outer loop
      vertex 60 -63.6 124
      vertex 8.6657 -63.6 6.6
      vertex -60 -63.6 124
    endloop
  endfacet
  facet normal 0 1 -0
    outer loop
      vertex 60 -63.6 6.1
      vertex 8.6657 -63.6 6.6
      vertex 60 -63.6 124
    endloop
  endfacet
  facet normal 0 1 0
    outer loop
      vertex 8.6657 -63.6 6.6
      vertex 60 -63.6 6.1
      vertex 8.6657 -63.6 6.1
    endloop
  endfacet
  facet normal 0 1 -0
    outer loop
      vertex -8.6657 -63.6 6.6
      vertex -60 -63.6 124
      vertex 8.6657 -63.6 6.6
    endloop
  endfacet
  facet normal 0 1 0
    outer loop
      vertex -60 -63.6 6.1
      vertex -8.6657 -63.6 6.6
      vertex -8.6657 -63.6 6.1
    endloop
  endfacet
  facet normal 0 1 0
    outer loop
      vertex -8.6657 -63.6 6.6
      vertex -60 -63.6 6.1
      vertex -60 -63.6 124
    endloop
  endfacet
  facet normal -0.595735 -0.803181 0
    outer loop
      vertex 62 62.9933 0
      vertex 62.2838 62.7828 4.5
      vertex 62 62.9933 4.5
    endloop
  endfacet
  facet normal -0.595735 -0.803181 -0
    outer loop
      vertex 62.2838 62.7828 4.5
      vertex 62 62.9933 0
      vertex 62.2838 62.7828 0
    endloop
  endfacet
  facet normal -0.595735 -0.803181 0
    outer loop
      vertex 62 62.9933 6.1
      vertex 62.2838 62.7828 124
      vertex 62 62.9933 124
    endloop
  endfacet
  facet normal -0.595735 -0.803181 -0
    outer loop
      vertex 62.2838 62.7828 124
      vertex 62 62.9933 6.1
      vertex 62.2838 62.7828 6.1
    endloop
  endfacet
  facet normal -0.741066 -0.671432 0
    outer loop
      vertex 62.7828 62.2838 0
      vertex 62.5456 62.5456 4.5
      vertex 62.5456 62.5456 0
    endloop
  endfacet
  facet normal -0.741066 -0.671432 0
    outer loop
      vertex 62.5456 62.5456 4.5
      vertex 62.7828 62.2838 0
      vertex 62.7828 62.2838 4.5
    endloop
  endfacet
  facet normal -0.741066 -0.671432 0
    outer loop
      vertex 62.7828 62.2838 6.1
      vertex 62.5456 62.5456 124
      vertex 62.5456 62.5456 6.1
    endloop
  endfacet
  facet normal -0.741066 -0.671432 0
    outer loop
      vertex 62.5456 62.5456 124
      vertex 62.7828 62.2838 6.1
      vertex 62.7828 62.2838 124
    endloop
  endfacet
  facet normal 0 -1 0
    outer loop
      vertex 8.6657 63.6 0
      vertex 60 63.6 4.5
      vertex 8.6657 63.6 4.5
    endloop
  endfacet
  facet normal 0 -1 -0
    outer loop
      vertex 60 63.6 4.5
      vertex 8.6657 63.6 0
      vertex 60 63.6 0
    endloop
  endfacet
  facet normal 0 -1 0
    outer loop
      vertex -60 63.6 0
      vertex -8.6657 63.6 4.5
      vertex -60 63.6 4.5
    endloop
  endfacet
  facet normal 0 -1 -0
    outer loop
      vertex -8.6657 63.6 4.5
      vertex -60 63.6 0
      vertex -8.6657 63.6 0
    endloop
  endfacet
  facet normal 0 -1 0
    outer loop
      vertex -60 63.6 124
      vertex -8.6657 63.6 6.6
      vertex 60 63.6 124
    endloop
  endfacet
  facet normal 0 -1 0
    outer loop
      vertex -60 63.6 6.1
      vertex -8.6657 63.6 6.6
      vertex -60 63.6 124
    endloop
  endfacet
  facet normal 0 -1 -0
    outer loop
      vertex -8.6657 63.6 6.6
      vertex -60 63.6 6.1
      vertex -8.6657 63.6 6.1
    endloop
  endfacet
  facet normal 0 -1 0
    outer loop
      vertex 8.6657 63.6 6.6
      vertex 60 63.6 124
      vertex -8.6657 63.6 6.6
    endloop
  endfacet
  facet normal 0 -1 0
    outer loop
      vertex 60 63.6 6.1
      vertex 8.6657 63.6 6.6
      vertex 8.6657 63.6 6.1
    endloop
  endfacet
  facet normal 0 -1 0
    outer loop
      vertex 8.6657 63.6 6.6
      vertex 60 63.6 6.1
      vertex 60 63.6 124
    endloop
  endfacet
  facet normal 0.989147 -0.146928 0
    outer loop
      vertex -63.5827 60.3529 4.5
      vertex -63.5308 60.7023 0
      vertex -63.5308 60.7023 4.5
    endloop
  endfacet
  facet normal 0.989147 -0.146928 0
    outer loop
      vertex -63.5308 60.7023 0
      vertex -63.5827 60.3529 4.5
      vertex -63.5827 60.3529 0
    endloop
  endfacet
  facet normal 0.989147 -0.146928 0
    outer loop
      vertex -63.5827 60.3529 124
      vertex -63.5308 60.7023 6.1
      vertex -63.5308 60.7023 124
    endloop
  endfacet
  facet normal 0.989147 -0.146928 0
    outer loop
      vertex -63.5308 60.7023 6.1
      vertex -63.5827 60.3529 124
      vertex -63.5827 60.3529 6.1
    endloop
  endfacet
  facet normal 0.857743 -0.514079 0
    outer loop
      vertex -63.1749 61.697 4.5
      vertex -62.9933 62 0
      vertex -62.9933 62 4.5
    endloop
  endfacet
  facet normal 0.857743 -0.514079 0
    outer loop
      vertex -62.9933 62 0
      vertex -63.1749 61.697 4.5
      vertex -63.1749 61.697 0
    endloop
  endfacet
  facet normal 0.857743 -0.514079 0
    outer loop
      vertex -63.1749 61.697 124
      vertex -62.9933 62 6.1
      vertex -62.9933 62 124
    endloop
  endfacet
  facet normal 0.857743 -0.514079 0
    outer loop
      vertex -62.9933 62 6.1
      vertex -63.1749 61.697 124
      vertex -63.1749 61.697 6.1
    endloop
  endfacet
  facet normal -0.427746 0.903899 0
    outer loop
      vertex 61.697 -63.1749 0
      vertex 61.3777 -63.326 4.5
      vertex 61.697 -63.1749 4.5
    endloop
  endfacet
  facet normal -0.427746 0.903899 0
    outer loop
      vertex 61.3777 -63.326 4.5
      vertex 61.697 -63.1749 0
      vertex 61.3777 -63.326 0
    endloop
  endfacet
  facet normal -0.427746 0.903899 0
    outer loop
      vertex 61.697 -63.1749 6.1
      vertex 61.3777 -63.326 124
      vertex 61.697 -63.1749 124
    endloop
  endfacet
  facet normal -0.427746 0.903899 0
    outer loop
      vertex 61.3777 -63.326 124
      vertex 61.697 -63.1749 6.1
      vertex 61.3777 -63.326 6.1
    endloop
  endfacet
  facet normal 0.427746 0.903899 -0
    outer loop
      vertex -61.3777 -63.326 0
      vertex -61.697 -63.1749 4.5
      vertex -61.3777 -63.326 4.5
    endloop
  endfacet
  facet normal 0.427746 0.903899 0
    outer loop
      vertex -61.697 -63.1749 4.5
      vertex -61.3777 -63.326 0
      vertex -61.697 -63.1749 0
    endloop
  endfacet
  facet normal 0.427746 0.903899 -0
    outer loop
      vertex -61.3777 -63.326 6.1
      vertex -61.697 -63.1749 124
      vertex -61.3777 -63.326 124
    endloop
  endfacet
  facet normal 0.427746 0.903899 0
    outer loop
      vertex -61.697 -63.1749 124
      vertex -61.3777 -63.326 6.1
      vertex -61.697 -63.1749 6.1
    endloop
  endfacet
  facet normal -0.336785 -0.941582 0
    outer loop
      vertex 61.045 63.445 0
      vertex 61.3777 63.326 4.5
      vertex 61.045 63.445 4.5
    endloop
  endfacet
  facet normal -0.336785 -0.941582 -0
    outer loop
      vertex 61.3777 63.326 4.5
      vertex 61.045 63.445 0
      vertex 61.3777 63.326 0
    endloop
  endfacet
  facet normal -0.336785 -0.941582 0
    outer loop
      vertex 61.045 63.445 6.1
      vertex 61.3777 63.326 124
      vertex 61.045 63.445 124
    endloop
  endfacet
  facet normal -0.336785 -0.941582 -0
    outer loop
      vertex 61.3777 63.326 124
      vertex 61.045 63.445 6.1
      vertex 61.3777 63.326 6.1
    endloop
  endfacet
  facet normal -0.998801 -0.0489636 0
    outer loop
      vertex 63.6 60 0
      vertex 63.5827 60.3529 4.5
      vertex 63.5827 60.3529 0
    endloop
  endfacet
  facet normal -0.998801 -0.0489636 0
    outer loop
      vertex 63.5827 60.3529 4.5
      vertex 63.6 60 0
      vertex 63.6 60 4.5
    endloop
  endfacet
  facet normal -0.998801 -0.0489636 0
    outer loop
      vertex 63.6 60 6.1
      vertex 63.5827 60.3529 124
      vertex 63.5827 60.3529 6.1
    endloop
  endfacet
  facet normal -0.998801 -0.0489636 0
    outer loop
      vertex 63.5827 60.3529 124
      vertex 63.6 60 6.1
      vertex 63.6 60 124
    endloop
  endfacet
  facet normal 0.741066 -0.671432 0
    outer loop
      vertex -62.7828 62.2838 4.5
      vertex -62.5456 62.5456 0
      vertex -62.5456 62.5456 4.5
    endloop
  endfacet
  facet normal 0.741066 -0.671432 0
    outer loop
      vertex -62.5456 62.5456 0
      vertex -62.7828 62.2838 4.5
      vertex -62.7828 62.2838 0
    endloop
  endfacet
  facet normal 0.741066 -0.671432 0
    outer loop
      vertex -62.7828 62.2838 124
      vertex -62.5456 62.5456 6.1
      vertex -62.5456 62.5456 124
    endloop
  endfacet
  facet normal 0.741066 -0.671432 0
    outer loop
      vertex -62.5456 62.5456 6.1
      vertex -62.7828 62.2838 124
      vertex -62.7828 62.2838 6.1
    endloop
  endfacet
  facet normal 0.903899 0.427746 0
    outer loop
      vertex -63.1749 -61.697 4.5
      vertex -63.326 -61.3777 0
      vertex -63.326 -61.3777 4.5
    endloop
  endfacet
  facet normal 0.903899 0.427746 0
    outer loop
      vertex -63.326 -61.3777 0
      vertex -63.1749 -61.697 4.5
      vertex -63.1749 -61.697 0
    endloop
  endfacet
  facet normal 0.903899 0.427746 0
    outer loop
      vertex -63.1749 -61.697 124
      vertex -63.326 -61.3777 6.1
      vertex -63.326 -61.3777 124
    endloop
  endfacet
  facet normal 0.903899 0.427746 0
    outer loop
      vertex -63.326 -61.3777 6.1
      vertex -63.1749 -61.697 124
      vertex -63.1749 -61.697 6.1
    endloop
  endfacet
  facet normal 0.514079 -0.857743 0
    outer loop
      vertex -62 62.9933 0
      vertex -61.697 63.1749 4.5
      vertex -62 62.9933 4.5
    endloop
  endfacet
  facet normal 0.514079 -0.857743 0
    outer loop
      vertex -61.697 63.1749 4.5
      vertex -62 62.9933 0
      vertex -61.697 63.1749 0
    endloop
  endfacet
  facet normal 0.514079 -0.857743 0
    outer loop
      vertex -62 62.9933 6.1
      vertex -61.697 63.1749 124
      vertex -62 62.9933 124
    endloop
  endfacet
  facet normal 0.514079 -0.857743 0
    outer loop
      vertex -61.697 63.1749 124
      vertex -62 62.9933 6.1
      vertex -61.697 63.1749 6.1
    endloop
  endfacet
  facet normal 0.146928 -0.989147 0
    outer loop
      vertex -60.7023 63.5308 0
      vertex -60.3529 63.5827 4.5
      vertex -60.7023 63.5308 4.5
    endloop
  endfacet
  facet normal 0.146928 -0.989147 0
    outer loop
      vertex -60.3529 63.5827 4.5
      vertex -60.7023 63.5308 0
      vertex -60.3529 63.5827 0
    endloop
  endfacet
  facet normal 0.146928 -0.989147 0
    outer loop
      vertex -60.7023 63.5308 6.1
      vertex -60.3529 63.5827 124
      vertex -60.7023 63.5308 124
    endloop
  endfacet
  facet normal 0.146928 -0.989147 0
    outer loop
      vertex -60.3529 63.5827 124
      vertex -60.7023 63.5308 6.1
      vertex -60.3529 63.5827 6.1
    endloop
  endfacet
  facet normal 0.242869 0.970059 -0
    outer loop
      vertex -60.7023 -63.5308 0
      vertex -61.045 -63.445 4.5
      vertex -60.7023 -63.5308 4.5
    endloop
  endfacet
  facet normal 0.242869 0.970059 0
    outer loop
      vertex -61.045 -63.445 4.5
      vertex -60.7023 -63.5308 0
      vertex -61.045 -63.445 0
    endloop
  endfacet
  facet normal 0.242869 0.970059 -0
    outer loop
      vertex -60.7023 -63.5308 6.1
      vertex -61.045 -63.445 124
      vertex -60.7023 -63.5308 124
    endloop
  endfacet
  facet normal 0.242869 0.970059 0
    outer loop
      vertex -61.045 -63.445 124
      vertex -60.7023 -63.5308 6.1
      vertex -61.045 -63.445 6.1
    endloop
  endfacet
  facet normal 0.970059 0.242869 0
    outer loop
      vertex -63.445 -61.045 4.5
      vertex -63.5308 -60.7023 0
      vertex -63.5308 -60.7023 4.5
    endloop
  endfacet
  facet normal 0.970059 0.242869 0
    outer loop
      vertex -63.5308 -60.7023 0
      vertex -63.445 -61.045 4.5
      vertex -63.445 -61.045 0
    endloop
  endfacet
  facet normal 0.970059 0.242869 0
    outer loop
      vertex -63.445 -61.045 124
      vertex -63.5308 -60.7023 6.1
      vertex -63.5308 -60.7023 124
    endloop
  endfacet
  facet normal 0.970059 0.242869 0
    outer loop
      vertex -63.5308 -60.7023 6.1
      vertex -63.445 -61.045 124
      vertex -63.445 -61.045 6.1
    endloop
  endfacet
  facet normal 0.803181 -0.595735 0
    outer loop
      vertex -62.9933 62 4.5
      vertex -62.7828 62.2838 0
      vertex -62.7828 62.2838 4.5
    endloop
  endfacet
  facet normal 0.803181 -0.595735 0
    outer loop
      vertex -62.7828 62.2838 0
      vertex -62.9933 62 4.5
      vertex -62.9933 62 0
    endloop
  endfacet
  facet normal 0.803181 -0.595735 0
    outer loop
      vertex -62.9933 62 124
      vertex -62.7828 62.2838 6.1
      vertex -62.7828 62.2838 124
    endloop
  endfacet
  facet normal 0.803181 -0.595735 0
    outer loop
      vertex -62.7828 62.2838 6.1
      vertex -62.9933 62 124
      vertex -62.9933 62 6.1
    endloop
  endfacet
  facet normal 0.941582 -0.336785 0
    outer loop
      vertex -63.445 61.045 4.5
      vertex -63.326 61.3777 0
      vertex -63.326 61.3777 4.5
    endloop
  endfacet
  facet normal 0.941582 -0.336785 0
    outer loop
      vertex -63.326 61.3777 0
      vertex -63.445 61.045 4.5
      vertex -63.445 61.045 0
    endloop
  endfacet
  facet normal 0.941582 -0.336785 0
    outer loop
      vertex -63.445 61.045 124
      vertex -63.326 61.3777 6.1
      vertex -63.326 61.3777 124
    endloop
  endfacet
  facet normal 0.941582 -0.336785 0
    outer loop
      vertex -63.326 61.3777 6.1
      vertex -63.445 61.045 124
      vertex -63.445 61.045 6.1
    endloop
  endfacet
  facet normal -0.671432 -0.741066 0
    outer loop
      vertex 62.2838 62.7828 0
      vertex 62.5456 62.5456 4.5
      vertex 62.2838 62.7828 4.5
    endloop
  endfacet
  facet normal -0.671432 -0.741066 -0
    outer loop
      vertex 62.5456 62.5456 4.5
      vertex 62.2838 62.7828 0
      vertex 62.5456 62.5456 0
    endloop
  endfacet
  facet normal -0.671432 -0.741066 0
    outer loop
      vertex 62.2838 62.7828 6.1
      vertex 62.5456 62.5456 124
      vertex 62.2838 62.7828 124
    endloop
  endfacet
  facet normal -0.671432 -0.741066 -0
    outer loop
      vertex 62.5456 62.5456 124
      vertex 62.2838 62.7828 6.1
      vertex 62.5456 62.5456 6.1
    endloop
  endfacet
  facet normal -0.857743 0.514079 0
    outer loop
      vertex 62.9933 -62 0
      vertex 63.1749 -61.697 4.5
      vertex 63.1749 -61.697 0
    endloop
  endfacet
  facet normal -0.857743 0.514079 0
    outer loop
      vertex 63.1749 -61.697 4.5
      vertex 62.9933 -62 0
      vertex 62.9933 -62 4.5
    endloop
  endfacet
  facet normal -0.857743 0.514079 0
    outer loop
      vertex 62.9933 -62 6.1
      vertex 63.1749 -61.697 124
      vertex 63.1749 -61.697 6.1
    endloop
  endfacet
  facet normal -0.857743 0.514079 0
    outer loop
      vertex 63.1749 -61.697 124
      vertex 62.9933 -62 6.1
      vertex 62.9933 -62 124
    endloop
  endfacet
  facet normal 0.903899 -0.427746 0
    outer loop
      vertex -63.326 61.3777 4.5
      vertex -63.1749 61.697 0
      vertex -63.1749 61.697 4.5
    endloop
  endfacet
  facet normal 0.903899 -0.427746 0
    outer loop
      vertex -63.1749 61.697 0
      vertex -63.326 61.3777 4.5
      vertex -63.326 61.3777 0
    endloop
  endfacet
  facet normal 0.903899 -0.427746 0
    outer loop
      vertex -63.326 61.3777 124
      vertex -63.1749 61.697 6.1
      vertex -63.1749 61.697 124
    endloop
  endfacet
  facet normal 0.903899 -0.427746 0
    outer loop
      vertex -63.1749 61.697 6.1
      vertex -63.326 61.3777 124
      vertex -63.326 61.3777 6.1
    endloop
  endfacet
  facet normal -0.970059 0.242869 0
    outer loop
      vertex 63.445 -61.045 0
      vertex 63.5308 -60.7023 4.5
      vertex 63.5308 -60.7023 0
    endloop
  endfacet
  facet normal -0.970059 0.242869 0
    outer loop
      vertex 63.5308 -60.7023 4.5
      vertex 63.445 -61.045 0
      vertex 63.445 -61.045 4.5
    endloop
  endfacet
  facet normal -0.970059 0.242869 0
    outer loop
      vertex 63.445 -61.045 6.1
      vertex 63.5308 -60.7023 124
      vertex 63.5308 -60.7023 6.1
    endloop
  endfacet
  facet normal -0.970059 0.242869 0
    outer loop
      vertex 63.5308 -60.7023 124
      vertex 63.445 -61.045 6.1
      vertex 63.445 -61.045 124
    endloop
  endfacet
  facet normal -0.242869 0.970059 0
    outer loop
      vertex 61.045 -63.445 0
      vertex 60.7023 -63.5308 4.5
      vertex 61.045 -63.445 4.5
    endloop
  endfacet
  facet normal -0.242869 0.970059 0
    outer loop
      vertex 60.7023 -63.5308 4.5
      vertex 61.045 -63.445 0
      vertex 60.7023 -63.5308 0
    endloop
  endfacet
  facet normal -0.242869 0.970059 0
    outer loop
      vertex 61.045 -63.445 6.1
      vertex 60.7023 -63.5308 124
      vertex 61.045 -63.445 124
    endloop
  endfacet
  facet normal -0.242869 0.970059 0
    outer loop
      vertex 60.7023 -63.5308 124
      vertex 61.045 -63.445 6.1
      vertex 60.7023 -63.5308 6.1
    endloop
  endfacet
  facet normal -0.998801 0.0489636 0
    outer loop
      vertex 63.5827 -60.3529 0
      vertex 63.6 -60 4.5
      vertex 63.6 -60 0
    endloop
  endfacet
  facet normal -0.998801 0.0489636 0
    outer loop
      vertex 63.6 -60 4.5
      vertex 63.5827 -60.3529 0
      vertex 63.5827 -60.3529 4.5
    endloop
  endfacet
  facet normal -0.998801 0.0489636 0
    outer loop
      vertex 63.5827 -60.3529 6.1
      vertex 63.6 -60 124
      vertex 63.6 -60 6.1
    endloop
  endfacet
  facet normal -0.998801 0.0489636 0
    outer loop
      vertex 63.6 -60 124
      vertex 63.5827 -60.3529 6.1
      vertex 63.5827 -60.3529 124
    endloop
  endfacet
  facet normal 0.0489636 0.998801 -0
    outer loop
      vertex -60 -63.6 0
      vertex -60.3529 -63.5827 4.5
      vertex -60 -63.6 4.5
    endloop
  endfacet
  facet normal 0.0489636 0.998801 0
    outer loop
      vertex -60.3529 -63.5827 4.5
      vertex -60 -63.6 0
      vertex -60.3529 -63.5827 0
    endloop
  endfacet
  facet normal 0.0489636 0.998801 -0
    outer loop
      vertex -60 -63.6 6.1
      vertex -60.3529 -63.5827 124
      vertex -60 -63.6 124
    endloop
  endfacet
  facet normal 0.0489636 0.998801 0
    outer loop
      vertex -60.3529 -63.5827 124
      vertex -60 -63.6 6.1
      vertex -60.3529 -63.5827 6.1
    endloop
  endfacet
  facet normal 0.146928 0.989147 -0
    outer loop
      vertex -60.3529 -63.5827 0
      vertex -60.7023 -63.5308 4.5
      vertex -60.3529 -63.5827 4.5
    endloop
  endfacet
  facet normal 0.146928 0.989147 0
    outer loop
      vertex -60.7023 -63.5308 4.5
      vertex -60.3529 -63.5827 0
      vertex -60.7023 -63.5308 0
    endloop
  endfacet
  facet normal 0.146928 0.989147 -0
    outer loop
      vertex -60.3529 -63.5827 6.1
      vertex -60.7023 -63.5308 124
      vertex -60.3529 -63.5827 124
    endloop
  endfacet
  facet normal 0.146928 0.989147 0
    outer loop
      vertex -60.7023 -63.5308 124
      vertex -60.3529 -63.5827 6.1
      vertex -60.7023 -63.5308 6.1
    endloop
  endfacet
  facet normal -0.989147 0.146928 0
    outer loop
      vertex 63.5308 -60.7023 0
      vertex 63.5827 -60.3529 4.5
      vertex 63.5827 -60.3529 0
    endloop
  endfacet
  facet normal -0.989147 0.146928 0
    outer loop
      vertex 63.5827 -60.3529 4.5
      vertex 63.5308 -60.7023 0
      vertex 63.5308 -60.7023 4.5
    endloop
  endfacet
  facet normal -0.989147 0.146928 0
    outer loop
      vertex 63.5308 -60.7023 6.1
      vertex 63.5827 -60.3529 124
      vertex 63.5827 -60.3529 6.1
    endloop
  endfacet
  facet normal -0.989147 0.146928 0
    outer loop
      vertex 63.5827 -60.3529 124
      vertex 63.5308 -60.7023 6.1
      vertex 63.5308 -60.7023 124
    endloop
  endfacet
  facet normal -0.514079 -0.857743 0
    outer loop
      vertex 61.697 63.1749 0
      vertex 62 62.9933 4.5
      vertex 61.697 63.1749 4.5
    endloop
  endfacet
  facet normal -0.514079 -0.857743 -0
    outer loop
      vertex 62 62.9933 4.5
      vertex 61.697 63.1749 0
      vertex 62 62.9933 0
    endloop
  endfacet
  facet normal -0.514079 -0.857743 0
    outer loop
      vertex 61.697 63.1749 6.1
      vertex 62 62.9933 124
      vertex 61.697 63.1749 124
    endloop
  endfacet
  facet normal -0.514079 -0.857743 -0
    outer loop
      vertex 62 62.9933 124
      vertex 61.697 63.1749 6.1
      vertex 62 62.9933 6.1
    endloop
  endfacet
  facet normal 0.427746 -0.903899 0
    outer loop
      vertex -61.697 63.1749 0
      vertex -61.3777 63.326 4.5
      vertex -61.697 63.1749 4.5
    endloop
  endfacet
  facet normal 0.427746 -0.903899 0
    outer loop
      vertex -61.3777 63.326 4.5
      vertex -61.697 63.1749 0
      vertex -61.3777 63.326 0
    endloop
  endfacet
  facet normal 0.427746 -0.903899 0
    outer loop
      vertex -61.697 63.1749 6.1
      vertex -61.3777 63.326 124
      vertex -61.697 63.1749 124
    endloop
  endfacet
  facet normal 0.427746 -0.903899 0
    outer loop
      vertex -61.3777 63.326 124
      vertex -61.697 63.1749 6.1
      vertex -61.3777 63.326 6.1
    endloop
  endfacet
  facet normal 0.336785 -0.941582 0
    outer loop
      vertex -61.3777 63.326 0
      vertex -61.045 63.445 4.5
      vertex -61.3777 63.326 4.5
    endloop
  endfacet
  facet normal 0.336785 -0.941582 0
    outer loop
      vertex -61.045 63.445 4.5
      vertex -61.3777 63.326 0
      vertex -61.045 63.445 0
    endloop
  endfacet
  facet normal 0.336785 -0.941582 0
    outer loop
      vertex -61.3777 63.326 6.1
      vertex -61.045 63.445 124
      vertex -61.3777 63.326 124
    endloop
  endfacet
  facet normal 0.336785 -0.941582 0
    outer loop
      vertex -61.045 63.445 124
      vertex -61.3777 63.326 6.1
      vertex -61.045 63.445 6.1
    endloop
  endfacet
  facet normal 0.0489636 -0.998801 0
    outer loop
      vertex -60.3529 63.5827 0
      vertex -60 63.6 4.5
      vertex -60.3529 63.5827 4.5
    endloop
  endfacet
  facet normal 0.0489636 -0.998801 0
    outer loop
      vertex -60 63.6 4.5
      vertex -60.3529 63.5827 0
      vertex -60 63.6 0
    endloop
  endfacet
  facet normal 0.0489636 -0.998801 0
    outer loop
      vertex -60.3529 63.5827 6.1
      vertex -60 63.6 124
      vertex -60.3529 63.5827 124
    endloop
  endfacet
  facet normal 0.0489636 -0.998801 0
    outer loop
      vertex -60 63.6 124
      vertex -60.3529 63.5827 6.1
      vertex -60 63.6 6.1
    endloop
  endfacet
  facet normal -0.595735 0.803181 0
    outer loop
      vertex 62.2838 -62.7828 0
      vertex 62 -62.9933 4.5
      vertex 62.2838 -62.7828 4.5
    endloop
  endfacet
  facet normal -0.595735 0.803181 0
    outer loop
      vertex 62 -62.9933 4.5
      vertex 62.2838 -62.7828 0
      vertex 62 -62.9933 0
    endloop
  endfacet
  facet normal -0.595735 0.803181 0
    outer loop
      vertex 62.2838 -62.7828 6.1
      vertex 62 -62.9933 124
      vertex 62.2838 -62.7828 124
    endloop
  endfacet
  facet normal -0.595735 0.803181 0
    outer loop
      vertex 62 -62.9933 124
      vertex 62.2838 -62.7828 6.1
      vertex 62 -62.9933 6.1
    endloop
  endfacet
  facet normal 0.336785 0.941582 -0
    outer loop
      vertex -61.045 -63.445 0
      vertex -61.3777 -63.326 4.5
      vertex -61.045 -63.445 4.5
    endloop
  endfacet
  facet normal 0.336785 0.941582 0
    outer loop
      vertex -61.3777 -63.326 4.5
      vertex -61.045 -63.445 0
      vertex -61.3777 -63.326 0
    endloop
  endfacet
  facet normal 0.336785 0.941582 -0
    outer loop
      vertex -61.045 -63.445 6.1
      vertex -61.3777 -63.326 124
      vertex -61.045 -63.445 124
    endloop
  endfacet
  facet normal 0.336785 0.941582 0
    outer loop
      vertex -61.3777 -63.326 124
      vertex -61.045 -63.445 6.1
      vertex -61.3777 -63.326 6.1
    endloop
  endfacet
  facet normal 0.671432 0.741066 -0
    outer loop
      vertex -62.2838 -62.7828 0
      vertex -62.5456 -62.5456 4.5
      vertex -62.2838 -62.7828 4.5
    endloop
  endfacet
  facet normal 0.671432 0.741066 0
    outer loop
      vertex -62.5456 -62.5456 4.5
      vertex -62.2838 -62.7828 0
      vertex -62.5456 -62.5456 0
    endloop
  endfacet
  facet normal 0.671432 0.741066 -0
    outer loop
      vertex -62.2838 -62.7828 6.1
      vertex -62.5456 -62.5456 124
      vertex -62.2838 -62.7828 124
    endloop
  endfacet
  facet normal 0.671432 0.741066 0
    outer loop
      vertex -62.5456 -62.5456 124
      vertex -62.2838 -62.7828 6.1
      vertex -62.5456 -62.5456 6.1
    endloop
  endfacet
  facet normal 0.514079 0.857743 -0
    outer loop
      vertex -61.697 -63.1749 0
      vertex -62 -62.9933 4.5
      vertex -61.697 -63.1749 4.5
    endloop
  endfacet
  facet normal 0.514079 0.857743 0
    outer loop
      vertex -62 -62.9933 4.5
      vertex -61.697 -63.1749 0
      vertex -62 -62.9933 0
    endloop
  endfacet
  facet normal 0.514079 0.857743 -0
    outer loop
      vertex -61.697 -63.1749 6.1
      vertex -62 -62.9933 124
      vertex -61.697 -63.1749 124
    endloop
  endfacet
  facet normal 0.514079 0.857743 0
    outer loop
      vertex -62 -62.9933 124
      vertex -61.697 -63.1749 6.1
      vertex -62 -62.9933 6.1
    endloop
  endfacet
  facet normal -0.336785 0.941582 0
    outer loop
      vertex 61.3777 -63.326 0
      vertex 61.045 -63.445 4.5
      vertex 61.3777 -63.326 4.5
    endloop
  endfacet
  facet normal -0.336785 0.941582 0
    outer loop
      vertex 61.045 -63.445 4.5
      vertex 61.3777 -63.326 0
      vertex 61.045 -63.445 0
    endloop
  endfacet
  facet normal -0.336785 0.941582 0
    outer loop
      vertex 61.3777 -63.326 6.1
      vertex 61.045 -63.445 124
      vertex 61.3777 -63.326 124
    endloop
  endfacet
  facet normal -0.336785 0.941582 0
    outer loop
      vertex 61.045 -63.445 124
      vertex 61.3777 -63.326 6.1
      vertex 61.045 -63.445 6.1
    endloop
  endfacet
  facet normal 0.595735 -0.803181 0
    outer loop
      vertex -62.2838 62.7828 0
      vertex -62 62.9933 4.5
      vertex -62.2838 62.7828 4.5
    endloop
  endfacet
  facet normal 0.595735 -0.803181 0
    outer loop
      vertex -62 62.9933 4.5
      vertex -62.2838 62.7828 0
      vertex -62 62.9933 0
    endloop
  endfacet
  facet normal 0.595735 -0.803181 0
    outer loop
      vertex -62.2838 62.7828 6.1
      vertex -62 62.9933 124
      vertex -62.2838 62.7828 124
    endloop
  endfacet
  facet normal 0.595735 -0.803181 0
    outer loop
      vertex -62 62.9933 124
      vertex -62.2838 62.7828 6.1
      vertex -62 62.9933 6.1
    endloop
  endfacet
  facet normal -0.941582 0.336785 0
    outer loop
      vertex 63.326 -61.3777 0
      vertex 63.445 -61.045 4.5
      vertex 63.445 -61.045 0
    endloop
  endfacet
  facet normal -0.941582 0.336785 0
    outer loop
      vertex 63.445 -61.045 4.5
      vertex 63.326 -61.3777 0
      vertex 63.326 -61.3777 4.5
    endloop
  endfacet
  facet normal -0.941582 0.336785 0
    outer loop
      vertex 63.326 -61.3777 6.1
      vertex 63.445 -61.045 124
      vertex 63.445 -61.045 6.1
    endloop
  endfacet
  facet normal -0.941582 0.336785 0
    outer loop
      vertex 63.445 -61.045 124
      vertex 63.326 -61.3777 6.1
      vertex 63.326 -61.3777 124
    endloop
  endfacet
  facet normal -0.803181 -0.595735 0
    outer loop
      vertex 62.9933 62 0
      vertex 62.7828 62.2838 4.5
      vertex 62.7828 62.2838 0
    endloop
  endfacet
  facet normal -0.803181 -0.595735 0
    outer loop
      vertex 62.7828 62.2838 4.5
      vertex 62.9933 62 0
      vertex 62.9933 62 4.5
    endloop
  endfacet
  facet normal -0.803181 -0.595735 0
    outer loop
      vertex 62.9933 62 6.1
      vertex 62.7828 62.2838 124
      vertex 62.7828 62.2838 6.1
    endloop
  endfacet
  facet normal -0.803181 -0.595735 0
    outer loop
      vertex 62.7828 62.2838 124
      vertex 62.9933 62 6.1
      vertex 62.9933 62 124
    endloop
  endfacet
  facet normal -0.741066 0.671432 0
    outer loop
      vertex 62.5456 -62.5456 0
      vertex 62.7828 -62.2838 4.5
      vertex 62.7828 -62.2838 0
    endloop
  endfacet
  facet normal -0.741066 0.671432 0
    outer loop
      vertex 62.7828 -62.2838 4.5
      vertex 62.5456 -62.5456 0
      vertex 62.5456 -62.5456 4.5
    endloop
  endfacet
  facet normal -0.741066 0.671432 0
    outer loop
      vertex 62.5456 -62.5456 6.1
      vertex 62.7828 -62.2838 124
      vertex 62.7828 -62.2838 6.1
    endloop
  endfacet
  facet normal -0.741066 0.671432 0
    outer loop
      vertex 62.7828 -62.2838 124
      vertex 62.5456 -62.5456 6.1
      vertex 62.5456 -62.5456 124
    endloop
  endfacet
  facet normal -0.242869 -0.970059 0
    outer loop
      vertex 60.7023 63.5308 0
      vertex 61.045 63.445 4.5
      vertex 60.7023 63.5308 4.5
    endloop
  endfacet
  facet normal -0.242869 -0.970059 -0
    outer loop
      vertex 61.045 63.445 4.5
      vertex 60.7023 63.5308 0
      vertex 61.045 63.445 0
    endloop
  endfacet
  facet normal -0.242869 -0.970059 0
    outer loop
      vertex 60.7023 63.5308 6.1
      vertex 61.045 63.445 124
      vertex 60.7023 63.5308 124
    endloop
  endfacet
  facet normal -0.242869 -0.970059 -0
    outer loop
      vertex 61.045 63.445 124
      vertex 60.7023 63.5308 6.1
      vertex 61.045 63.445 6.1
    endloop
  endfacet
  facet normal -0.671432 0.741066 0
    outer loop
      vertex 62.5456 -62.5456 0
      vertex 62.2838 -62.7828 4.5
      vertex 62.5456 -62.5456 4.5
    endloop
  endfacet
  facet normal -0.671432 0.741066 0
    outer loop
      vertex 62.2838 -62.7828 4.5
      vertex 62.5456 -62.5456 0
      vertex 62.2838 -62.7828 0
    endloop
  endfacet
  facet normal -0.671432 0.741066 0
    outer loop
      vertex 62.5456 -62.5456 6.1
      vertex 62.2838 -62.7828 124
      vertex 62.5456 -62.5456 124
    endloop
  endfacet
  facet normal -0.671432 0.741066 0
    outer loop
      vertex 62.2838 -62.7828 124
      vertex 62.5456 -62.5456 6.1
      vertex 62.2838 -62.7828 6.1
    endloop
  endfacet
  facet normal 0.595735 0.803181 -0
    outer loop
      vertex -62 -62.9933 0
      vertex -62.2838 -62.7828 4.5
      vertex -62 -62.9933 4.5
    endloop
  endfacet
  facet normal 0.595735 0.803181 0
    outer loop
      vertex -62.2838 -62.7828 4.5
      vertex -62 -62.9933 0
      vertex -62.2838 -62.7828 0
    endloop
  endfacet
  facet normal 0.595735 0.803181 -0
    outer loop
      vertex -62 -62.9933 6.1
      vertex -62.2838 -62.7828 124
      vertex -62 -62.9933 124
    endloop
  endfacet
  facet normal 0.595735 0.803181 0
    outer loop
      vertex -62.2838 -62.7828 124
      vertex -62 -62.9933 6.1
      vertex -62.2838 -62.7828 6.1
    endloop
  endfacet
  facet normal 0.857743 0.514079 0
    outer loop
      vertex -62.9933 -62 4.5
      vertex -63.1749 -61.697 0
      vertex -63.1749 -61.697 4.5
    endloop
  endfacet
  facet normal 0.857743 0.514079 0
    outer loop
      vertex -63.1749 -61.697 0
      vertex -62.9933 -62 4.5
      vertex -62.9933 -62 0
    endloop
  endfacet
  facet normal 0.857743 0.514079 0
    outer loop
      vertex -62.9933 -62 124
      vertex -63.1749 -61.697 6.1
      vertex -63.1749 -61.697 124
    endloop
  endfacet
  facet normal 0.857743 0.514079 0
    outer loop
      vertex -63.1749 -61.697 6.1
      vertex -62.9933 -62 124
      vertex -62.9933 -62 6.1
    endloop
  endfacet
  facet normal -0.803181 0.595735 0
    outer loop
      vertex 62.7828 -62.2838 0
      vertex 62.9933 -62 4.5
      vertex 62.9933 -62 0
    endloop
  endfacet
  facet normal -0.803181 0.595735 0
    outer loop
      vertex 62.9933 -62 4.5
      vertex 62.7828 -62.2838 0
      vertex 62.7828 -62.2838 4.5
    endloop
  endfacet
  facet normal -0.803181 0.595735 0
    outer loop
      vertex 62.7828 -62.2838 6.1
      vertex 62.9933 -62 124
      vertex 62.9933 -62 6.1
    endloop
  endfacet
  facet normal -0.803181 0.595735 0
    outer loop
      vertex 62.9933 -62 124
      vertex 62.7828 -62.2838 6.1
      vertex 62.7828 -62.2838 124
    endloop
  endfacet
  facet normal -0.514079 0.857743 0
    outer loop
      vertex 62 -62.9933 0
      vertex 61.697 -63.1749 4.5
      vertex 62 -62.9933 4.5
    endloop
  endfacet
  facet normal -0.514079 0.857743 0
    outer loop
      vertex 61.697 -63.1749 4.5
      vertex 62 -62.9933 0
      vertex 61.697 -63.1749 0
    endloop
  endfacet
  facet normal -0.514079 0.857743 0
    outer loop
      vertex 62 -62.9933 6.1
      vertex 61.697 -63.1749 124
      vertex 62 -62.9933 124
    endloop
  endfacet
  facet normal -0.514079 0.857743 0
    outer loop
      vertex 61.697 -63.1749 124
      vertex 62 -62.9933 6.1
      vertex 61.697 -63.1749 6.1
    endloop
  endfacet
  facet normal -0.427746 -0.903899 0
    outer loop
      vertex 61.3777 63.326 0
      vertex 61.697 63.1749 4.5
      vertex 61.3777 63.326 4.5
    endloop
  endfacet
  facet normal -0.427746 -0.903899 -0
    outer loop
      vertex 61.697 63.1749 4.5
      vertex 61.3777 63.326 0
      vertex 61.697 63.1749 0
    endloop
  endfacet
  facet normal -0.427746 -0.903899 0
    outer loop
      vertex 61.3777 63.326 6.1
      vertex 61.697 63.1749 124
      vertex 61.3777 63.326 124
    endloop
  endfacet
  facet normal -0.427746 -0.903899 -0
    outer loop
      vertex 61.697 63.1749 124
      vertex 61.3777 63.326 6.1
      vertex 61.697 63.1749 6.1
    endloop
  endfacet
  facet normal -0.0489636 -0.998801 0
    outer loop
      vertex 60 63.6 0
      vertex 60.3529 63.5827 4.5
      vertex 60 63.6 4.5
    endloop
  endfacet
  facet normal -0.0489636 -0.998801 -0
    outer loop
      vertex 60.3529 63.5827 4.5
      vertex 60 63.6 0
      vertex 60.3529 63.5827 0
    endloop
  endfacet
  facet normal -0.0489636 -0.998801 0
    outer loop
      vertex 60 63.6 6.1
      vertex 60.3529 63.5827 124
      vertex 60 63.6 124
    endloop
  endfacet
  facet normal -0.0489636 -0.998801 -0
    outer loop
      vertex 60.3529 63.5827 124
      vertex 60 63.6 6.1
      vertex 60.3529 63.5827 6.1
    endloop
  endfacet
  facet normal 1 -0 0
    outer loop
      vertex -53.1 66 114
      vertex -53.1 66.91 6
      vertex -53.1 66.91 114
    endloop
  endfacet
  facet normal 1 0 0
    outer loop
      vertex -53.1 66.91 6
      vertex -53.1 66 114
      vertex -53.1 66 6
    endloop
  endfacet
  facet normal -0 0 1
    outer loop
      vertex -54.9 66.91 114
      vertex -53.1 66 114
      vertex -53.1 66.91 114
    endloop
  endfacet
  facet normal 0 0 1
    outer loop
      vertex -53.1 66 114
      vertex -54.9 66.91 114
      vertex -54.9 66 114
    endloop
  endfacet
  facet normal 0 0 -1
    outer loop
      vertex -54.9 66 6
      vertex -53.1 66.91 6
      vertex -53.1 66 6
    endloop
  endfacet
  facet normal -0 0 -1
    outer loop
      vertex -53.1 66.91 6
      vertex -54.9 66 6
      vertex -54.9 66.91 6
    endloop
  endfacet
  facet normal -1 0 0
    outer loop
      vertex -54.9 66 6
      vertex -54.9 66.91 114
      vertex -54.9 66.91 6
    endloop
  endfacet
  facet normal -1 -0 0
    outer loop
      vertex -54.9 66.91 114
      vertex -54.9 66 6
      vertex -54.9 66 114
    endloop
  endfacet
  facet normal 0 1 -0
    outer loop
      vertex -53.1 66.91 6
      vertex -54.9 66.91 114
      vertex -53.1 66.91 114
    endloop
  endfacet
  facet normal 0 1 0
    outer loop
      vertex -54.9 66.91 114
      vertex -53.1 66.91 6
      vertex -54.9 66.91 6
    endloop
  endfacet
  facet normal 1 -0 0
    outer loop
      vertex -47.7 66 114
      vertex -47.7 66.91 6
      vertex -47.7 66.91 114
    endloop
  endfacet
  facet normal 1 0 0
    outer loop
      vertex -47.7 66.91 6
      vertex -47.7 66 114
      vertex -47.7 66 6
    endloop
  endfacet
  facet normal -0 0 1
    outer loop
      vertex -49.5 66.91 114
      vertex -47.7 66 114
      vertex -47.7 66.91 114
    endloop
  endfacet
  facet normal 0 0 1
    outer loop
      vertex -47.7 66 114
      vertex -49.5 66.91 114
      vertex -49.5 66 114
    endloop
  endfacet
  facet normal 0 0 -1
    outer loop
      vertex -49.5 66 6
      vertex -47.7 66.91 6
      vertex -47.7 66 6
    endloop
  endfacet
  facet normal -0 0 -1
    outer loop
      vertex -47.7 66.91 6
      vertex -49.5 66 6
      vertex -49.5 66.91 6
    endloop
  endfacet
  facet normal -1 0 0
    outer loop
      vertex -49.5 66 6
      vertex -49.5 66.91 114
      vertex -49.5 66.91 6
    endloop
  endfacet
  facet normal -1 -0 0
    outer loop
      vertex -49.5 66.91 114
      vertex -49.5 66 6
      vertex -49.5 66 114
    endloop
  endfacet
  facet normal 0 1 -0
    outer loop
      vertex -47.7 66.91 6
      vertex -49.5 66.91 114
      vertex -47.7 66.91 114
    endloop
  endfacet
  facet normal 0 1 0
    outer loop
      vertex -49.5 66.91 114
      vertex -47.7 66.91 6
      vertex -49.5 66.91 6
    endloop
  endfacet
  facet normal 1 -0 0
    outer loop
      vertex -42.3 66 114
      vertex -42.3 66.91 6
      vertex -42.3 66.91 114
    endloop
  endfacet
  facet normal 1 0 0
    outer loop
      vertex -42.3 66.91 6
      vertex -42.3 66 114
      vertex -42.3 66 6
    endloop
  endfacet
  facet normal -0 0 1
    outer loop
      vertex -44.1 66.91 114
      vertex -42.3 66 114
      vertex -42.3 66.91 114
    endloop
  endfacet
  facet normal 0 0 1
    outer loop
      vertex -42.3 66 114
      vertex -44.1 66.91 114
      vertex -44.1 66 114
    endloop
  endfacet
  facet normal 0 0 -1
    outer loop
      vertex -44.1 66 6
      vertex -42.3 66.91 6
      vertex -42.3 66 6
    endloop
  endfacet
  facet normal -0 0 -1
    outer loop
      vertex -42.3 66.91 6
      vertex -44.1 66 6
      vertex -44.1 66.91 6
    endloop
  endfacet
  facet normal -1 0 0
    outer loop
      vertex -44.1 66 6
      vertex -44.1 66.91 114
      vertex -44.1 66.91 6
    endloop
  endfacet
  facet normal -1 -0 0
    outer loop
      vertex -44.1 66.91 114
      vertex -44.1 66 6
      vertex -44.1 66 114
    endloop
  endfacet
  facet normal 0 1 -0
    outer loop
      vertex -42.3 66.91 6
      vertex -44.1 66.91 114
      vertex -42.3 66.91 114
    endloop
  endfacet
  facet normal 0 1 0
    outer loop
      vertex -44.1 66.91 114
      vertex -42.3 66.91 6
      vertex -44.1 66.91 6
    endloop
  endfacet
  facet normal 1 -0 0
    outer loop
      vertex -36.9 66 114
      vertex -36.9 66.91 6
      vertex -36.9 66.91 114
    endloop
  endfacet
  facet normal 1 0 0
    outer loop
      vertex -36.9 66.91 6
      vertex -36.9 66 114
      vertex -36.9 66 6
    endloop
  endfacet
  facet normal -0 0 1
    outer loop
      vertex -38.7 66.91 114
      vertex -36.9 66 114
      vertex -36.9 66.91 114
    endloop
  endfacet
  facet normal 0 0 1
    outer loop
      vertex -36.9 66 114
      vertex -38.7 66.91 114
      vertex -38.7 66 114
    endloop
  endfacet
  facet normal 0 0 -1
    outer loop
      vertex -38.7 66 6
      vertex -36.9 66.91 6
      vertex -36.9 66 6
    endloop
  endfacet
  facet normal -0 0 -1
    outer loop
      vertex -36.9 66.91 6
      vertex -38.7 66 6
      vertex -38.7 66.91 6
    endloop
  endfacet
  facet normal -1 0 0
    outer loop
      vertex -38.7 66 6
      vertex -38.7 66.91 114
      vertex -38.7 66.91 6
    endloop
  endfacet
  facet normal -1 -0 0
    outer loop
      vertex -38.7 66.91 114
      vertex -38.7 66 6
      vertex -38.7 66 114
    endloop
  endfacet
  facet normal 0 1 -0
    outer loop
      vertex -36.9 66.91 6
      vertex -38.7 66.91 114
      vertex -36.9 66.91 114
    endloop
  endfacet
  facet normal 0 1 0
    outer loop
      vertex -38.7 66.91 114
      vertex -36.9 66.91 6
      vertex -38.7 66.91 6
    endloop
  endfacet
  facet normal 1 -0 0
    outer loop
      vertex -31.5 66 114
      vertex -31.5 66.91 6
      vertex -31.5 66.91 114
    endloop
  endfacet
  facet normal 1 0 0
    outer loop
      vertex -31.5 66.91 6
      vertex -31.5 66 114
      vertex -31.5 66 6
    endloop
  endfacet
  facet normal -0 0 1
    outer loop
      vertex -33.3 66.91 114
      vertex -31.5 66 114
      vertex -31.5 66.91 114
    endloop
  endfacet
  facet normal 0 0 1
    outer loop
      vertex -31.5 66 114
      vertex -33.3 66.91 114
      vertex -33.3 66 114
    endloop
  endfacet
  facet normal 0 0 -1
    outer loop
      vertex -33.3 66 6
      vertex -31.5 66.91 6
      vertex -31.5 66 6
    endloop
  endfacet
  facet normal -0 0 -1
    outer loop
      vertex -31.5 66.91 6
      vertex -33.3 66 6
      vertex -33.3 66.91 6
    endloop
  endfacet
  facet normal -1 0 0
    outer loop
      vertex -33.3 66 6
      vertex -33.3 66.91 114
      vertex -33.3 66.91 6
    endloop
  endfacet
  facet normal -1 -0 0
    outer loop
      vertex -33.3 66.91 114
      vertex -33.3 66 6
      vertex -33.3 66 114
    endloop
  endfacet
  facet normal 0 1 -0
    outer loop
      vertex -31.5 66.91 6
      vertex -33.3 66.91 114
      vertex -31.5 66.91 114
    endloop
  endfacet
  facet normal 0 1 0
    outer loop
      vertex -33.3 66.91 114
      vertex -31.5 66.91 6
      vertex -33.3 66.91 6
    endloop
  endfacet
  facet normal 1 -0 0
    outer loop
      vertex -26.1 66 114
      vertex -26.1 66.91 6
      vertex -26.1 66.91 114
    endloop
  endfacet
  facet normal 1 0 0
    outer loop
      vertex -26.1 66.91 6
      vertex -26.1 66 114
      vertex -26.1 66 6
    endloop
  endfacet
  facet normal -0 0 1
    outer loop
      vertex -27.9 66.91 114
      vertex -26.1 66 114
      vertex -26.1 66.91 114
    endloop
  endfacet
  facet normal 0 0 1
    outer loop
      vertex -26.1 66 114
      vertex -27.9 66.91 114
      vertex -27.9 66 114
    endloop
  endfacet
  facet normal 0 0 -1
    outer loop
      vertex -27.9 66 6
      vertex -26.1 66.91 6
      vertex -26.1 66 6
    endloop
  endfacet
  facet normal -0 0 -1
    outer loop
      vertex -26.1 66.91 6
      vertex -27.9 66 6
      vertex -27.9 66.91 6
    endloop
  endfacet
  facet normal -1 0 0
    outer loop
      vertex -27.9 66 6
      vertex -27.9 66.91 114
      vertex -27.9 66.91 6
    endloop
  endfacet
  facet normal -1 -0 0
    outer loop
      vertex -27.9 66.91 114
      vertex -27.9 66 6
      vertex -27.9 66 114
    endloop
  endfacet
  facet normal 0 1 -0
    outer loop
      vertex -26.1 66.91 6
      vertex -27.9 66.91 114
      vertex -26.1 66.91 114
    endloop
  endfacet
  facet normal 0 1 0
    outer loop
      vertex -27.9 66.91 114
      vertex -26.1 66.91 6
      vertex -27.9 66.91 6
    endloop
  endfacet
  facet normal 1 -0 0
    outer loop
      vertex -20.7 66 114
      vertex -20.7 66.91 6
      vertex -20.7 66.91 114
    endloop
  endfacet
  facet normal 1 0 0
    outer loop
      vertex -20.7 66.91 6
      vertex -20.7 66 114
      vertex -20.7 66 6
    endloop
  endfacet
  facet normal -0 0 1
    outer loop
      vertex -22.5 66.91 114
      vertex -20.7 66 114
      vertex -20.7 66.91 114
    endloop
  endfacet
  facet normal 0 0 1
    outer loop
      vertex -20.7 66 114
      vertex -22.5 66.91 114
      vertex -22.5 66 114
    endloop
  endfacet
  facet normal 0 0 -1
    outer loop
      vertex -22.5 66 6
      vertex -20.7 66.91 6
      vertex -20.7 66 6
    endloop
  endfacet
  facet normal -0 0 -1
    outer loop
      vertex -20.7 66.91 6
      vertex -22.5 66 6
      vertex -22.5 66.91 6
    endloop
  endfacet
  facet normal -1 0 0
    outer loop
      vertex -22.5 66 6
      vertex -22.5 66.91 114
      vertex -22.5 66.91 6
    endloop
  endfacet
  facet normal -1 -0 0
    outer loop
      vertex -22.5 66.91 114
      vertex -22.5 66 6
      vertex -22.5 66 114
    endloop
  endfacet
  facet normal 0 1 -0
    outer loop
      vertex -20.7 66.91 6
      vertex -22.5 66.91 114
      vertex -20.7 66.91 114
    endloop
  endfacet
  facet normal 0 1 0
    outer loop
      vertex -22.5 66.91 114
      vertex -20.7 66.91 6
      vertex -22.5 66.91 6
    endloop
  endfacet
  facet normal 1 -0 0
    outer loop
      vertex -15.3 66 114
      vertex -15.3 66.91 6
      vertex -15.3 66.91 114
    endloop
  endfacet
  facet normal 1 0 0
    outer loop
      vertex -15.3 66.91 6
      vertex -15.3 66 114
      vertex -15.3 66 6
    endloop
  endfacet
  facet normal -0 0 1
    outer loop
      vertex -17.1 66.91 114
      vertex -15.3 66 114
      vertex -15.3 66.91 114
    endloop
  endfacet
  facet normal 0 0 1
    outer loop
      vertex -15.3 66 114
      vertex -17.1 66.91 114
      vertex -17.1 66 114
    endloop
  endfacet
  facet normal 0 0 -1
    outer loop
      vertex -17.1 66 6
      vertex -15.3 66.91 6
      vertex -15.3 66 6
    endloop
  endfacet
  facet normal -0 0 -1
    outer loop
      vertex -15.3 66.91 6
      vertex -17.1 66 6
      vertex -17.1 66.91 6
    endloop
  endfacet
  facet normal -1 0 0
    outer loop
      vertex -17.1 66 6
      vertex -17.1 66.91 114
      vertex -17.1 66.91 6
    endloop
  endfacet
  facet normal -1 -0 0
    outer loop
      vertex -17.1 66.91 114
      vertex -17.1 66 6
      vertex -17.1 66 114
    endloop
  endfacet
  facet normal 0 1 -0
    outer loop
      vertex -15.3 66.91 6
      vertex -17.1 66.91 114
      vertex -15.3 66.91 114
    endloop
  endfacet
  facet normal 0 1 0
    outer loop
      vertex -17.1 66.91 114
      vertex -15.3 66.91 6
      vertex -17.1 66.91 6
    endloop
  endfacet
  facet normal 1 -0 0
    outer loop
      vertex -9.9 66 114
      vertex -9.9 66.91 6
      vertex -9.9 66.91 114
    endloop
  endfacet
  facet normal 1 0 0
    outer loop
      vertex -9.9 66.91 6
      vertex -9.9 66 114
      vertex -9.9 66 6
    endloop
  endfacet
  facet normal -0 0 1
    outer loop
      vertex -11.7 66.91 114
      vertex -9.9 66 114
      vertex -9.9 66.91 114
    endloop
  endfacet
  facet normal 0 0 1
    outer loop
      vertex -9.9 66 114
      vertex -11.7 66.91 114
      vertex -11.7 66 114
    endloop
  endfacet
  facet normal 0 0 -1
    outer loop
      vertex -11.7 66 6
      vertex -9.9 66.91 6
      vertex -9.9 66 6
    endloop
  endfacet
  facet normal -0 0 -1
    outer loop
      vertex -9.9 66.91 6
      vertex -11.7 66 6
      vertex -11.7 66.91 6
    endloop
  endfacet
  facet normal -1 0 0
    outer loop
      vertex -11.7 66 6
      vertex -11.7 66.91 114
      vertex -11.7 66.91 6
    endloop
  endfacet
  facet normal -1 -0 0
    outer loop
      vertex -11.7 66.91 114
      vertex -11.7 66 6
      vertex -11.7 66 114
    endloop
  endfacet
  facet normal 0 1 -0
    outer loop
      vertex -9.9 66.91 6
      vertex -11.7 66.91 114
      vertex -9.9 66.91 114
    endloop
  endfacet
  facet normal 0 1 0
    outer loop
      vertex -11.7 66.91 114
      vertex -9.9 66.91 6
      vertex -11.7 66.91 6
    endloop
  endfacet
  facet normal 1 -0 0
    outer loop
      vertex -4.5 66 114
      vertex -4.5 66.91 6.6
      vertex -4.5 66.91 114
    endloop
  endfacet
  facet normal 1 0 0
    outer loop
      vertex -4.5 66.91 6.6
      vertex -4.5 66 114
      vertex -4.5 66 6.6
    endloop
  endfacet
  facet normal -0 0 1
    outer loop
      vertex -6.3 66.91 114
      vertex -4.5 66 114
      vertex -4.5 66.91 114
    endloop
  endfacet
  facet normal 0 0 1
    outer loop
      vertex -4.5 66 114
      vertex -6.3 66.91 114
      vertex -6.3 66 114
    endloop
  endfacet
  facet normal -1 0 0
    outer loop
      vertex -6.3 66 6.6
      vertex -6.3 66.91 114
      vertex -6.3 66.91 6.6
    endloop
  endfacet
  facet normal -1 -0 0
    outer loop
      vertex -6.3 66.91 114
      vertex -6.3 66 6.6
      vertex -6.3 66 114
    endloop
  endfacet
  facet normal 0 1 -0
    outer loop
      vertex -4.5 66.91 6.6
      vertex -6.3 66.91 114
      vertex -4.5 66.91 114
    endloop
  endfacet
  facet normal 0 1 0
    outer loop
      vertex -6.3 66.91 114
      vertex -4.5 66.91 6.6
      vertex -6.3 66.91 6.6
    endloop
  endfacet
  facet normal 1 -0 0
    outer loop
      vertex 0.9 66 114
      vertex 0.9 66.91 6.6
      vertex 0.9 66.91 114
    endloop
  endfacet
  facet normal 1 0 0
    outer loop
      vertex 0.9 66.91 6.6
      vertex 0.9 66 114
      vertex 0.9 66 6.6
    endloop
  endfacet
  facet normal -0 0 1
    outer loop
      vertex -0.9 66.91 114
      vertex 0.9 66 114
      vertex 0.9 66.91 114
    endloop
  endfacet
  facet normal 0 0 1
    outer loop
      vertex 0.9 66 114
      vertex -0.9 66.91 114
      vertex -0.9 66 114
    endloop
  endfacet
  facet normal -1 0 0
    outer loop
      vertex -0.9 66 6.6
      vertex -0.9 66.91 114
      vertex -0.9 66.91 6.6
    endloop
  endfacet
  facet normal -1 -0 0
    outer loop
      vertex -0.9 66.91 114
      vertex -0.9 66 6.6
      vertex -0.9 66 114
    endloop
  endfacet
  facet normal 0 1 -0
    outer loop
      vertex 0.9 66.91 6.6
      vertex -0.9 66.91 114
      vertex 0.9 66.91 114
    endloop
  endfacet
  facet normal 0 1 0
    outer loop
      vertex -0.9 66.91 114
      vertex 0.9 66.91 6.6
      vertex -0.9 66.91 6.6
    endloop
  endfacet
  facet normal 1 -0 0
    outer loop
      vertex 6.3 66 114
      vertex 6.3 66.91 6.6
      vertex 6.3 66.91 114
    endloop
  endfacet
  facet normal 1 0 0
    outer loop
      vertex 6.3 66.91 6.6
      vertex 6.3 66 114
      vertex 6.3 66 6.6
    endloop
  endfacet
  facet normal -0 0 1
    outer loop
      vertex 4.5 66.91 114
      vertex 6.3 66 114
      vertex 6.3 66.91 114
    endloop
  endfacet
  facet normal 0 0 1
    outer loop
      vertex 6.3 66 114
      vertex 4.5 66.91 114
      vertex 4.5 66 114
    endloop
  endfacet
  facet normal -1 0 0
    outer loop
      vertex 4.5 66 6.6
      vertex 4.5 66.91 114
      vertex 4.5 66.91 6.6
    endloop
  endfacet
  facet normal -1 -0 0
    outer loop
      vertex 4.5 66.91 114
      vertex 4.5 66 6.6
      vertex 4.5 66 114
    endloop
  endfacet
  facet normal 0 1 -0
    outer loop
      vertex 6.3 66.91 6.6
      vertex 4.5 66.91 114
      vertex 6.3 66.91 114
    endloop
  endfacet
  facet normal 0 1 0
    outer loop
      vertex 4.5 66.91 114
      vertex 6.3 66.91 6.6
      vertex 4.5 66.91 6.6
    endloop
  endfacet
  facet normal 1 -0 0
    outer loop
      vertex 11.7 66 114
      vertex 11.7 66.91 6
      vertex 11.7 66.91 114
    endloop
  endfacet
  facet normal 1 0 0
    outer loop
      vertex 11.7 66.91 6
      vertex 11.7 66 114
      vertex 11.7 66 6
    endloop
  endfacet
  facet normal -0 0 1
    outer loop
      vertex 9.9 66.91 114
      vertex 11.7 66 114
      vertex 11.7 66.91 114
    endloop
  endfacet
  facet normal 0 0 1
    outer loop
      vertex 11.7 66 114
      vertex 9.9 66.91 114
      vertex 9.9 66 114
    endloop
  endfacet
  facet normal 0 0 -1
    outer loop
      vertex 9.9 66 6
      vertex 11.7 66.91 6
      vertex 11.7 66 6
    endloop
  endfacet
  facet normal -0 0 -1
    outer loop
      vertex 11.7 66.91 6
      vertex 9.9 66 6
      vertex 9.9 66.91 6
    endloop
  endfacet
  facet normal -1 0 0
    outer loop
      vertex 9.9 66 6
      vertex 9.9 66.91 114
      vertex 9.9 66.91 6
    endloop
  endfacet
  facet normal -1 -0 0
    outer loop
      vertex 9.9 66.91 114
      vertex 9.9 66 6
      vertex 9.9 66 114
    endloop
  endfacet
  facet normal 0 1 -0
    outer loop
      vertex 11.7 66.91 6
      vertex 9.9 66.91 114
      vertex 11.7 66.91 114
    endloop
  endfacet
  facet normal 0 1 0
    outer loop
      vertex 9.9 66.91 114
      vertex 11.7 66.91 6
      vertex 9.9 66.91 6
    endloop
  endfacet
  facet normal 1 -0 0
    outer loop
      vertex 17.1 66 114
      vertex 17.1 66.91 6
      vertex 17.1 66.91 114
    endloop
  endfacet
  facet normal 1 0 0
    outer loop
      vertex 17.1 66.91 6
      vertex 17.1 66 114
      vertex 17.1 66 6
    endloop
  endfacet
  facet normal -0 0 1
    outer loop
      vertex 15.3 66.91 114
      vertex 17.1 66 114
      vertex 17.1 66.91 114
    endloop
  endfacet
  facet normal 0 0 1
    outer loop
      vertex 17.1 66 114
      vertex 15.3 66.91 114
      vertex 15.3 66 114
    endloop
  endfacet
  facet normal 0 0 -1
    outer loop
      vertex 15.3 66 6
      vertex 17.1 66.91 6
      vertex 17.1 66 6
    endloop
  endfacet
  facet normal -0 0 -1
    outer loop
      vertex 17.1 66.91 6
      vertex 15.3 66 6
      vertex 15.3 66.91 6
    endloop
  endfacet
  facet normal -1 0 0
    outer loop
      vertex 15.3 66 6
      vertex 15.3 66.91 114
      vertex 15.3 66.91 6
    endloop
  endfacet
  facet normal -1 -0 0
    outer loop
      vertex 15.3 66.91 114
      vertex 15.3 66 6
      vertex 15.3 66 114
    endloop
  endfacet
  facet normal 0 1 -0
    outer loop
      vertex 17.1 66.91 6
      vertex 15.3 66.91 114
      vertex 17.1 66.91 114
    endloop
  endfacet
  facet normal 0 1 0
    outer loop
      vertex 15.3 66.91 114
      vertex 17.1 66.91 6
      vertex 15.3 66.91 6
    endloop
  endfacet
  facet normal 1 -0 0
    outer loop
      vertex 22.5 66 114
      vertex 22.5 66.91 6
      vertex 22.5 66.91 114
    endloop
  endfacet
  facet normal 1 0 0
    outer loop
      vertex 22.5 66.91 6
      vertex 22.5 66 114
      vertex 22.5 66 6
    endloop
  endfacet
  facet normal -0 0 1
    outer loop
      vertex 20.7 66.91 114
      vertex 22.5 66 114
      vertex 22.5 66.91 114
    endloop
  endfacet
  facet normal 0 0 1
    outer loop
      vertex 22.5 66 114
      vertex 20.7 66.91 114
      vertex 20.7 66 114
    endloop
  endfacet
  facet normal 0 0 -1
    outer loop
      vertex 20.7 66 6
      vertex 22.5 66.91 6
      vertex 22.5 66 6
    endloop
  endfacet
  facet normal -0 0 -1
    outer loop
      vertex 22.5 66.91 6
      vertex 20.7 66 6
      vertex 20.7 66.91 6
    endloop
  endfacet
  facet normal -1 0 0
    outer loop
      vertex 20.7 66 6
      vertex 20.7 66.91 114
      vertex 20.7 66.91 6
    endloop
  endfacet
  facet normal -1 -0 0
    outer loop
      vertex 20.7 66.91 114
      vertex 20.7 66 6
      vertex 20.7 66 114
    endloop
  endfacet
  facet normal 0 1 -0
    outer loop
      vertex 22.5 66.91 6
      vertex 20.7 66.91 114
      vertex 22.5 66.91 114
    endloop
  endfacet
  facet normal 0 1 0
    outer loop
      vertex 20.7 66.91 114
      vertex 22.5 66.91 6
      vertex 20.7 66.91 6
    endloop
  endfacet
  facet normal 1 -0 0
    outer loop
      vertex 27.9 66 114
      vertex 27.9 66.91 6
      vertex 27.9 66.91 114
    endloop
  endfacet
  facet normal 1 0 0
    outer loop
      vertex 27.9 66.91 6
      vertex 27.9 66 114
      vertex 27.9 66 6
    endloop
  endfacet
  facet normal -0 0 1
    outer loop
      vertex 26.1 66.91 114
      vertex 27.9 66 114
      vertex 27.9 66.91 114
    endloop
  endfacet
  facet normal 0 0 1
    outer loop
      vertex 27.9 66 114
      vertex 26.1 66.91 114
      vertex 26.1 66 114
    endloop
  endfacet
  facet normal 0 0 -1
    outer loop
      vertex 26.1 66 6
      vertex 27.9 66.91 6
      vertex 27.9 66 6
    endloop
  endfacet
  facet normal -0 0 -1
    outer loop
      vertex 27.9 66.91 6
      vertex 26.1 66 6
      vertex 26.1 66.91 6
    endloop
  endfacet
  facet normal -1 0 0
    outer loop
      vertex 26.1 66 6
      vertex 26.1 66.91 114
      vertex 26.1 66.91 6
    endloop
  endfacet
  facet normal -1 -0 0
    outer loop
      vertex 26.1 66.91 114
      vertex 26.1 66 6
      vertex 26.1 66 114
    endloop
  endfacet
  facet normal 0 1 -0
    outer loop
      vertex 27.9 66.91 6
      vertex 26.1 66.91 114
      vertex 27.9 66.91 114
    endloop
  endfacet
  facet normal 0 1 0
    outer loop
      vertex 26.1 66.91 114
      vertex 27.9 66.91 6
      vertex 26.1 66.91 6
    endloop
  endfacet
  facet normal 1 -0 0
    outer loop
      vertex 33.3 66 114
      vertex 33.3 66.91 6
      vertex 33.3 66.91 114
    endloop
  endfacet
  facet normal 1 0 0
    outer loop
      vertex 33.3 66.91 6
      vertex 33.3 66 114
      vertex 33.3 66 6
    endloop
  endfacet
  facet normal -0 0 1
    outer loop
      vertex 31.5 66.91 114
      vertex 33.3 66 114
      vertex 33.3 66.91 114
    endloop
  endfacet
  facet normal 0 0 1
    outer loop
      vertex 33.3 66 114
      vertex 31.5 66.91 114
      vertex 31.5 66 114
    endloop
  endfacet
  facet normal 0 0 -1
    outer loop
      vertex 31.5 66 6
      vertex 33.3 66.91 6
      vertex 33.3 66 6
    endloop
  endfacet
  facet normal -0 0 -1
    outer loop
      vertex 33.3 66.91 6
      vertex 31.5 66 6
      vertex 31.5 66.91 6
    endloop
  endfacet
  facet normal -1 0 0
    outer loop
      vertex 31.5 66 6
      vertex 31.5 66.91 114
      vertex 31.5 66.91 6
    endloop
  endfacet
  facet normal -1 -0 0
    outer loop
      vertex 31.5 66.91 114
      vertex 31.5 66 6
      vertex 31.5 66 114
    endloop
  endfacet
  facet normal 0 1 -0
    outer loop
      vertex 33.3 66.91 6
      vertex 31.5 66.91 114
      vertex 33.3 66.91 114
    endloop
  endfacet
  facet normal 0 1 0
    outer loop
      vertex 31.5 66.91 114
      vertex 33.3 66.91 6
      vertex 31.5 66.91 6
    endloop
  endfacet
  facet normal 1 -0 0
    outer loop
      vertex 38.7 66 114
      vertex 38.7 66.91 6
      vertex 38.7 66.91 114
    endloop
  endfacet
  facet normal 1 0 0
    outer loop
      vertex 38.7 66.91 6
      vertex 38.7 66 114
      vertex 38.7 66 6
    endloop
  endfacet
  facet normal -0 0 1
    outer loop
      vertex 36.9 66.91 114
      vertex 38.7 66 114
      vertex 38.7 66.91 114
    endloop
  endfacet
  facet normal 0 0 1
    outer loop
      vertex 38.7 66 114
      vertex 36.9 66.91 114
      vertex 36.9 66 114
    endloop
  endfacet
  facet normal 0 0 -1
    outer loop
      vertex 36.9 66 6
      vertex 38.7 66.91 6
      vertex 38.7 66 6
    endloop
  endfacet
  facet normal -0 0 -1
    outer loop
      vertex 38.7 66.91 6
      vertex 36.9 66 6
      vertex 36.9 66.91 6
    endloop
  endfacet
  facet normal -1 0 0
    outer loop
      vertex 36.9 66 6
      vertex 36.9 66.91 114
      vertex 36.9 66.91 6
    endloop
  endfacet
  facet normal -1 -0 0
    outer loop
      vertex 36.9 66.91 114
      vertex 36.9 66 6
      vertex 36.9 66 114
    endloop
  endfacet
  facet normal 0 1 -0
    outer loop
      vertex 38.7 66.91 6
      vertex 36.9 66.91 114
      vertex 38.7 66.91 114
    endloop
  endfacet
  facet normal 0 1 0
    outer loop
      vertex 36.9 66.91 114
      vertex 38.7 66.91 6
      vertex 36.9 66.91 6
    endloop
  endfacet
  facet normal 1 -0 0
    outer loop
      vertex 44.1 66 114
      vertex 44.1 66.91 6
      vertex 44.1 66.91 114
    endloop
  endfacet
  facet normal 1 0 0
    outer loop
      vertex 44.1 66.91 6
      vertex 44.1 66 114
      vertex 44.1 66 6
    endloop
  endfacet
  facet normal -0 0 1
    outer loop
      vertex 42.3 66.91 114
      vertex 44.1 66 114
      vertex 44.1 66.91 114
    endloop
  endfacet
  facet normal 0 0 1
    outer loop
      vertex 44.1 66 114
      vertex 42.3 66.91 114
      vertex 42.3 66 114
    endloop
  endfacet
  facet normal 0 0 -1
    outer loop
      vertex 42.3 66 6
      vertex 44.1 66.91 6
      vertex 44.1 66 6
    endloop
  endfacet
  facet normal -0 0 -1
    outer loop
      vertex 44.1 66.91 6
      vertex 42.3 66 6
      vertex 42.3 66.91 6
    endloop
  endfacet
  facet normal -1 0 0
    outer loop
      vertex 42.3 66 6
      vertex 42.3 66.91 114
      vertex 42.3 66.91 6
    endloop
  endfacet
  facet normal -1 -0 0
    outer loop
      vertex 42.3 66.91 114
      vertex 42.3 66 6
      vertex 42.3 66 114
    endloop
  endfacet
  facet normal 0 1 -0
    outer loop
      vertex 44.1 66.91 6
      vertex 42.3 66.91 114
      vertex 44.1 66.91 114
    endloop
  endfacet
  facet normal 0 1 0
    outer loop
      vertex 42.3 66.91 114
      vertex 44.1 66.91 6
      vertex 42.3 66.91 6
    endloop
  endfacet
  facet normal 1 -0 0
    outer loop
      vertex 49.5 66 114
      vertex 49.5 66.91 6
      vertex 49.5 66.91 114
    endloop
  endfacet
  facet normal 1 0 0
    outer loop
      vertex 49.5 66.91 6
      vertex 49.5 66 114
      vertex 49.5 66 6
    endloop
  endfacet
  facet normal -0 0 1
    outer loop
      vertex 47.7 66.91 114
      vertex 49.5 66 114
      vertex 49.5 66.91 114
    endloop
  endfacet
  facet normal 0 0 1
    outer loop
      vertex 49.5 66 114
      vertex 47.7 66.91 114
      vertex 47.7 66 114
    endloop
  endfacet
  facet normal 0 0 -1
    outer loop
      vertex 47.7 66 6
      vertex 49.5 66.91 6
      vertex 49.5 66 6
    endloop
  endfacet
  facet normal -0 0 -1
    outer loop
      vertex 49.5 66.91 6
      vertex 47.7 66 6
      vertex 47.7 66.91 6
    endloop
  endfacet
  facet normal -1 0 0
    outer loop
      vertex 47.7 66 6
      vertex 47.7 66.91 114
      vertex 47.7 66.91 6
    endloop
  endfacet
  facet normal -1 -0 0
    outer loop
      vertex 47.7 66.91 114
      vertex 47.7 66 6
      vertex 47.7 66 114
    endloop
  endfacet
  facet normal 0 1 -0
    outer loop
      vertex 49.5 66.91 6
      vertex 47.7 66.91 114
      vertex 49.5 66.91 114
    endloop
  endfacet
  facet normal 0 1 0
    outer loop
      vertex 47.7 66.91 114
      vertex 49.5 66.91 6
      vertex 47.7 66.91 6
    endloop
  endfacet
  facet normal 1 -0 0
    outer loop
      vertex 54.9 66 114
      vertex 54.9 66.91 6
      vertex 54.9 66.91 114
    endloop
  endfacet
  facet normal 1 0 0
    outer loop
      vertex 54.9 66.91 6
      vertex 54.9 66 114
      vertex 54.9 66 6
    endloop
  endfacet
  facet normal -0 0 1
    outer loop
      vertex 53.1 66.91 114
      vertex 54.9 66 114
      vertex 54.9 66.91 114
    endloop
  endfacet
  facet normal 0 0 1
    outer loop
      vertex 54.9 66 114
      vertex 53.1 66.91 114
      vertex 53.1 66 114
    endloop
  endfacet
  facet normal 0 0 -1
    outer loop
      vertex 53.1 66 6
      vertex 54.9 66.91 6
      vertex 54.9 66 6
    endloop
  endfacet
  facet normal -0 0 -1
    outer loop
      vertex 54.9 66.91 6
      vertex 53.1 66 6
      vertex 53.1 66.91 6
    endloop
  endfacet
  facet normal -1 0 0
    outer loop
      vertex 53.1 66 6
      vertex 53.1 66.91 114
      vertex 53.1 66.91 6
    endloop
  endfacet
  facet normal -1 -0 0
    outer loop
      vertex 53.1 66.91 114
      vertex 53.1 66 6
      vertex 53.1 66 114
    endloop
  endfacet
  facet normal 0 1 -0
    outer loop
      vertex 54.9 66.91 6
      vertex 53.1 66.91 114
      vertex 54.9 66.91 114
    endloop
  endfacet
  facet normal 0 1 0
    outer loop
      vertex 53.1 66.91 114
      vertex 54.9 66.91 6
      vertex 53.1 66.91 6
    endloop
  endfacet
  facet normal -1 0 0
    outer loop
      vertex 53.1 -66.91 6
      vertex 53.1 -66 114
      vertex 53.1 -66 6
    endloop
  endfacet
  facet normal -1 -0 0
    outer loop
      vertex 53.1 -66 114
      vertex 53.1 -66.91 6
      vertex 53.1 -66.91 114
    endloop
  endfacet
  facet normal -0 0 1
    outer loop
      vertex 53.1 -66 114
      vertex 54.9 -66.91 114
      vertex 54.9 -66 114
    endloop
  endfacet
  facet normal 0 0 1
    outer loop
      vertex 54.9 -66.91 114
      vertex 53.1 -66 114
      vertex 53.1 -66.91 114
    endloop
  endfacet
  facet normal 0 0 -1
    outer loop
      vertex 53.1 -66.91 6
      vertex 54.9 -66 6
      vertex 54.9 -66.91 6
    endloop
  endfacet
  facet normal -0 0 -1
    outer loop
      vertex 54.9 -66 6
      vertex 53.1 -66.91 6
      vertex 53.1 -66 6
    endloop
  endfacet
  facet normal 1 -0 0
    outer loop
      vertex 54.9 -66.91 114
      vertex 54.9 -66 6
      vertex 54.9 -66 114
    endloop
  endfacet
  facet normal 1 0 0
    outer loop
      vertex 54.9 -66 6
      vertex 54.9 -66.91 114
      vertex 54.9 -66.91 6
    endloop
  endfacet
  facet normal 0 -1 0
    outer loop
      vertex 53.1 -66.91 6
      vertex 54.9 -66.91 114
      vertex 53.1 -66.91 114
    endloop
  endfacet
  facet normal 0 -1 -0
    outer loop
      vertex 54.9 -66.91 114
      vertex 53.1 -66.91 6
      vertex 54.9 -66.91 6
    endloop
  endfacet
  facet normal -1 0 0
    outer loop
      vertex 47.7 -66.91 6
      vertex 47.7 -66 114
      vertex 47.7 -66 6
    endloop
  endfacet
  facet normal -1 -0 0
    outer loop
      vertex 47.7 -66 114
      vertex 47.7 -66.91 6
      vertex 47.7 -66.91 114
    endloop
  endfacet
  facet normal -0 0 1
    outer loop
      vertex 47.7 -66 114
      vertex 49.5 -66.91 114
      vertex 49.5 -66 114
    endloop
  endfacet
  facet normal 0 0 1
    outer loop
      vertex 49.5 -66.91 114
      vertex 47.7 -66 114
      vertex 47.7 -66.91 114
    endloop
  endfacet
  facet normal 0 0 -1
    outer loop
      vertex 47.7 -66.91 6
      vertex 49.5 -66 6
      vertex 49.5 -66.91 6
    endloop
  endfacet
  facet normal -0 0 -1
    outer loop
      vertex 49.5 -66 6
      vertex 47.7 -66.91 6
      vertex 47.7 -66 6
    endloop
  endfacet
  facet normal 1 -0 0
    outer loop
      vertex 49.5 -66.91 114
      vertex 49.5 -66 6
      vertex 49.5 -66 114
    endloop
  endfacet
  facet normal 1 0 0
    outer loop
      vertex 49.5 -66 6
      vertex 49.5 -66.91 114
      vertex 49.5 -66.91 6
    endloop
  endfacet
  facet normal 0 -1 0
    outer loop
      vertex 47.7 -66.91 6
      vertex 49.5 -66.91 114
      vertex 47.7 -66.91 114
    endloop
  endfacet
  facet normal 0 -1 -0
    outer loop
      vertex 49.5 -66.91 114
      vertex 47.7 -66.91 6
      vertex 49.5 -66.91 6
    endloop
  endfacet
  facet normal -1 0 0
    outer loop
      vertex 42.3 -66.91 6
      vertex 42.3 -66 114
      vertex 42.3 -66 6
    endloop
  endfacet
  facet normal -1 -0 0
    outer loop
      vertex 42.3 -66 114
      vertex 42.3 -66.91 6
      vertex 42.3 -66.91 114
    endloop
  endfacet
  facet normal -0 0 1
    outer loop
      vertex 42.3 -66 114
      vertex 44.1 -66.91 114
      vertex 44.1 -66 114
    endloop
  endfacet
  facet normal 0 0 1
    outer loop
      vertex 44.1 -66.91 114
      vertex 42.3 -66 114
      vertex 42.3 -66.91 114
    endloop
  endfacet
  facet normal 0 0 -1
    outer loop
      vertex 42.3 -66.91 6
      vertex 44.1 -66 6
      vertex 44.1 -66.91 6
    endloop
  endfacet
  facet normal -0 0 -1
    outer loop
      vertex 44.1 -66 6
      vertex 42.3 -66.91 6
      vertex 42.3 -66 6
    endloop
  endfacet
  facet normal 1 -0 0
    outer loop
      vertex 44.1 -66.91 114
      vertex 44.1 -66 6
      vertex 44.1 -66 114
    endloop
  endfacet
  facet normal 1 0 0
    outer loop
      vertex 44.1 -66 6
      vertex 44.1 -66.91 114
      vertex 44.1 -66.91 6
    endloop
  endfacet
  facet normal 0 -1 0
    outer loop
      vertex 42.3 -66.91 6
      vertex 44.1 -66.91 114
      vertex 42.3 -66.91 114
    endloop
  endfacet
  facet normal 0 -1 -0
    outer loop
      vertex 44.1 -66.91 114
      vertex 42.3 -66.91 6
      vertex 44.1 -66.91 6
    endloop
  endfacet
  facet normal -1 0 0
    outer loop
      vertex 36.9 -66.91 6
      vertex 36.9 -66 114
      vertex 36.9 -66 6
    endloop
  endfacet
  facet normal -1 -0 0
    outer loop
      vertex 36.9 -66 114
      vertex 36.9 -66.91 6
      vertex 36.9 -66.91 114
    endloop
  endfacet
  facet normal -0 0 1
    outer loop
      vertex 36.9 -66 114
      vertex 38.7 -66.91 114
      vertex 38.7 -66 114
    endloop
  endfacet
  facet normal 0 0 1
    outer loop
      vertex 38.7 -66.91 114
      vertex 36.9 -66 114
      vertex 36.9 -66.91 114
    endloop
  endfacet
  facet normal 0 0 -1
    outer loop
      vertex 36.9 -66.91 6
      vertex 38.7 -66 6
      vertex 38.7 -66.91 6
    endloop
  endfacet
  facet normal -0 0 -1
    outer loop
      vertex 38.7 -66 6
      vertex 36.9 -66.91 6
      vertex 36.9 -66 6
    endloop
  endfacet
  facet normal 1 -0 0
    outer loop
      vertex 38.7 -66.91 114
      vertex 38.7 -66 6
      vertex 38.7 -66 114
    endloop
  endfacet
  facet normal 1 0 0
    outer loop
      vertex 38.7 -66 6
      vertex 38.7 -66.91 114
      vertex 38.7 -66.91 6
    endloop
  endfacet
  facet normal 0 -1 0
    outer loop
      vertex 36.9 -66.91 6
      vertex 38.7 -66.91 114
      vertex 36.9 -66.91 114
    endloop
  endfacet
  facet normal 0 -1 -0
    outer loop
      vertex 38.7 -66.91 114
      vertex 36.9 -66.91 6
      vertex 38.7 -66.91 6
    endloop
  endfacet
  facet normal -1 0 0
    outer loop
      vertex 31.5 -66.91 6
      vertex 31.5 -66 114
      vertex 31.5 -66 6
    endloop
  endfacet
  facet normal -1 -0 0
    outer loop
      vertex 31.5 -66 114
      vertex 31.5 -66.91 6
      vertex 31.5 -66.91 114
    endloop
  endfacet
  facet normal -0 0 1
    outer loop
      vertex 31.5 -66 114
      vertex 33.3 -66.91 114
      vertex 33.3 -66 114
    endloop
  endfacet
  facet normal 0 0 1
    outer loop
      vertex 33.3 -66.91 114
      vertex 31.5 -66 114
      vertex 31.5 -66.91 114
    endloop
  endfacet
  facet normal 0 0 -1
    outer loop
      vertex 31.5 -66.91 6
      vertex 33.3 -66 6
      vertex 33.3 -66.91 6
    endloop
  endfacet
  facet normal -0 0 -1
    outer loop
      vertex 33.3 -66 6
      vertex 31.5 -66.91 6
      vertex 31.5 -66 6
    endloop
  endfacet
  facet normal 1 -0 0
    outer loop
      vertex 33.3 -66.91 114
      vertex 33.3 -66 6
      vertex 33.3 -66 114
    endloop
  endfacet
  facet normal 1 0 0
    outer loop
      vertex 33.3 -66 6
      vertex 33.3 -66.91 114
      vertex 33.3 -66.91 6
    endloop
  endfacet
  facet normal 0 -1 0
    outer loop
      vertex 31.5 -66.91 6
      vertex 33.3 -66.91 114
      vertex 31.5 -66.91 114
    endloop
  endfacet
  facet normal 0 -1 -0
    outer loop
      vertex 33.3 -66.91 114
      vertex 31.5 -66.91 6
      vertex 33.3 -66.91 6
    endloop
  endfacet
  facet normal -1 0 0
    outer loop
      vertex 26.1 -66.91 6
      vertex 26.1 -66 114
      vertex 26.1 -66 6
    endloop
  endfacet
  facet normal -1 -0 0
    outer loop
      vertex 26.1 -66 114
      vertex 26.1 -66.91 6
      vertex 26.1 -66.91 114
    endloop
  endfacet
  facet normal -0 0 1
    outer loop
      vertex 26.1 -66 114
      vertex 27.9 -66.91 114
      vertex 27.9 -66 114
    endloop
  endfacet
  facet normal 0 0 1
    outer loop
      vertex 27.9 -66.91 114
      vertex 26.1 -66 114
      vertex 26.1 -66.91 114
    endloop
  endfacet
  facet normal 0 0 -1
    outer loop
      vertex 26.1 -66.91 6
      vertex 27.9 -66 6
      vertex 27.9 -66.91 6
    endloop
  endfacet
  facet normal -0 0 -1
    outer loop
      vertex 27.9 -66 6
      vertex 26.1 -66.91 6
      vertex 26.1 -66 6
    endloop
  endfacet
  facet normal 1 -0 0
    outer loop
      vertex 27.9 -66.91 114
      vertex 27.9 -66 6
      vertex 27.9 -66 114
    endloop
  endfacet
  facet normal 1 0 0
    outer loop
      vertex 27.9 -66 6
      vertex 27.9 -66.91 114
      vertex 27.9 -66.91 6
    endloop
  endfacet
  facet normal 0 -1 0
    outer loop
      vertex 26.1 -66.91 6
      vertex 27.9 -66.91 114
      vertex 26.1 -66.91 114
    endloop
  endfacet
  facet normal 0 -1 -0
    outer loop
      vertex 27.9 -66.91 114
      vertex 26.1 -66.91 6
      vertex 27.9 -66.91 6
    endloop
  endfacet
  facet normal -1 0 0
    outer loop
      vertex 20.7 -66.91 6
      vertex 20.7 -66 114
      vertex 20.7 -66 6
    endloop
  endfacet
  facet normal -1 -0 0
    outer loop
      vertex 20.7 -66 114
      vertex 20.7 -66.91 6
      vertex 20.7 -66.91 114
    endloop
  endfacet
  facet normal -0 0 1
    outer loop
      vertex 20.7 -66 114
      vertex 22.5 -66.91 114
      vertex 22.5 -66 114
    endloop
  endfacet
  facet normal 0 0 1
    outer loop
      vertex 22.5 -66.91 114
      vertex 20.7 -66 114
      vertex 20.7 -66.91 114
    endloop
  endfacet
  facet normal 0 0 -1
    outer loop
      vertex 20.7 -66.91 6
      vertex 22.5 -66 6
      vertex 22.5 -66.91 6
    endloop
  endfacet
  facet normal -0 0 -1
    outer loop
      vertex 22.5 -66 6
      vertex 20.7 -66.91 6
      vertex 20.7 -66 6
    endloop
  endfacet
  facet normal 1 -0 0
    outer loop
      vertex 22.5 -66.91 114
      vertex 22.5 -66 6
      vertex 22.5 -66 114
    endloop
  endfacet
  facet normal 1 0 0
    outer loop
      vertex 22.5 -66 6
      vertex 22.5 -66.91 114
      vertex 22.5 -66.91 6
    endloop
  endfacet
  facet normal 0 -1 0
    outer loop
      vertex 20.7 -66.91 6
      vertex 22.5 -66.91 114
      vertex 20.7 -66.91 114
    endloop
  endfacet
  facet normal 0 -1 -0
    outer loop
      vertex 22.5 -66.91 114
      vertex 20.7 -66.91 6
      vertex 22.5 -66.91 6
    endloop
  endfacet
  facet normal -1 0 0
    outer loop
      vertex 15.3 -66.91 6
      vertex 15.3 -66 114
      vertex 15.3 -66 6
    endloop
  endfacet
  facet normal -1 -0 0
    outer loop
      vertex 15.3 -66 114
      vertex 15.3 -66.91 6
      vertex 15.3 -66.91 114
    endloop
  endfacet
  facet normal -0 0 1
    outer loop
      vertex 15.3 -66 114
      vertex 17.1 -66.91 114
      vertex 17.1 -66 114
    endloop
  endfacet
  facet normal 0 0 1
    outer loop
      vertex 17.1 -66.91 114
      vertex 15.3 -66 114
      vertex 15.3 -66.91 114
    endloop
  endfacet
  facet normal 0 0 -1
    outer loop
      vertex 15.3 -66.91 6
      vertex 17.1 -66 6
      vertex 17.1 -66.91 6
    endloop
  endfacet
  facet normal -0 0 -1
    outer loop
      vertex 17.1 -66 6
      vertex 15.3 -66.91 6
      vertex 15.3 -66 6
    endloop
  endfacet
  facet normal 1 -0 0
    outer loop
      vertex 17.1 -66.91 114
      vertex 17.1 -66 6
      vertex 17.1 -66 114
    endloop
  endfacet
  facet normal 1 0 0
    outer loop
      vertex 17.1 -66 6
      vertex 17.1 -66.91 114
      vertex 17.1 -66.91 6
    endloop
  endfacet
  facet normal 0 -1 0
    outer loop
      vertex 15.3 -66.91 6
      vertex 17.1 -66.91 114
      vertex 15.3 -66.91 114
    endloop
  endfacet
  facet normal 0 -1 -0
    outer loop
      vertex 17.1 -66.91 114
      vertex 15.3 -66.91 6
      vertex 17.1 -66.91 6
    endloop
  endfacet
  facet normal -1 0 0
    outer loop
      vertex 9.9 -66.91 6
      vertex 9.9 -66 114
      vertex 9.9 -66 6
    endloop
  endfacet
  facet normal -1 -0 0
    outer loop
      vertex 9.9 -66 114
      vertex 9.9 -66.91 6
      vertex 9.9 -66.91 114
    endloop
  endfacet
  facet normal -0 0 1
    outer loop
      vertex 9.9 -66 114
      vertex 11.7 -66.91 114
      vertex 11.7 -66 114
    endloop
  endfacet
  facet normal 0 0 1
    outer loop
      vertex 11.7 -66.91 114
      vertex 9.9 -66 114
      vertex 9.9 -66.91 114
    endloop
  endfacet
  facet normal 0 0 -1
    outer loop
      vertex 9.9 -66.91 6
      vertex 11.7 -66 6
      vertex 11.7 -66.91 6
    endloop
  endfacet
  facet normal -0 0 -1
    outer loop
      vertex 11.7 -66 6
      vertex 9.9 -66.91 6
      vertex 9.9 -66 6
    endloop
  endfacet
  facet normal 1 -0 0
    outer loop
      vertex 11.7 -66.91 114
      vertex 11.7 -66 6
      vertex 11.7 -66 114
    endloop
  endfacet
  facet normal 1 0 0
    outer loop
      vertex 11.7 -66 6
      vertex 11.7 -66.91 114
      vertex 11.7 -66.91 6
    endloop
  endfacet
  facet normal 0 -1 0
    outer loop
      vertex 9.9 -66.91 6
      vertex 11.7 -66.91 114
      vertex 9.9 -66.91 114
    endloop
  endfacet
  facet normal 0 -1 -0
    outer loop
      vertex 11.7 -66.91 114
      vertex 9.9 -66.91 6
      vertex 11.7 -66.91 6
    endloop
  endfacet
  facet normal -1 0 0
    outer loop
      vertex 4.5 -66.91 6.6
      vertex 4.5 -66 114
      vertex 4.5 -66 6.6
    endloop
  endfacet
  facet normal -1 -0 0
    outer loop
      vertex 4.5 -66 114
      vertex 4.5 -66.91 6.6
      vertex 4.5 -66.91 114
    endloop
  endfacet
  facet normal -0 0 1
    outer loop
      vertex 4.5 -66 114
      vertex 6.3 -66.91 114
      vertex 6.3 -66 114
    endloop
  endfacet
  facet normal 0 0 1
    outer loop
      vertex 6.3 -66.91 114
      vertex 4.5 -66 114
      vertex 4.5 -66.91 114
    endloop
  endfacet
  facet normal 1 -0 0
    outer loop
      vertex 6.3 -66.91 114
      vertex 6.3 -66 6.6
      vertex 6.3 -66 114
    endloop
  endfacet
  facet normal 1 0 0
    outer loop
      vertex 6.3 -66 6.6
      vertex 6.3 -66.91 114
      vertex 6.3 -66.91 6.6
    endloop
  endfacet
  facet normal 0 -1 0
    outer loop
      vertex 4.5 -66.91 6.6
      vertex 6.3 -66.91 114
      vertex 4.5 -66.91 114
    endloop
  endfacet
  facet normal 0 -1 -0
    outer loop
      vertex 6.3 -66.91 114
      vertex 4.5 -66.91 6.6
      vertex 6.3 -66.91 6.6
    endloop
  endfacet
  facet normal -1 0 0
    outer loop
      vertex -0.9 -66.91 6.6
      vertex -0.9 -66 114
      vertex -0.9 -66 6.6
    endloop
  endfacet
  facet normal -1 -0 0
    outer loop
      vertex -0.9 -66 114
      vertex -0.9 -66.91 6.6
      vertex -0.9 -66.91 114
    endloop
  endfacet
  facet normal -0 0 1
    outer loop
      vertex -0.9 -66 114
      vertex 0.9 -66.91 114
      vertex 0.9 -66 114
    endloop
  endfacet
  facet normal 0 0 1
    outer loop
      vertex 0.9 -66.91 114
      vertex -0.9 -66 114
      vertex -0.9 -66.91 114
    endloop
  endfacet
  facet normal 1 -0 0
    outer loop
      vertex 0.9 -66.91 114
      vertex 0.9 -66 6.6
      vertex 0.9 -66 114
    endloop
  endfacet
  facet normal 1 0 0
    outer loop
      vertex 0.9 -66 6.6
      vertex 0.9 -66.91 114
      vertex 0.9 -66.91 6.6
    endloop
  endfacet
  facet normal 0 -1 0
    outer loop
      vertex -0.9 -66.91 6.6
      vertex 0.9 -66.91 114
      vertex -0.9 -66.91 114
    endloop
  endfacet
  facet normal 0 -1 -0
    outer loop
      vertex 0.9 -66.91 114
      vertex -0.9 -66.91 6.6
      vertex 0.9 -66.91 6.6
    endloop
  endfacet
  facet normal -1 0 0
    outer loop
      vertex -6.3 -66.91 6.6
      vertex -6.3 -66 114
      vertex -6.3 -66 6.6
    endloop
  endfacet
  facet normal -1 -0 0
    outer loop
      vertex -6.3 -66 114
      vertex -6.3 -66.91 6.6
      vertex -6.3 -66.91 114
    endloop
  endfacet
  facet normal -0 0 1
    outer loop
      vertex -6.3 -66 114
      vertex -4.5 -66.91 114
      vertex -4.5 -66 114
    endloop
  endfacet
  facet normal 0 0 1
    outer loop
      vertex -4.5 -66.91 114
      vertex -6.3 -66 114
      vertex -6.3 -66.91 114
    endloop
  endfacet
  facet normal 1 -0 0
    outer loop
      vertex -4.5 -66.91 114
      vertex -4.5 -66 6.6
      vertex -4.5 -66 114
    endloop
  endfacet
  facet normal 1 0 0
    outer loop
      vertex -4.5 -66 6.6
      vertex -4.5 -66.91 114
      vertex -4.5 -66.91 6.6
    endloop
  endfacet
  facet normal 0 -1 0
    outer loop
      vertex -6.3 -66.91 6.6
      vertex -4.5 -66.91 114
      vertex -6.3 -66.91 114
    endloop
  endfacet
  facet normal 0 -1 -0
    outer loop
      vertex -4.5 -66.91 114
      vertex -6.3 -66.91 6.6
      vertex -4.5 -66.91 6.6
    endloop
  endfacet
  facet normal -1 0 0
    outer loop
      vertex -11.7 -66.91 6
      vertex -11.7 -66 114
      vertex -11.7 -66 6
    endloop
  endfacet
  facet normal -1 -0 0
    outer loop
      vertex -11.7 -66 114
      vertex -11.7 -66.91 6
      vertex -11.7 -66.91 114
    endloop
  endfacet
  facet normal -0 0 1
    outer loop
      vertex -11.7 -66 114
      vertex -9.9 -66.91 114
      vertex -9.9 -66 114
    endloop
  endfacet
  facet normal 0 0 1
    outer loop
      vertex -9.9 -66.91 114
      vertex -11.7 -66 114
      vertex -11.7 -66.91 114
    endloop
  endfacet
  facet normal 0 0 -1
    outer loop
      vertex -11.7 -66.91 6
      vertex -9.9 -66 6
      vertex -9.9 -66.91 6
    endloop
  endfacet
  facet normal -0 0 -1
    outer loop
      vertex -9.9 -66 6
      vertex -11.7 -66.91 6
      vertex -11.7 -66 6
    endloop
  endfacet
  facet normal 1 -0 0
    outer loop
      vertex -9.9 -66.91 114
      vertex -9.9 -66 6
      vertex -9.9 -66 114
    endloop
  endfacet
  facet normal 1 0 0
    outer loop
      vertex -9.9 -66 6
      vertex -9.9 -66.91 114
      vertex -9.9 -66.91 6
    endloop
  endfacet
  facet normal 0 -1 0
    outer loop
      vertex -11.7 -66.91 6
      vertex -9.9 -66.91 114
      vertex -11.7 -66.91 114
    endloop
  endfacet
  facet normal 0 -1 -0
    outer loop
      vertex -9.9 -66.91 114
      vertex -11.7 -66.91 6
      vertex -9.9 -66.91 6
    endloop
  endfacet
  facet normal -1 0 0
    outer loop
      vertex -17.1 -66.91 6
      vertex -17.1 -66 114
      vertex -17.1 -66 6
    endloop
  endfacet
  facet normal -1 -0 0
    outer loop
      vertex -17.1 -66 114
      vertex -17.1 -66.91 6
      vertex -17.1 -66.91 114
    endloop
  endfacet
  facet normal -0 0 1
    outer loop
      vertex -17.1 -66 114
      vertex -15.3 -66.91 114
      vertex -15.3 -66 114
    endloop
  endfacet
  facet normal 0 0 1
    outer loop
      vertex -15.3 -66.91 114
      vertex -17.1 -66 114
      vertex -17.1 -66.91 114
    endloop
  endfacet
  facet normal 0 0 -1
    outer loop
      vertex -17.1 -66.91 6
      vertex -15.3 -66 6
      vertex -15.3 -66.91 6
    endloop
  endfacet
  facet normal -0 0 -1
    outer loop
      vertex -15.3 -66 6
      vertex -17.1 -66.91 6
      vertex -17.1 -66 6
    endloop
  endfacet
  facet normal 1 -0 0
    outer loop
      vertex -15.3 -66.91 114
      vertex -15.3 -66 6
      vertex -15.3 -66 114
    endloop
  endfacet
  facet normal 1 0 0
    outer loop
      vertex -15.3 -66 6
      vertex -15.3 -66.91 114
      vertex -15.3 -66.91 6
    endloop
  endfacet
  facet normal 0 -1 0
    outer loop
      vertex -17.1 -66.91 6
      vertex -15.3 -66.91 114
      vertex -17.1 -66.91 114
    endloop
  endfacet
  facet normal 0 -1 -0
    outer loop
      vertex -15.3 -66.91 114
      vertex -17.1 -66.91 6
      vertex -15.3 -66.91 6
    endloop
  endfacet
  facet normal -1 0 0
    outer loop
      vertex -22.5 -66.91 6
      vertex -22.5 -66 114
      vertex -22.5 -66 6
    endloop
  endfacet
  facet normal -1 -0 0
    outer loop
      vertex -22.5 -66 114
      vertex -22.5 -66.91 6
      vertex -22.5 -66.91 114
    endloop
  endfacet
  facet normal -0 0 1
    outer loop
      vertex -22.5 -66 114
      vertex -20.7 -66.91 114
      vertex -20.7 -66 114
    endloop
  endfacet
  facet normal 0 0 1
    outer loop
      vertex -20.7 -66.91 114
      vertex -22.5 -66 114
      vertex -22.5 -66.91 114
    endloop
  endfacet
  facet normal 0 0 -1
    outer loop
      vertex -22.5 -66.91 6
      vertex -20.7 -66 6
      vertex -20.7 -66.91 6
    endloop
  endfacet
  facet normal -0 0 -1
    outer loop
      vertex -20.7 -66 6
      vertex -22.5 -66.91 6
      vertex -22.5 -66 6
    endloop
  endfacet
  facet normal 1 -0 0
    outer loop
      vertex -20.7 -66.91 114
      vertex -20.7 -66 6
      vertex -20.7 -66 114
    endloop
  endfacet
  facet normal 1 0 0
    outer loop
      vertex -20.7 -66 6
      vertex -20.7 -66.91 114
      vertex -20.7 -66.91 6
    endloop
  endfacet
  facet normal 0 -1 0
    outer loop
      vertex -22.5 -66.91 6
      vertex -20.7 -66.91 114
      vertex -22.5 -66.91 114
    endloop
  endfacet
  facet normal 0 -1 -0
    outer loop
      vertex -20.7 -66.91 114
      vertex -22.5 -66.91 6
      vertex -20.7 -66.91 6
    endloop
  endfacet
  facet normal -1 0 0
    outer loop
      vertex -27.9 -66.91 6
      vertex -27.9 -66 114
      vertex -27.9 -66 6
    endloop
  endfacet
  facet normal -1 -0 0
    outer loop
      vertex -27.9 -66 114
      vertex -27.9 -66.91 6
      vertex -27.9 -66.91 114
    endloop
  endfacet
  facet normal -0 0 1
    outer loop
      vertex -27.9 -66 114
      vertex -26.1 -66.91 114
      vertex -26.1 -66 114
    endloop
  endfacet
  facet normal 0 0 1
    outer loop
      vertex -26.1 -66.91 114
      vertex -27.9 -66 114
      vertex -27.9 -66.91 114
    endloop
  endfacet
  facet normal 0 0 -1
    outer loop
      vertex -27.9 -66.91 6
      vertex -26.1 -66 6
      vertex -26.1 -66.91 6
    endloop
  endfacet
  facet normal -0 0 -1
    outer loop
      vertex -26.1 -66 6
      vertex -27.9 -66.91 6
      vertex -27.9 -66 6
    endloop
  endfacet
  facet normal 1 -0 0
    outer loop
      vertex -26.1 -66.91 114
      vertex -26.1 -66 6
      vertex -26.1 -66 114
    endloop
  endfacet
  facet normal 1 0 0
    outer loop
      vertex -26.1 -66 6
      vertex -26.1 -66.91 114
      vertex -26.1 -66.91 6
    endloop
  endfacet
  facet normal 0 -1 0
    outer loop
      vertex -27.9 -66.91 6
      vertex -26.1 -66.91 114
      vertex -27.9 -66.91 114
    endloop
  endfacet
  facet normal 0 -1 -0
    outer loop
      vertex -26.1 -66.91 114
      vertex -27.9 -66.91 6
      vertex -26.1 -66.91 6
    endloop
  endfacet
  facet normal -1 0 0
    outer loop
      vertex -33.3 -66.91 6
      vertex -33.3 -66 114
      vertex -33.3 -66 6
    endloop
  endfacet
  facet normal -1 -0 0
    outer loop
      vertex -33.3 -66 114
      vertex -33.3 -66.91 6
      vertex -33.3 -66.91 114
    endloop
  endfacet
  facet normal -0 0 1
    outer loop
      vertex -33.3 -66 114
      vertex -31.5 -66.91 114
      vertex -31.5 -66 114
    endloop
  endfacet
  facet normal 0 0 1
    outer loop
      vertex -31.5 -66.91 114
      vertex -33.3 -66 114
      vertex -33.3 -66.91 114
    endloop
  endfacet
  facet normal 0 0 -1
    outer loop
      vertex -33.3 -66.91 6
      vertex -31.5 -66 6
      vertex -31.5 -66.91 6
    endloop
  endfacet
  facet normal -0 0 -1
    outer loop
      vertex -31.5 -66 6
      vertex -33.3 -66.91 6
      vertex -33.3 -66 6
    endloop
  endfacet
  facet normal 1 -0 0
    outer loop
      vertex -31.5 -66.91 114
      vertex -31.5 -66 6
      vertex -31.5 -66 114
    endloop
  endfacet
  facet normal 1 0 0
    outer loop
      vertex -31.5 -66 6
      vertex -31.5 -66.91 114
      vertex -31.5 -66.91 6
    endloop
  endfacet
  facet normal 0 -1 0
    outer loop
      vertex -33.3 -66.91 6
      vertex -31.5 -66.91 114
      vertex -33.3 -66.91 114
    endloop
  endfacet
  facet normal 0 -1 -0
    outer loop
      vertex -31.5 -66.91 114
      vertex -33.3 -66.91 6
      vertex -31.5 -66.91 6
    endloop
  endfacet
  facet normal -1 0 0
    outer loop
      vertex -38.7 -66.91 6
      vertex -38.7 -66 114
      vertex -38.7 -66 6
    endloop
  endfacet
  facet normal -1 -0 0
    outer loop
      vertex -38.7 -66 114
      vertex -38.7 -66.91 6
      vertex -38.7 -66.91 114
    endloop
  endfacet
  facet normal -0 0 1
    outer loop
      vertex -38.7 -66 114
      vertex -36.9 -66.91 114
      vertex -36.9 -66 114
    endloop
  endfacet
  facet normal 0 0 1
    outer loop
      vertex -36.9 -66.91 114
      vertex -38.7 -66 114
      vertex -38.7 -66.91 114
    endloop
  endfacet
  facet normal 0 0 -1
    outer loop
      vertex -38.7 -66.91 6
      vertex -36.9 -66 6
      vertex -36.9 -66.91 6
    endloop
  endfacet
  facet normal -0 0 -1
    outer loop
      vertex -36.9 -66 6
      vertex -38.7 -66.91 6
      vertex -38.7 -66 6
    endloop
  endfacet
  facet normal 1 -0 0
    outer loop
      vertex -36.9 -66.91 114
      vertex -36.9 -66 6
      vertex -36.9 -66 114
    endloop
  endfacet
  facet normal 1 0 0
    outer loop
      vertex -36.9 -66 6
      vertex -36.9 -66.91 114
      vertex -36.9 -66.91 6
    endloop
  endfacet
  facet normal 0 -1 0
    outer loop
      vertex -38.7 -66.91 6
      vertex -36.9 -66.91 114
      vertex -38.7 -66.91 114
    endloop
  endfacet
  facet normal 0 -1 -0
    outer loop
      vertex -36.9 -66.91 114
      vertex -38.7 -66.91 6
      vertex -36.9 -66.91 6
    endloop
  endfacet
  facet normal -1 0 0
    outer loop
      vertex -44.1 -66.91 6
      vertex -44.1 -66 114
      vertex -44.1 -66 6
    endloop
  endfacet
  facet normal -1 -0 0
    outer loop
      vertex -44.1 -66 114
      vertex -44.1 -66.91 6
      vertex -44.1 -66.91 114
    endloop
  endfacet
  facet normal -0 0 1
    outer loop
      vertex -44.1 -66 114
      vertex -42.3 -66.91 114
      vertex -42.3 -66 114
    endloop
  endfacet
  facet normal 0 0 1
    outer loop
      vertex -42.3 -66.91 114
      vertex -44.1 -66 114
      vertex -44.1 -66.91 114
    endloop
  endfacet
  facet normal 0 0 -1
    outer loop
      vertex -44.1 -66.91 6
      vertex -42.3 -66 6
      vertex -42.3 -66.91 6
    endloop
  endfacet
  facet normal -0 0 -1
    outer loop
      vertex -42.3 -66 6
      vertex -44.1 -66.91 6
      vertex -44.1 -66 6
    endloop
  endfacet
  facet normal 1 -0 0
    outer loop
      vertex -42.3 -66.91 114
      vertex -42.3 -66 6
      vertex -42.3 -66 114
    endloop
  endfacet
  facet normal 1 0 0
    outer loop
      vertex -42.3 -66 6
      vertex -42.3 -66.91 114
      vertex -42.3 -66.91 6
    endloop
  endfacet
  facet normal 0 -1 0
    outer loop
      vertex -44.1 -66.91 6
      vertex -42.3 -66.91 114
      vertex -44.1 -66.91 114
    endloop
  endfacet
  facet normal 0 -1 -0
    outer loop
      vertex -42.3 -66.91 114
      vertex -44.1 -66.91 6
      vertex -42.3 -66.91 6
    endloop
  endfacet
  facet normal -1 0 0
    outer loop
      vertex -49.5 -66.91 6
      vertex -49.5 -66 114
      vertex -49.5 -66 6
    endloop
  endfacet
  facet normal -1 -0 0
    outer loop
      vertex -49.5 -66 114
      vertex -49.5 -66.91 6
      vertex -49.5 -66.91 114
    endloop
  endfacet
  facet normal -0 0 1
    outer loop
      vertex -49.5 -66 114
      vertex -47.7 -66.91 114
      vertex -47.7 -66 114
    endloop
  endfacet
  facet normal 0 0 1
    outer loop
      vertex -47.7 -66.91 114
      vertex -49.5 -66 114
      vertex -49.5 -66.91 114
    endloop
  endfacet
  facet normal 0 0 -1
    outer loop
      vertex -49.5 -66.91 6
      vertex -47.7 -66 6
      vertex -47.7 -66.91 6
    endloop
  endfacet
  facet normal -0 0 -1
    outer loop
      vertex -47.7 -66 6
      vertex -49.5 -66.91 6
      vertex -49.5 -66 6
    endloop
  endfacet
  facet normal 1 -0 0
    outer loop
      vertex -47.7 -66.91 114
      vertex -47.7 -66 6
      vertex -47.7 -66 114
    endloop
  endfacet
  facet normal 1 0 0
    outer loop
      vertex -47.7 -66 6
      vertex -47.7 -66.91 114
      vertex -47.7 -66.91 6
    endloop
  endfacet
  facet normal 0 -1 0
    outer loop
      vertex -49.5 -66.91 6
      vertex -47.7 -66.91 114
      vertex -49.5 -66.91 114
    endloop
  endfacet
  facet normal 0 -1 -0
    outer loop
      vertex -47.7 -66.91 114
      vertex -49.5 -66.91 6
      vertex -47.7 -66.91 6
    endloop
  endfacet
  facet normal -1 0 0
    outer loop
      vertex -54.9 -66.91 6
      vertex -54.9 -66 114
      vertex -54.9 -66 6
    endloop
  endfacet
  facet normal -1 -0 0
    outer loop
      vertex -54.9 -66 114
      vertex -54.9 -66.91 6
      vertex -54.9 -66.91 114
    endloop
  endfacet
  facet normal -0 0 1
    outer loop
      vertex -54.9 -66 114
      vertex -53.1 -66.91 114
      vertex -53.1 -66 114
    endloop
  endfacet
  facet normal 0 0 1
    outer loop
      vertex -53.1 -66.91 114
      vertex -54.9 -66 114
      vertex -54.9 -66.91 114
    endloop
  endfacet
  facet normal 0 0 -1
    outer loop
      vertex -54.9 -66.91 6
      vertex -53.1 -66 6
      vertex -53.1 -66.91 6
    endloop
  endfacet
  facet normal -0 0 -1
    outer loop
      vertex -53.1 -66 6
      vertex -54.9 -66.91 6
      vertex -54.9 -66 6
    endloop
  endfacet
  facet normal 1 -0 0
    outer loop
      vertex -53.1 -66.91 114
      vertex -53.1 -66 6
      vertex -53.1 -66 114
    endloop
  endfacet
  facet normal 1 0 0
    outer loop
      vertex -53.1 -66 6
      vertex -53.1 -66.91 114
      vertex -53.1 -66.91 6
    endloop
  endfacet
  facet normal 0 -1 0
    outer loop
      vertex -54.9 -66.91 6
      vertex -53.1 -66.91 114
      vertex -54.9 -66.91 114
    endloop
  endfacet
  facet normal 0 -1 -0
    outer loop
      vertex -53.1 -66.91 114
      vertex -54.9 -66.91 6
      vertex -53.1 -66.91 6
    endloop
  endfacet
  facet normal 0 -1 0
    outer loop
      vertex 66 53.1 6
      vertex 66.91 53.1 114
      vertex 66 53.1 114
    endloop
  endfacet
  facet normal 0 -1 -0
    outer loop
      vertex 66.91 53.1 114
      vertex 66 53.1 6
      vertex 66.91 53.1 6
    endloop
  endfacet
  facet normal -0 0 1
    outer loop
      vertex 66 54.9 114
      vertex 66.91 53.1 114
      vertex 66.91 54.9 114
    endloop
  endfacet
  facet normal 0 0 1
    outer loop
      vertex 66.91 53.1 114
      vertex 66 54.9 114
      vertex 66 53.1 114
    endloop
  endfacet
  facet normal 0 0 -1
    outer loop
      vertex 66 53.1 6
      vertex 66.91 54.9 6
      vertex 66.91 53.1 6
    endloop
  endfacet
  facet normal -0 0 -1
    outer loop
      vertex 66.91 54.9 6
      vertex 66 53.1 6
      vertex 66 54.9 6
    endloop
  endfacet
  facet normal 0 1 -0
    outer loop
      vertex 66.91 54.9 6
      vertex 66 54.9 114
      vertex 66.91 54.9 114
    endloop
  endfacet
  facet normal 0 1 0
    outer loop
      vertex 66 54.9 114
      vertex 66.91 54.9 6
      vertex 66 54.9 6
    endloop
  endfacet
  facet normal 1 -0 0
    outer loop
      vertex 66.91 53.1 114
      vertex 66.91 54.9 6
      vertex 66.91 54.9 114
    endloop
  endfacet
  facet normal 1 0 0
    outer loop
      vertex 66.91 54.9 6
      vertex 66.91 53.1 114
      vertex 66.91 53.1 6
    endloop
  endfacet
  facet normal 0 -1 0
    outer loop
      vertex 66 47.7 6
      vertex 66.91 47.7 114
      vertex 66 47.7 114
    endloop
  endfacet
  facet normal 0 -1 -0
    outer loop
      vertex 66.91 47.7 114
      vertex 66 47.7 6
      vertex 66.91 47.7 6
    endloop
  endfacet
  facet normal -0 0 1
    outer loop
      vertex 66 49.5 114
      vertex 66.91 47.7 114
      vertex 66.91 49.5 114
    endloop
  endfacet
  facet normal 0 0 1
    outer loop
      vertex 66.91 47.7 114
      vertex 66 49.5 114
      vertex 66 47.7 114
    endloop
  endfacet
  facet normal 0 0 -1
    outer loop
      vertex 66 47.7 6
      vertex 66.91 49.5 6
      vertex 66.91 47.7 6
    endloop
  endfacet
  facet normal -0 0 -1
    outer loop
      vertex 66.91 49.5 6
      vertex 66 47.7 6
      vertex 66 49.5 6
    endloop
  endfacet
  facet normal 0 1 -0
    outer loop
      vertex 66.91 49.5 6
      vertex 66 49.5 114
      vertex 66.91 49.5 114
    endloop
  endfacet
  facet normal 0 1 0
    outer loop
      vertex 66 49.5 114
      vertex 66.91 49.5 6
      vertex 66 49.5 6
    endloop
  endfacet
  facet normal 1 -0 0
    outer loop
      vertex 66.91 47.7 114
      vertex 66.91 49.5 6
      vertex 66.91 49.5 114
    endloop
  endfacet
  facet normal 1 0 0
    outer loop
      vertex 66.91 49.5 6
      vertex 66.91 47.7 114
      vertex 66.91 47.7 6
    endloop
  endfacet
  facet normal 0 -1 0
    outer loop
      vertex 66 42.3 6
      vertex 66.91 42.3 114
      vertex 66 42.3 114
    endloop
  endfacet
  facet normal 0 -1 -0
    outer loop
      vertex 66.91 42.3 114
      vertex 66 42.3 6
      vertex 66.91 42.3 6
    endloop
  endfacet
  facet normal -0 0 1
    outer loop
      vertex 66 44.1 114
      vertex 66.91 42.3 114
      vertex 66.91 44.1 114
    endloop
  endfacet
  facet normal 0 0 1
    outer loop
      vertex 66.91 42.3 114
      vertex 66 44.1 114
      vertex 66 42.3 114
    endloop
  endfacet
  facet normal 0 0 -1
    outer loop
      vertex 66 42.3 6
      vertex 66.91 44.1 6
      vertex 66.91 42.3 6
    endloop
  endfacet
  facet normal -0 0 -1
    outer loop
      vertex 66.91 44.1 6
      vertex 66 42.3 6
      vertex 66 44.1 6
    endloop
  endfacet
  facet normal 0 1 -0
    outer loop
      vertex 66.91 44.1 6
      vertex 66 44.1 114
      vertex 66.91 44.1 114
    endloop
  endfacet
  facet normal 0 1 0
    outer loop
      vertex 66 44.1 114
      vertex 66.91 44.1 6
      vertex 66 44.1 6
    endloop
  endfacet
  facet normal 1 -0 0
    outer loop
      vertex 66.91 42.3 114
      vertex 66.91 44.1 6
      vertex 66.91 44.1 114
    endloop
  endfacet
  facet normal 1 0 0
    outer loop
      vertex 66.91 44.1 6
      vertex 66.91 42.3 114
      vertex 66.91 42.3 6
    endloop
  endfacet
  facet normal 0 -1 0
    outer loop
      vertex 66 36.9 6
      vertex 66.91 36.9 114
      vertex 66 36.9 114
    endloop
  endfacet
  facet normal 0 -1 -0
    outer loop
      vertex 66.91 36.9 114
      vertex 66 36.9 6
      vertex 66.91 36.9 6
    endloop
  endfacet
  facet normal -0 0 1
    outer loop
      vertex 66 38.7 114
      vertex 66.91 36.9 114
      vertex 66.91 38.7 114
    endloop
  endfacet
  facet normal 0 0 1
    outer loop
      vertex 66.91 36.9 114
      vertex 66 38.7 114
      vertex 66 36.9 114
    endloop
  endfacet
  facet normal 0 0 -1
    outer loop
      vertex 66 36.9 6
      vertex 66.91 38.7 6
      vertex 66.91 36.9 6
    endloop
  endfacet
  facet normal -0 0 -1
    outer loop
      vertex 66.91 38.7 6
      vertex 66 36.9 6
      vertex 66 38.7 6
    endloop
  endfacet
  facet normal 0 1 -0
    outer loop
      vertex 66.91 38.7 6
      vertex 66 38.7 114
      vertex 66.91 38.7 114
    endloop
  endfacet
  facet normal 0 1 0
    outer loop
      vertex 66 38.7 114
      vertex 66.91 38.7 6
      vertex 66 38.7 6
    endloop
  endfacet
  facet normal 1 -0 0
    outer loop
      vertex 66.91 36.9 114
      vertex 66.91 38.7 6
      vertex 66.91 38.7 114
    endloop
  endfacet
  facet normal 1 0 0
    outer loop
      vertex 66.91 38.7 6
      vertex 66.91 36.9 114
      vertex 66.91 36.9 6
    endloop
  endfacet
  facet normal 0 -1 0
    outer loop
      vertex 66 31.5 6
      vertex 66.91 31.5 114
      vertex 66 31.5 114
    endloop
  endfacet
  facet normal 0 -1 -0
    outer loop
      vertex 66.91 31.5 114
      vertex 66 31.5 6
      vertex 66.91 31.5 6
    endloop
  endfacet
  facet normal -0 0 1
    outer loop
      vertex 66 33.3 114
      vertex 66.91 31.5 114
      vertex 66.91 33.3 114
    endloop
  endfacet
  facet normal 0 0 1
    outer loop
      vertex 66.91 31.5 114
      vertex 66 33.3 114
      vertex 66 31.5 114
    endloop
  endfacet
  facet normal 0 0 -1
    outer loop
      vertex 66 31.5 6
      vertex 66.91 33.3 6
      vertex 66.91 31.5 6
    endloop
  endfacet
  facet normal -0 0 -1
    outer loop
      vertex 66.91 33.3 6
      vertex 66 31.5 6
      vertex 66 33.3 6
    endloop
  endfacet
  facet normal 0 1 -0
    outer loop
      vertex 66.91 33.3 6
      vertex 66 33.3 114
      vertex 66.91 33.3 114
    endloop
  endfacet
  facet normal 0 1 0
    outer loop
      vertex 66 33.3 114
      vertex 66.91 33.3 6
      vertex 66 33.3 6
    endloop
  endfacet
  facet normal 1 -0 0
    outer loop
      vertex 66.91 31.5 114
      vertex 66.91 33.3 6
      vertex 66.91 33.3 114
    endloop
  endfacet
  facet normal 1 0 0
    outer loop
      vertex 66.91 33.3 6
      vertex 66.91 31.5 114
      vertex 66.91 31.5 6
    endloop
  endfacet
  facet normal 0 -1 0
    outer loop
      vertex 66 26.1 6
      vertex 66.91 26.1 114
      vertex 66 26.1 114
    endloop
  endfacet
  facet normal 0 -1 -0
    outer loop
      vertex 66.91 26.1 114
      vertex 66 26.1 6
      vertex 66.91 26.1 6
    endloop
  endfacet
  facet normal -0 0 1
    outer loop
      vertex 66 27.9 114
      vertex 66.91 26.1 114
      vertex 66.91 27.9 114
    endloop
  endfacet
  facet normal 0 0 1
    outer loop
      vertex 66.91 26.1 114
      vertex 66 27.9 114
      vertex 66 26.1 114
    endloop
  endfacet
  facet normal 0 0 -1
    outer loop
      vertex 66 26.1 6
      vertex 66.91 27.9 6
      vertex 66.91 26.1 6
    endloop
  endfacet
  facet normal -0 0 -1
    outer loop
      vertex 66.91 27.9 6
      vertex 66 26.1 6
      vertex 66 27.9 6
    endloop
  endfacet
  facet normal 0 1 -0
    outer loop
      vertex 66.91 27.9 6
      vertex 66 27.9 114
      vertex 66.91 27.9 114
    endloop
  endfacet
  facet normal 0 1 0
    outer loop
      vertex 66 27.9 114
      vertex 66.91 27.9 6
      vertex 66 27.9 6
    endloop
  endfacet
  facet normal 1 -0 0
    outer loop
      vertex 66.91 26.1 114
      vertex 66.91 27.9 6
      vertex 66.91 27.9 114
    endloop
  endfacet
  facet normal 1 0 0
    outer loop
      vertex 66.91 27.9 6
      vertex 66.91 26.1 114
      vertex 66.91 26.1 6
    endloop
  endfacet
  facet normal 0 -1 0
    outer loop
      vertex 66 20.7 6
      vertex 66.91 20.7 114
      vertex 66 20.7 114
    endloop
  endfacet
  facet normal 0 -1 -0
    outer loop
      vertex 66.91 20.7 114
      vertex 66 20.7 6
      vertex 66.91 20.7 6
    endloop
  endfacet
  facet normal -0 0 1
    outer loop
      vertex 66 22.5 114
      vertex 66.91 20.7 114
      vertex 66.91 22.5 114
    endloop
  endfacet
  facet normal 0 0 1
    outer loop
      vertex 66.91 20.7 114
      vertex 66 22.5 114
      vertex 66 20.7 114
    endloop
  endfacet
  facet normal 0 0 -1
    outer loop
      vertex 66 20.7 6
      vertex 66.91 22.5 6
      vertex 66.91 20.7 6
    endloop
  endfacet
  facet normal -0 0 -1
    outer loop
      vertex 66.91 22.5 6
      vertex 66 20.7 6
      vertex 66 22.5 6
    endloop
  endfacet
  facet normal 0 1 -0
    outer loop
      vertex 66.91 22.5 6
      vertex 66 22.5 114
      vertex 66.91 22.5 114
    endloop
  endfacet
  facet normal 0 1 0
    outer loop
      vertex 66 22.5 114
      vertex 66.91 22.5 6
      vertex 66 22.5 6
    endloop
  endfacet
  facet normal 1 -0 0
    outer loop
      vertex 66.91 20.7 114
      vertex 66.91 22.5 6
      vertex 66.91 22.5 114
    endloop
  endfacet
  facet normal 1 0 0
    outer loop
      vertex 66.91 22.5 6
      vertex 66.91 20.7 114
      vertex 66.91 20.7 6
    endloop
  endfacet
  facet normal 0 -1 0
    outer loop
      vertex 66 15.3 6
      vertex 66.91 15.3 114
      vertex 66 15.3 114
    endloop
  endfacet
  facet normal 0 -1 -0
    outer loop
      vertex 66.91 15.3 114
      vertex 66 15.3 6
      vertex 66.91 15.3 6
    endloop
  endfacet
  facet normal -0 0 1
    outer loop
      vertex 66 17.1 114
      vertex 66.91 15.3 114
      vertex 66.91 17.1 114
    endloop
  endfacet
  facet normal 0 0 1
    outer loop
      vertex 66.91 15.3 114
      vertex 66 17.1 114
      vertex 66 15.3 114
    endloop
  endfacet
  facet normal 0 0 -1
    outer loop
      vertex 66 15.3 6
      vertex 66.91 17.1 6
      vertex 66.91 15.3 6
    endloop
  endfacet
  facet normal -0 0 -1
    outer loop
      vertex 66.91 17.1 6
      vertex 66 15.3 6
      vertex 66 17.1 6
    endloop
  endfacet
  facet normal 0 1 -0
    outer loop
      vertex 66.91 17.1 6
      vertex 66 17.1 114
      vertex 66.91 17.1 114
    endloop
  endfacet
  facet normal 0 1 0
    outer loop
      vertex 66 17.1 114
      vertex 66.91 17.1 6
      vertex 66 17.1 6
    endloop
  endfacet
  facet normal 1 -0 0
    outer loop
      vertex 66.91 15.3 114
      vertex 66.91 17.1 6
      vertex 66.91 17.1 114
    endloop
  endfacet
  facet normal 1 0 0
    outer loop
      vertex 66.91 17.1 6
      vertex 66.91 15.3 114
      vertex 66.91 15.3 6
    endloop
  endfacet
  facet normal 0 -1 0
    outer loop
      vertex 66 9.9 6
      vertex 66.91 9.9 114
      vertex 66 9.9 114
    endloop
  endfacet
  facet normal 0 -1 -0
    outer loop
      vertex 66.91 9.9 114
      vertex 66 9.9 6
      vertex 66.91 9.9 6
    endloop
  endfacet
  facet normal -0 0 1
    outer loop
      vertex 66 11.7 114
      vertex 66.91 9.9 114
      vertex 66.91 11.7 114
    endloop
  endfacet
  facet normal 0 0 1
    outer loop
      vertex 66.91 9.9 114
      vertex 66 11.7 114
      vertex 66 9.9 114
    endloop
  endfacet
  facet normal 0 0 -1
    outer loop
      vertex 66 9.9 6
      vertex 66.91 11.7 6
      vertex 66.91 9.9 6
    endloop
  endfacet
  facet normal -0 0 -1
    outer loop
      vertex 66.91 11.7 6
      vertex 66 9.9 6
      vertex 66 11.7 6
    endloop
  endfacet
  facet normal 0 1 -0
    outer loop
      vertex 66.91 11.7 6
      vertex 66 11.7 114
      vertex 66.91 11.7 114
    endloop
  endfacet
  facet normal 0 1 0
    outer loop
      vertex 66 11.7 114
      vertex 66.91 11.7 6
      vertex 66 11.7 6
    endloop
  endfacet
  facet normal 1 -0 0
    outer loop
      vertex 66.91 9.9 114
      vertex 66.91 11.7 6
      vertex 66.91 11.7 114
    endloop
  endfacet
  facet normal 1 0 0
    outer loop
      vertex 66.91 11.7 6
      vertex 66.91 9.9 114
      vertex 66.91 9.9 6
    endloop
  endfacet
  facet normal 0 -1 0
    outer loop
      vertex 66 4.5 6
      vertex 66.91 4.5 114
      vertex 66 4.5 114
    endloop
  endfacet
  facet normal 0 -1 -0
    outer loop
      vertex 66.91 4.5 114
      vertex 66 4.5 6
      vertex 66.91 4.5 6
    endloop
  endfacet
  facet normal -0 0 1
    outer loop
      vertex 66 6.3 114
      vertex 66.91 4.5 114
      vertex 66.91 6.3 114
    endloop
  endfacet
  facet normal 0 0 1
    outer loop
      vertex 66.91 4.5 114
      vertex 66 6.3 114
      vertex 66 4.5 114
    endloop
  endfacet
  facet normal 0 0 -1
    outer loop
      vertex 66 4.5 6
      vertex 66.91 6.3 6
      vertex 66.91 4.5 6
    endloop
  endfacet
  facet normal -0 0 -1
    outer loop
      vertex 66.91 6.3 6
      vertex 66 4.5 6
      vertex 66 6.3 6
    endloop
  endfacet
  facet normal 0 1 -0
    outer loop
      vertex 66.91 6.3 6
      vertex 66 6.3 114
      vertex 66.91 6.3 114
    endloop
  endfacet
  facet normal 0 1 0
    outer loop
      vertex 66 6.3 114
      vertex 66.91 6.3 6
      vertex 66 6.3 6
    endloop
  endfacet
  facet normal 1 -0 0
    outer loop
      vertex 66.91 4.5 114
      vertex 66.91 6.3 6
      vertex 66.91 6.3 114
    endloop
  endfacet
  facet normal 1 0 0
    outer loop
      vertex 66.91 6.3 6
      vertex 66.91 4.5 114
      vertex 66.91 4.5 6
    endloop
  endfacet
  facet normal 0 -1 0
    outer loop
      vertex 66 -0.9 6
      vertex 66.91 -0.9 114
      vertex 66 -0.9 114
    endloop
  endfacet
  facet normal 0 -1 -0
    outer loop
      vertex 66.91 -0.9 114
      vertex 66 -0.9 6
      vertex 66.91 -0.9 6
    endloop
  endfacet
  facet normal -0 0 1
    outer loop
      vertex 66 0.9 114
      vertex 66.91 -0.9 114
      vertex 66.91 0.9 114
    endloop
  endfacet
  facet normal 0 0 1
    outer loop
      vertex 66.91 -0.9 114
      vertex 66 0.9 114
      vertex 66 -0.9 114
    endloop
  endfacet
  facet normal 0 0 -1
    outer loop
      vertex 66 -0.9 6
      vertex 66.91 0.9 6
      vertex 66.91 -0.9 6
    endloop
  endfacet
  facet normal -0 0 -1
    outer loop
      vertex 66.91 0.9 6
      vertex 66 -0.9 6
      vertex 66 0.9 6
    endloop
  endfacet
  facet normal 0 1 -0
    outer loop
      vertex 66.91 0.9 6
      vertex 66 0.9 114
      vertex 66.91 0.9 114
    endloop
  endfacet
  facet normal 0 1 0
    outer loop
      vertex 66 0.9 114
      vertex 66.91 0.9 6
      vertex 66 0.9 6
    endloop
  endfacet
  facet normal 1 -0 0
    outer loop
      vertex 66.91 -0.9 114
      vertex 66.91 0.9 6
      vertex 66.91 0.9 114
    endloop
  endfacet
  facet normal 1 0 0
    outer loop
      vertex 66.91 0.9 6
      vertex 66.91 -0.9 114
      vertex 66.91 -0.9 6
    endloop
  endfacet
  facet normal 0 -1 0
    outer loop
      vertex 66 -6.3 6
      vertex 66.91 -6.3 114
      vertex 66 -6.3 114
    endloop
  endfacet
  facet normal 0 -1 -0
    outer loop
      vertex 66.91 -6.3 114
      vertex 66 -6.3 6
      vertex 66.91 -6.3 6
    endloop
  endfacet
  facet normal -0 0 1
    outer loop
      vertex 66 -4.5 114
      vertex 66.91 -6.3 114
      vertex 66.91 -4.5 114
    endloop
  endfacet
  facet normal 0 0 1
    outer loop
      vertex 66.91 -6.3 114
      vertex 66 -4.5 114
      vertex 66 -6.3 114
    endloop
  endfacet
  facet normal 0 0 -1
    outer loop
      vertex 66 -6.3 6
      vertex 66.91 -4.5 6
      vertex 66.91 -6.3 6
    endloop
  endfacet
  facet normal -0 0 -1
    outer loop
      vertex 66.91 -4.5 6
      vertex 66 -6.3 6
      vertex 66 -4.5 6
    endloop
  endfacet
  facet normal 0 1 -0
    outer loop
      vertex 66.91 -4.5 6
      vertex 66 -4.5 114
      vertex 66.91 -4.5 114
    endloop
  endfacet
  facet normal 0 1 0
    outer loop
      vertex 66 -4.5 114
      vertex 66.91 -4.5 6
      vertex 66 -4.5 6
    endloop
  endfacet
  facet normal 1 -0 0
    outer loop
      vertex 66.91 -6.3 114
      vertex 66.91 -4.5 6
      vertex 66.91 -4.5 114
    endloop
  endfacet
  facet normal 1 0 0
    outer loop
      vertex 66.91 -4.5 6
      vertex 66.91 -6.3 114
      vertex 66.91 -6.3 6
    endloop
  endfacet
  facet normal 0 -1 0
    outer loop
      vertex 66 -11.7 6
      vertex 66.91 -11.7 114
      vertex 66 -11.7 114
    endloop
  endfacet
  facet normal 0 -1 -0
    outer loop
      vertex 66.91 -11.7 114
      vertex 66 -11.7 6
      vertex 66.91 -11.7 6
    endloop
  endfacet
  facet normal -0 0 1
    outer loop
      vertex 66 -9.9 114
      vertex 66.91 -11.7 114
      vertex 66.91 -9.9 114
    endloop
  endfacet
  facet normal 0 0 1
    outer loop
      vertex 66.91 -11.7 114
      vertex 66 -9.9 114
      vertex 66 -11.7 114
    endloop
  endfacet
  facet normal 0 0 -1
    outer loop
      vertex 66 -11.7 6
      vertex 66.91 -9.9 6
      vertex 66.91 -11.7 6
    endloop
  endfacet
  facet normal -0 0 -1
    outer loop
      vertex 66.91 -9.9 6
      vertex 66 -11.7 6
      vertex 66 -9.9 6
    endloop
  endfacet
  facet normal 0 1 -0
    outer loop
      vertex 66.91 -9.9 6
      vertex 66 -9.9 114
      vertex 66.91 -9.9 114
    endloop
  endfacet
  facet normal 0 1 0
    outer loop
      vertex 66 -9.9 114
      vertex 66.91 -9.9 6
      vertex 66 -9.9 6
    endloop
  endfacet
  facet normal 1 -0 0
    outer loop
      vertex 66.91 -11.7 114
      vertex 66.91 -9.9 6
      vertex 66.91 -9.9 114
    endloop
  endfacet
  facet normal 1 0 0
    outer loop
      vertex 66.91 -9.9 6
      vertex 66.91 -11.7 114
      vertex 66.91 -11.7 6
    endloop
  endfacet
  facet normal 0 -1 0
    outer loop
      vertex 66 -17.1 6
      vertex 66.91 -17.1 114
      vertex 66 -17.1 114
    endloop
  endfacet
  facet normal 0 -1 -0
    outer loop
      vertex 66.91 -17.1 114
      vertex 66 -17.1 6
      vertex 66.91 -17.1 6
    endloop
  endfacet
  facet normal -0 0 1
    outer loop
      vertex 66 -15.3 114
      vertex 66.91 -17.1 114
      vertex 66.91 -15.3 114
    endloop
  endfacet
  facet normal 0 0 1
    outer loop
      vertex 66.91 -17.1 114
      vertex 66 -15.3 114
      vertex 66 -17.1 114
    endloop
  endfacet
  facet normal 0 0 -1
    outer loop
      vertex 66 -17.1 6
      vertex 66.91 -15.3 6
      vertex 66.91 -17.1 6
    endloop
  endfacet
  facet normal -0 0 -1
    outer loop
      vertex 66.91 -15.3 6
      vertex 66 -17.1 6
      vertex 66 -15.3 6
    endloop
  endfacet
  facet normal 0 1 -0
    outer loop
      vertex 66.91 -15.3 6
      vertex 66 -15.3 114
      vertex 66.91 -15.3 114
    endloop
  endfacet
  facet normal 0 1 0
    outer loop
      vertex 66 -15.3 114
      vertex 66.91 -15.3 6
      vertex 66 -15.3 6
    endloop
  endfacet
  facet normal 1 -0 0
    outer loop
      vertex 66.91 -17.1 114
      vertex 66.91 -15.3 6
      vertex 66.91 -15.3 114
    endloop
  endfacet
  facet normal 1 0 0
    outer loop
      vertex 66.91 -15.3 6
      vertex 66.91 -17.1 114
      vertex 66.91 -17.1 6
    endloop
  endfacet
  facet normal 0 -1 0
    outer loop
      vertex 66 -22.5 6
      vertex 66.91 -22.5 114
      vertex 66 -22.5 114
    endloop
  endfacet
  facet normal 0 -1 -0
    outer loop
      vertex 66.91 -22.5 114
      vertex 66 -22.5 6
      vertex 66.91 -22.5 6
    endloop
  endfacet
  facet normal -0 0 1
    outer loop
      vertex 66 -20.7 114
      vertex 66.91 -22.5 114
      vertex 66.91 -20.7 114
    endloop
  endfacet
  facet normal 0 0 1
    outer loop
      vertex 66.91 -22.5 114
      vertex 66 -20.7 114
      vertex 66 -22.5 114
    endloop
  endfacet
  facet normal 0 0 -1
    outer loop
      vertex 66 -22.5 6
      vertex 66.91 -20.7 6
      vertex 66.91 -22.5 6
    endloop
  endfacet
  facet normal -0 0 -1
    outer loop
      vertex 66.91 -20.7 6
      vertex 66 -22.5 6
      vertex 66 -20.7 6
    endloop
  endfacet
  facet normal 0 1 -0
    outer loop
      vertex 66.91 -20.7 6
      vertex 66 -20.7 114
      vertex 66.91 -20.7 114
    endloop
  endfacet
  facet normal 0 1 0
    outer loop
      vertex 66 -20.7 114
      vertex 66.91 -20.7 6
      vertex 66 -20.7 6
    endloop
  endfacet
  facet normal 1 -0 0
    outer loop
      vertex 66.91 -22.5 114
      vertex 66.91 -20.7 6
      vertex 66.91 -20.7 114
    endloop
  endfacet
  facet normal 1 0 0
    outer loop
      vertex 66.91 -20.7 6
      vertex 66.91 -22.5 114
      vertex 66.91 -22.5 6
    endloop
  endfacet
  facet normal 0 -1 0
    outer loop
      vertex 66 -27.9 6
      vertex 66.91 -27.9 114
      vertex 66 -27.9 114
    endloop
  endfacet
  facet normal 0 -1 -0
    outer loop
      vertex 66.91 -27.9 114
      vertex 66 -27.9 6
      vertex 66.91 -27.9 6
    endloop
  endfacet
  facet normal -0 0 1
    outer loop
      vertex 66 -26.1 114
      vertex 66.91 -27.9 114
      vertex 66.91 -26.1 114
    endloop
  endfacet
  facet normal 0 0 1
    outer loop
      vertex 66.91 -27.9 114
      vertex 66 -26.1 114
      vertex 66 -27.9 114
    endloop
  endfacet
  facet normal 0 0 -1
    outer loop
      vertex 66 -27.9 6
      vertex 66.91 -26.1 6
      vertex 66.91 -27.9 6
    endloop
  endfacet
  facet normal -0 0 -1
    outer loop
      vertex 66.91 -26.1 6
      vertex 66 -27.9 6
      vertex 66 -26.1 6
    endloop
  endfacet
  facet normal 0 1 -0
    outer loop
      vertex 66.91 -26.1 6
      vertex 66 -26.1 114
      vertex 66.91 -26.1 114
    endloop
  endfacet
  facet normal 0 1 0
    outer loop
      vertex 66 -26.1 114
      vertex 66.91 -26.1 6
      vertex 66 -26.1 6
    endloop
  endfacet
  facet normal 1 -0 0
    outer loop
      vertex 66.91 -27.9 114
      vertex 66.91 -26.1 6
      vertex 66.91 -26.1 114
    endloop
  endfacet
  facet normal 1 0 0
    outer loop
      vertex 66.91 -26.1 6
      vertex 66.91 -27.9 114
      vertex 66.91 -27.9 6
    endloop
  endfacet
  facet normal 0 -1 0
    outer loop
      vertex 66 -33.3 6
      vertex 66.91 -33.3 114
      vertex 66 -33.3 114
    endloop
  endfacet
  facet normal 0 -1 -0
    outer loop
      vertex 66.91 -33.3 114
      vertex 66 -33.3 6
      vertex 66.91 -33.3 6
    endloop
  endfacet
  facet normal -0 0 1
    outer loop
      vertex 66 -31.5 114
      vertex 66.91 -33.3 114
      vertex 66.91 -31.5 114
    endloop
  endfacet
  facet normal 0 0 1
    outer loop
      vertex 66.91 -33.3 114
      vertex 66 -31.5 114
      vertex 66 -33.3 114
    endloop
  endfacet
  facet normal 0 0 -1
    outer loop
      vertex 66 -33.3 6
      vertex 66.91 -31.5 6
      vertex 66.91 -33.3 6
    endloop
  endfacet
  facet normal -0 0 -1
    outer loop
      vertex 66.91 -31.5 6
      vertex 66 -33.3 6
      vertex 66 -31.5 6
    endloop
  endfacet
  facet normal 0 1 -0
    outer loop
      vertex 66.91 -31.5 6
      vertex 66 -31.5 114
      vertex 66.91 -31.5 114
    endloop
  endfacet
  facet normal 0 1 0
    outer loop
      vertex 66 -31.5 114
      vertex 66.91 -31.5 6
      vertex 66 -31.5 6
    endloop
  endfacet
  facet normal 1 -0 0
    outer loop
      vertex 66.91 -33.3 114
      vertex 66.91 -31.5 6
      vertex 66.91 -31.5 114
    endloop
  endfacet
  facet normal 1 0 0
    outer loop
      vertex 66.91 -31.5 6
      vertex 66.91 -33.3 114
      vertex 66.91 -33.3 6
    endloop
  endfacet
  facet normal 0 -1 0
    outer loop
      vertex 66 -38.7 6
      vertex 66.91 -38.7 114
      vertex 66 -38.7 114
    endloop
  endfacet
  facet normal 0 -1 -0
    outer loop
      vertex 66.91 -38.7 114
      vertex 66 -38.7 6
      vertex 66.91 -38.7 6
    endloop
  endfacet
  facet normal -0 0 1
    outer loop
      vertex 66 -36.9 114
      vertex 66.91 -38.7 114
      vertex 66.91 -36.9 114
    endloop
  endfacet
  facet normal 0 0 1
    outer loop
      vertex 66.91 -38.7 114
      vertex 66 -36.9 114
      vertex 66 -38.7 114
    endloop
  endfacet
  facet normal 0 0 -1
    outer loop
      vertex 66 -38.7 6
      vertex 66.91 -36.9 6
      vertex 66.91 -38.7 6
    endloop
  endfacet
  facet normal -0 0 -1
    outer loop
      vertex 66.91 -36.9 6
      vertex 66 -38.7 6
      vertex 66 -36.9 6
    endloop
  endfacet
  facet normal 0 1 -0
    outer loop
      vertex 66.91 -36.9 6
      vertex 66 -36.9 114
      vertex 66.91 -36.9 114
    endloop
  endfacet
  facet normal 0 1 0
    outer loop
      vertex 66 -36.9 114
      vertex 66.91 -36.9 6
      vertex 66 -36.9 6
    endloop
  endfacet
  facet normal 1 -0 0
    outer loop
      vertex 66.91 -38.7 114
      vertex 66.91 -36.9 6
      vertex 66.91 -36.9 114
    endloop
  endfacet
  facet normal 1 0 0
    outer loop
      vertex 66.91 -36.9 6
      vertex 66.91 -38.7 114
      vertex 66.91 -38.7 6
    endloop
  endfacet
  facet normal 0 -1 0
    outer loop
      vertex 66 -44.1 6
      vertex 66.91 -44.1 114
      vertex 66 -44.1 114
    endloop
  endfacet
  facet normal 0 -1 -0
    outer loop
      vertex 66.91 -44.1 114
      vertex 66 -44.1 6
      vertex 66.91 -44.1 6
    endloop
  endfacet
  facet normal -0 0 1
    outer loop
      vertex 66 -42.3 114
      vertex 66.91 -44.1 114
      vertex 66.91 -42.3 114
    endloop
  endfacet
  facet normal 0 0 1
    outer loop
      vertex 66.91 -44.1 114
      vertex 66 -42.3 114
      vertex 66 -44.1 114
    endloop
  endfacet
  facet normal 0 0 -1
    outer loop
      vertex 66 -44.1 6
      vertex 66.91 -42.3 6
      vertex 66.91 -44.1 6
    endloop
  endfacet
  facet normal -0 0 -1
    outer loop
      vertex 66.91 -42.3 6
      vertex 66 -44.1 6
      vertex 66 -42.3 6
    endloop
  endfacet
  facet normal 0 1 -0
    outer loop
      vertex 66.91 -42.3 6
      vertex 66 -42.3 114
      vertex 66.91 -42.3 114
    endloop
  endfacet
  facet normal 0 1 0
    outer loop
      vertex 66 -42.3 114
      vertex 66.91 -42.3 6
      vertex 66 -42.3 6
    endloop
  endfacet
  facet normal 1 -0 0
    outer loop
      vertex 66.91 -44.1 114
      vertex 66.91 -42.3 6
      vertex 66.91 -42.3 114
    endloop
  endfacet
  facet normal 1 0 0
    outer loop
      vertex 66.91 -42.3 6
      vertex 66.91 -44.1 114
      vertex 66.91 -44.1 6
    endloop
  endfacet
  facet normal 0 -1 0
    outer loop
      vertex 66 -49.5 6
      vertex 66.91 -49.5 114
      vertex 66 -49.5 114
    endloop
  endfacet
  facet normal 0 -1 -0
    outer loop
      vertex 66.91 -49.5 114
      vertex 66 -49.5 6
      vertex 66.91 -49.5 6
    endloop
  endfacet
  facet normal -0 0 1
    outer loop
      vertex 66 -47.7 114
      vertex 66.91 -49.5 114
      vertex 66.91 -47.7 114
    endloop
  endfacet
  facet normal 0 0 1
    outer loop
      vertex 66.91 -49.5 114
      vertex 66 -47.7 114
      vertex 66 -49.5 114
    endloop
  endfacet
  facet normal 0 0 -1
    outer loop
      vertex 66 -49.5 6
      vertex 66.91 -47.7 6
      vertex 66.91 -49.5 6
    endloop
  endfacet
  facet normal -0 0 -1
    outer loop
      vertex 66.91 -47.7 6
      vertex 66 -49.5 6
      vertex 66 -47.7 6
    endloop
  endfacet
  facet normal 0 1 -0
    outer loop
      vertex 66.91 -47.7 6
      vertex 66 -47.7 114
      vertex 66.91 -47.7 114
    endloop
  endfacet
  facet normal 0 1 0
    outer loop
      vertex 66 -47.7 114
      vertex 66.91 -47.7 6
      vertex 66 -47.7 6
    endloop
  endfacet
  facet normal 1 -0 0
    outer loop
      vertex 66.91 -49.5 114
      vertex 66.91 -47.7 6
      vertex 66.91 -47.7 114
    endloop
  endfacet
  facet normal 1 0 0
    outer loop
      vertex 66.91 -47.7 6
      vertex 66.91 -49.5 114
      vertex 66.91 -49.5 6
    endloop
  endfacet
  facet normal 0 -1 0
    outer loop
      vertex 66 -54.9 6
      vertex 66.91 -54.9 114
      vertex 66 -54.9 114
    endloop
  endfacet
  facet normal 0 -1 -0
    outer loop
      vertex 66.91 -54.9 114
      vertex 66 -54.9 6
      vertex 66.91 -54.9 6
    endloop
  endfacet
  facet normal -0 0 1
    outer loop
      vertex 66 -53.1 114
      vertex 66.91 -54.9 114
      vertex 66.91 -53.1 114
    endloop
  endfacet
  facet normal 0 0 1
    outer loop
      vertex 66.91 -54.9 114
      vertex 66 -53.1 114
      vertex 66 -54.9 114
    endloop
  endfacet
  facet normal 0 0 -1
    outer loop
      vertex 66 -54.9 6
      vertex 66.91 -53.1 6
      vertex 66.91 -54.9 6
    endloop
  endfacet
  facet normal -0 0 -1
    outer loop
      vertex 66.91 -53.1 6
      vertex 66 -54.9 6
      vertex 66 -53.1 6
    endloop
  endfacet
  facet normal 0 1 -0
    outer loop
      vertex 66.91 -53.1 6
      vertex 66 -53.1 114
      vertex 66.91 -53.1 114
    endloop
  endfacet
  facet normal 0 1 0
    outer loop
      vertex 66 -53.1 114
      vertex 66.91 -53.1 6
      vertex 66 -53.1 6
    endloop
  endfacet
  facet normal 1 -0 0
    outer loop
      vertex 66.91 -54.9 114
      vertex 66.91 -53.1 6
      vertex 66.91 -53.1 114
    endloop
  endfacet
  facet normal 1 0 0
    outer loop
      vertex 66.91 -53.1 6
      vertex 66.91 -54.9 114
      vertex 66.91 -54.9 6
    endloop
  endfacet
  facet normal 0 1 -0
    outer loop
      vertex -66 -53.1 6
      vertex -66.91 -53.1 114
      vertex -66 -53.1 114
    endloop
  endfacet
  facet normal 0 1 0
    outer loop
      vertex -66.91 -53.1 114
      vertex -66 -53.1 6
      vertex -66.91 -53.1 6
    endloop
  endfacet
  facet normal -0 0 1
    outer loop
      vertex -66.91 -53.1 114
      vertex -66 -54.9 114
      vertex -66 -53.1 114
    endloop
  endfacet
  facet normal 0 0 1
    outer loop
      vertex -66 -54.9 114
      vertex -66.91 -53.1 114
      vertex -66.91 -54.9 114
    endloop
  endfacet
  facet normal 0 0 -1
    outer loop
      vertex -66.91 -54.9 6
      vertex -66 -53.1 6
      vertex -66 -54.9 6
    endloop
  endfacet
  facet normal -0 0 -1
    outer loop
      vertex -66 -53.1 6
      vertex -66.91 -54.9 6
      vertex -66.91 -53.1 6
    endloop
  endfacet
  facet normal 0 -1 0
    outer loop
      vertex -66.91 -54.9 6
      vertex -66 -54.9 114
      vertex -66.91 -54.9 114
    endloop
  endfacet
  facet normal 0 -1 -0
    outer loop
      vertex -66 -54.9 114
      vertex -66.91 -54.9 6
      vertex -66 -54.9 6
    endloop
  endfacet
  facet normal -1 0 0
    outer loop
      vertex -66.91 -54.9 6
      vertex -66.91 -53.1 114
      vertex -66.91 -53.1 6
    endloop
  endfacet
  facet normal -1 -0 0
    outer loop
      vertex -66.91 -53.1 114
      vertex -66.91 -54.9 6
      vertex -66.91 -54.9 114
    endloop
  endfacet
  facet normal 0 1 -0
    outer loop
      vertex -66 -47.7 6
      vertex -66.91 -47.7 114
      vertex -66 -47.7 114
    endloop
  endfacet
  facet normal 0 1 0
    outer loop
      vertex -66.91 -47.7 114
      vertex -66 -47.7 6
      vertex -66.91 -47.7 6
    endloop
  endfacet
  facet normal -0 0 1
    outer loop
      vertex -66.91 -47.7 114
      vertex -66 -49.5 114
      vertex -66 -47.7 114
    endloop
  endfacet
  facet normal 0 0 1
    outer loop
      vertex -66 -49.5 114
      vertex -66.91 -47.7 114
      vertex -66.91 -49.5 114
    endloop
  endfacet
  facet normal 0 0 -1
    outer loop
      vertex -66.91 -49.5 6
      vertex -66 -47.7 6
      vertex -66 -49.5 6
    endloop
  endfacet
  facet normal -0 0 -1
    outer loop
      vertex -66 -47.7 6
      vertex -66.91 -49.5 6
      vertex -66.91 -47.7 6
    endloop
  endfacet
  facet normal 0 -1 0
    outer loop
      vertex -66.91 -49.5 6
      vertex -66 -49.5 114
      vertex -66.91 -49.5 114
    endloop
  endfacet
  facet normal 0 -1 -0
    outer loop
      vertex -66 -49.5 114
      vertex -66.91 -49.5 6
      vertex -66 -49.5 6
    endloop
  endfacet
  facet normal -1 0 0
    outer loop
      vertex -66.91 -49.5 6
      vertex -66.91 -47.7 114
      vertex -66.91 -47.7 6
    endloop
  endfacet
  facet normal -1 -0 0
    outer loop
      vertex -66.91 -47.7 114
      vertex -66.91 -49.5 6
      vertex -66.91 -49.5 114
    endloop
  endfacet
  facet normal 0 1 -0
    outer loop
      vertex -66 -42.3 6
      vertex -66.91 -42.3 114
      vertex -66 -42.3 114
    endloop
  endfacet
  facet normal 0 1 0
    outer loop
      vertex -66.91 -42.3 114
      vertex -66 -42.3 6
      vertex -66.91 -42.3 6
    endloop
  endfacet
  facet normal -0 0 1
    outer loop
      vertex -66.91 -42.3 114
      vertex -66 -44.1 114
      vertex -66 -42.3 114
    endloop
  endfacet
  facet normal 0 0 1
    outer loop
      vertex -66 -44.1 114
      vertex -66.91 -42.3 114
      vertex -66.91 -44.1 114
    endloop
  endfacet
  facet normal 0 0 -1
    outer loop
      vertex -66.91 -44.1 6
      vertex -66 -42.3 6
      vertex -66 -44.1 6
    endloop
  endfacet
  facet normal -0 0 -1
    outer loop
      vertex -66 -42.3 6
      vertex -66.91 -44.1 6
      vertex -66.91 -42.3 6
    endloop
  endfacet
  facet normal 0 -1 0
    outer loop
      vertex -66.91 -44.1 6
      vertex -66 -44.1 114
      vertex -66.91 -44.1 114
    endloop
  endfacet
  facet normal 0 -1 -0
    outer loop
      vertex -66 -44.1 114
      vertex -66.91 -44.1 6
      vertex -66 -44.1 6
    endloop
  endfacet
  facet normal -1 0 0
    outer loop
      vertex -66.91 -44.1 6
      vertex -66.91 -42.3 114
      vertex -66.91 -42.3 6
    endloop
  endfacet
  facet normal -1 -0 0
    outer loop
      vertex -66.91 -42.3 114
      vertex -66.91 -44.1 6
      vertex -66.91 -44.1 114
    endloop
  endfacet
  facet normal 0 1 -0
    outer loop
      vertex -66 -36.9 6
      vertex -66.91 -36.9 114
      vertex -66 -36.9 114
    endloop
  endfacet
  facet normal 0 1 0
    outer loop
      vertex -66.91 -36.9 114
      vertex -66 -36.9 6
      vertex -66.91 -36.9 6
    endloop
  endfacet
  facet normal -0 0 1
    outer loop
      vertex -66.91 -36.9 114
      vertex -66 -38.7 114
      vertex -66 -36.9 114
    endloop
  endfacet
  facet normal 0 0 1
    outer loop
      vertex -66 -38.7 114
      vertex -66.91 -36.9 114
      vertex -66.91 -38.7 114
    endloop
  endfacet
  facet normal 0 0 -1
    outer loop
      vertex -66.91 -38.7 6
      vertex -66 -36.9 6
      vertex -66 -38.7 6
    endloop
  endfacet
  facet normal -0 0 -1
    outer loop
      vertex -66 -36.9 6
      vertex -66.91 -38.7 6
      vertex -66.91 -36.9 6
    endloop
  endfacet
  facet normal 0 -1 0
    outer loop
      vertex -66.91 -38.7 6
      vertex -66 -38.7 114
      vertex -66.91 -38.7 114
    endloop
  endfacet
  facet normal 0 -1 -0
    outer loop
      vertex -66 -38.7 114
      vertex -66.91 -38.7 6
      vertex -66 -38.7 6
    endloop
  endfacet
  facet normal -1 0 0
    outer loop
      vertex -66.91 -38.7 6
      vertex -66.91 -36.9 114
      vertex -66.91 -36.9 6
    endloop
  endfacet
  facet normal -1 -0 0
    outer loop
      vertex -66.91 -36.9 114
      vertex -66.91 -38.7 6
      vertex -66.91 -38.7 114
    endloop
  endfacet
  facet normal 0 1 -0
    outer loop
      vertex -66 -31.5 6
      vertex -66.91 -31.5 114
      vertex -66 -31.5 114
    endloop
  endfacet
  facet normal 0 1 0
    outer loop
      vertex -66.91 -31.5 114
      vertex -66 -31.5 6
      vertex -66.91 -31.5 6
    endloop
  endfacet
  facet normal -0 0 1
    outer loop
      vertex -66.91 -31.5 114
      vertex -66 -33.3 114
      vertex -66 -31.5 114
    endloop
  endfacet
  facet normal 0 0 1
    outer loop
      vertex -66 -33.3 114
      vertex -66.91 -31.5 114
      vertex -66.91 -33.3 114
    endloop
  endfacet
  facet normal 0 0 -1
    outer loop
      vertex -66.91 -33.3 6
      vertex -66 -31.5 6
      vertex -66 -33.3 6
    endloop
  endfacet
  facet normal -0 0 -1
    outer loop
      vertex -66 -31.5 6
      vertex -66.91 -33.3 6
      vertex -66.91 -31.5 6
    endloop
  endfacet
  facet normal 0 -1 0
    outer loop
      vertex -66.91 -33.3 6
      vertex -66 -33.3 114
      vertex -66.91 -33.3 114
    endloop
  endfacet
  facet normal 0 -1 -0
    outer loop
      vertex -66 -33.3 114
      vertex -66.91 -33.3 6
      vertex -66 -33.3 6
    endloop
  endfacet
  facet normal -1 0 0
    outer loop
      vertex -66.91 -33.3 6
      vertex -66.91 -31.5 114
      vertex -66.91 -31.5 6
    endloop
  endfacet
  facet normal -1 -0 0
    outer loop
      vertex -66.91 -31.5 114
      vertex -66.91 -33.3 6
      vertex -66.91 -33.3 114
    endloop
  endfacet
  facet normal 0 1 -0
    outer loop
      vertex -66 -26.1 6
      vertex -66.91 -26.1 114
      vertex -66 -26.1 114
    endloop
  endfacet
  facet normal 0 1 0
    outer loop
      vertex -66.91 -26.1 114
      vertex -66 -26.1 6
      vertex -66.91 -26.1 6
    endloop
  endfacet
  facet normal -0 0 1
    outer loop
      vertex -66.91 -26.1 114
      vertex -66 -27.9 114
      vertex -66 -26.1 114
    endloop
  endfacet
  facet normal 0 0 1
    outer loop
      vertex -66 -27.9 114
      vertex -66.91 -26.1 114
      vertex -66.91 -27.9 114
    endloop
  endfacet
  facet normal 0 0 -1
    outer loop
      vertex -66.91 -27.9 6
      vertex -66 -26.1 6
      vertex -66 -27.9 6
    endloop
  endfacet
  facet normal -0 0 -1
    outer loop
      vertex -66 -26.1 6
      vertex -66.91 -27.9 6
      vertex -66.91 -26.1 6
    endloop
  endfacet
  facet normal 0 -1 0
    outer loop
      vertex -66.91 -27.9 6
      vertex -66 -27.9 114
      vertex -66.91 -27.9 114
    endloop
  endfacet
  facet normal 0 -1 -0
    outer loop
      vertex -66 -27.9 114
      vertex -66.91 -27.9 6
      vertex -66 -27.9 6
    endloop
  endfacet
  facet normal -1 0 0
    outer loop
      vertex -66.91 -27.9 6
      vertex -66.91 -26.1 114
      vertex -66.91 -26.1 6
    endloop
  endfacet
  facet normal -1 -0 0
    outer loop
      vertex -66.91 -26.1 114
      vertex -66.91 -27.9 6
      vertex -66.91 -27.9 114
    endloop
  endfacet
  facet normal 0 1 -0
    outer loop
      vertex -66 -20.7 6
      vertex -66.91 -20.7 114
      vertex -66 -20.7 114
    endloop
  endfacet
  facet normal 0 1 0
    outer loop
      vertex -66.91 -20.7 114
      vertex -66 -20.7 6
      vertex -66.91 -20.7 6
    endloop
  endfacet
  facet normal -0 0 1
    outer loop
      vertex -66.91 -20.7 114
      vertex -66 -22.5 114
      vertex -66 -20.7 114
    endloop
  endfacet
  facet normal 0 0 1
    outer loop
      vertex -66 -22.5 114
      vertex -66.91 -20.7 114
      vertex -66.91 -22.5 114
    endloop
  endfacet
  facet normal 0 0 -1
    outer loop
      vertex -66.91 -22.5 6
      vertex -66 -20.7 6
      vertex -66 -22.5 6
    endloop
  endfacet
  facet normal -0 0 -1
    outer loop
      vertex -66 -20.7 6
      vertex -66.91 -22.5 6
      vertex -66.91 -20.7 6
    endloop
  endfacet
  facet normal 0 -1 0
    outer loop
      vertex -66.91 -22.5 6
      vertex -66 -22.5 114
      vertex -66.91 -22.5 114
    endloop
  endfacet
  facet normal 0 -1 -0
    outer loop
      vertex -66 -22.5 114
      vertex -66.91 -22.5 6
      vertex -66 -22.5 6
    endloop
  endfacet
  facet normal -1 0 0
    outer loop
      vertex -66.91 -22.5 6
      vertex -66.91 -20.7 114
      vertex -66.91 -20.7 6
    endloop
  endfacet
  facet normal -1 -0 0
    outer loop
      vertex -66.91 -20.7 114
      vertex -66.91 -22.5 6
      vertex -66.91 -22.5 114
    endloop
  endfacet
  facet normal 0 1 -0
    outer loop
      vertex -66 -15.3 6
      vertex -66.91 -15.3 114
      vertex -66 -15.3 114
    endloop
  endfacet
  facet normal 0 1 0
    outer loop
      vertex -66.91 -15.3 114
      vertex -66 -15.3 6
      vertex -66.91 -15.3 6
    endloop
  endfacet
  facet normal -0 0 1
    outer loop
      vertex -66.91 -15.3 114
      vertex -66 -17.1 114
      vertex -66 -15.3 114
    endloop
  endfacet
  facet normal 0 0 1
    outer loop
      vertex -66 -17.1 114
      vertex -66.91 -15.3 114
      vertex -66.91 -17.1 114
    endloop
  endfacet
  facet normal 0 0 -1
    outer loop
      vertex -66.91 -17.1 6
      vertex -66 -15.3 6
      vertex -66 -17.1 6
    endloop
  endfacet
  facet normal -0 0 -1
    outer loop
      vertex -66 -15.3 6
      vertex -66.91 -17.1 6
      vertex -66.91 -15.3 6
    endloop
  endfacet
  facet normal 0 -1 0
    outer loop
      vertex -66.91 -17.1 6
      vertex -66 -17.1 114
      vertex -66.91 -17.1 114
    endloop
  endfacet
  facet normal 0 -1 -0
    outer loop
      vertex -66 -17.1 114
      vertex -66.91 -17.1 6
      vertex -66 -17.1 6
    endloop
  endfacet
  facet normal -1 0 0
    outer loop
      vertex -66.91 -17.1 6
      vertex -66.91 -15.3 114
      vertex -66.91 -15.3 6
    endloop
  endfacet
  facet normal -1 -0 0
    outer loop
      vertex -66.91 -15.3 114
      vertex -66.91 -17.1 6
      vertex -66.91 -17.1 114
    endloop
  endfacet
  facet normal 0 1 -0
    outer loop
      vertex -66 -9.9 6
      vertex -66.91 -9.9 114
      vertex -66 -9.9 114
    endloop
  endfacet
  facet normal 0 1 0
    outer loop
      vertex -66.91 -9.9 114
      vertex -66 -9.9 6
      vertex -66.91 -9.9 6
    endloop
  endfacet
  facet normal -0 0 1
    outer loop
      vertex -66.91 -9.9 114
      vertex -66 -11.7 114
      vertex -66 -9.9 114
    endloop
  endfacet
  facet normal 0 0 1
    outer loop
      vertex -66 -11.7 114
      vertex -66.91 -9.9 114
      vertex -66.91 -11.7 114
    endloop
  endfacet
  facet normal 0 0 -1
    outer loop
      vertex -66.91 -11.7 6
      vertex -66 -9.9 6
      vertex -66 -11.7 6
    endloop
  endfacet
  facet normal -0 0 -1
    outer loop
      vertex -66 -9.9 6
      vertex -66.91 -11.7 6
      vertex -66.91 -9.9 6
    endloop
  endfacet
  facet normal 0 -1 0
    outer loop
      vertex -66.91 -11.7 6
      vertex -66 -11.7 114
      vertex -66.91 -11.7 114
    endloop
  endfacet
  facet normal 0 -1 -0
    outer loop
      vertex -66 -11.7 114
      vertex -66.91 -11.7 6
      vertex -66 -11.7 6
    endloop
  endfacet
  facet normal -1 0 0
    outer loop
      vertex -66.91 -11.7 6
      vertex -66.91 -9.9 114
      vertex -66.91 -9.9 6
    endloop
  endfacet
  facet normal -1 -0 0
    outer loop
      vertex -66.91 -9.9 114
      vertex -66.91 -11.7 6
      vertex -66.91 -11.7 114
    endloop
  endfacet
  facet normal 0 1 -0
    outer loop
      vertex -66 -4.5 6
      vertex -66.91 -4.5 114
      vertex -66 -4.5 114
    endloop
  endfacet
  facet normal 0 1 0
    outer loop
      vertex -66.91 -4.5 114
      vertex -66 -4.5 6
      vertex -66.91 -4.5 6
    endloop
  endfacet
  facet normal -0 0 1
    outer loop
      vertex -66.91 -4.5 114
      vertex -66 -6.3 114
      vertex -66 -4.5 114
    endloop
  endfacet
  facet normal 0 0 1
    outer loop
      vertex -66 -6.3 114
      vertex -66.91 -4.5 114
      vertex -66.91 -6.3 114
    endloop
  endfacet
  facet normal 0 0 -1
    outer loop
      vertex -66.91 -6.3 6
      vertex -66 -4.5 6
      vertex -66 -6.3 6
    endloop
  endfacet
  facet normal -0 0 -1
    outer loop
      vertex -66 -4.5 6
      vertex -66.91 -6.3 6
      vertex -66.91 -4.5 6
    endloop
  endfacet
  facet normal 0 -1 0
    outer loop
      vertex -66.91 -6.3 6
      vertex -66 -6.3 114
      vertex -66.91 -6.3 114
    endloop
  endfacet
  facet normal 0 -1 -0
    outer loop
      vertex -66 -6.3 114
      vertex -66.91 -6.3 6
      vertex -66 -6.3 6
    endloop
  endfacet
  facet normal -1 0 0
    outer loop
      vertex -66.91 -6.3 6
      vertex -66.91 -4.5 114
      vertex -66.91 -4.5 6
    endloop
  endfacet
  facet normal -1 -0 0
    outer loop
      vertex -66.91 -4.5 114
      vertex -66.91 -6.3 6
      vertex -66.91 -6.3 114
    endloop
  endfacet
  facet normal 0 1 -0
    outer loop
      vertex -66 0.9 6
      vertex -66.91 0.9 114
      vertex -66 0.9 114
    endloop
  endfacet
  facet normal 0 1 0
    outer loop
      vertex -66.91 0.9 114
      vertex -66 0.9 6
      vertex -66.91 0.9 6
    endloop
  endfacet
  facet normal -0 0 1
    outer loop
      vertex -66.91 0.9 114
      vertex -66 -0.9 114
      vertex -66 0.9 114
    endloop
  endfacet
  facet normal 0 0 1
    outer loop
      vertex -66 -0.9 114
      vertex -66.91 0.9 114
      vertex -66.91 -0.9 114
    endloop
  endfacet
  facet normal 0 0 -1
    outer loop
      vertex -66.91 -0.9 6
      vertex -66 0.9 6
      vertex -66 -0.9 6
    endloop
  endfacet
  facet normal -0 0 -1
    outer loop
      vertex -66 0.9 6
      vertex -66.91 -0.9 6
      vertex -66.91 0.9 6
    endloop
  endfacet
  facet normal 0 -1 0
    outer loop
      vertex -66.91 -0.9 6
      vertex -66 -0.9 114
      vertex -66.91 -0.9 114
    endloop
  endfacet
  facet normal 0 -1 -0
    outer loop
      vertex -66 -0.9 114
      vertex -66.91 -0.9 6
      vertex -66 -0.9 6
    endloop
  endfacet
  facet normal -1 0 0
    outer loop
      vertex -66.91 -0.9 6
      vertex -66.91 0.9 114
      vertex -66.91 0.9 6
    endloop
  endfacet
  facet normal -1 -0 0
    outer loop
      vertex -66.91 0.9 114
      vertex -66.91 -0.9 6
      vertex -66.91 -0.9 114
    endloop
  endfacet
  facet normal 0 1 -0
    outer loop
      vertex -66 6.3 6
      vertex -66.91 6.3 114
      vertex -66 6.3 114
    endloop
  endfacet
  facet normal 0 1 0
    outer loop
      vertex -66.91 6.3 114
      vertex -66 6.3 6
      vertex -66.91 6.3 6
    endloop
  endfacet
  facet normal -0 0 1
    outer loop
      vertex -66.91 6.3 114
      vertex -66 4.5 114
      vertex -66 6.3 114
    endloop
  endfacet
  facet normal 0 0 1
    outer loop
      vertex -66 4.5 114
      vertex -66.91 6.3 114
      vertex -66.91 4.5 114
    endloop
  endfacet
  facet normal 0 0 -1
    outer loop
      vertex -66.91 4.5 6
      vertex -66 6.3 6
      vertex -66 4.5 6
    endloop
  endfacet
  facet normal -0 0 -1
    outer loop
      vertex -66 6.3 6
      vertex -66.91 4.5 6
      vertex -66.91 6.3 6
    endloop
  endfacet
  facet normal 0 -1 0
    outer loop
      vertex -66.91 4.5 6
      vertex -66 4.5 114
      vertex -66.91 4.5 114
    endloop
  endfacet
  facet normal 0 -1 -0
    outer loop
      vertex -66 4.5 114
      vertex -66.91 4.5 6
      vertex -66 4.5 6
    endloop
  endfacet
  facet normal -1 0 0
    outer loop
      vertex -66.91 4.5 6
      vertex -66.91 6.3 114
      vertex -66.91 6.3 6
    endloop
  endfacet
  facet normal -1 -0 0
    outer loop
      vertex -66.91 6.3 114
      vertex -66.91 4.5 6
      vertex -66.91 4.5 114
    endloop
  endfacet
  facet normal 0 1 -0
    outer loop
      vertex -66 11.7 6
      vertex -66.91 11.7 114
      vertex -66 11.7 114
    endloop
  endfacet
  facet normal 0 1 0
    outer loop
      vertex -66.91 11.7 114
      vertex -66 11.7 6
      vertex -66.91 11.7 6
    endloop
  endfacet
  facet normal -0 0 1
    outer loop
      vertex -66.91 11.7 114
      vertex -66 9.9 114
      vertex -66 11.7 114
    endloop
  endfacet
  facet normal 0 0 1
    outer loop
      vertex -66 9.9 114
      vertex -66.91 11.7 114
      vertex -66.91 9.9 114
    endloop
  endfacet
  facet normal 0 0 -1
    outer loop
      vertex -66.91 9.9 6
      vertex -66 11.7 6
      vertex -66 9.9 6
    endloop
  endfacet
  facet normal -0 0 -1
    outer loop
      vertex -66 11.7 6
      vertex -66.91 9.9 6
      vertex -66.91 11.7 6
    endloop
  endfacet
  facet normal 0 -1 0
    outer loop
      vertex -66.91 9.9 6
      vertex -66 9.9 114
      vertex -66.91 9.9 114
    endloop
  endfacet
  facet normal 0 -1 -0
    outer loop
      vertex -66 9.9 114
      vertex -66.91 9.9 6
      vertex -66 9.9 6
    endloop
  endfacet
  facet normal -1 0 0
    outer loop
      vertex -66.91 9.9 6
      vertex -66.91 11.7 114
      vertex -66.91 11.7 6
    endloop
  endfacet
  facet normal -1 -0 0
    outer loop
      vertex -66.91 11.7 114
      vertex -66.91 9.9 6
      vertex -66.91 9.9 114
    endloop
  endfacet
  facet normal 0 1 -0
    outer loop
      vertex -66 17.1 6
      vertex -66.91 17.1 114
      vertex -66 17.1 114
    endloop
  endfacet
  facet normal 0 1 0
    outer loop
      vertex -66.91 17.1 114
      vertex -66 17.1 6
      vertex -66.91 17.1 6
    endloop
  endfacet
  facet normal -0 0 1
    outer loop
      vertex -66.91 17.1 114
      vertex -66 15.3 114
      vertex -66 17.1 114
    endloop
  endfacet
  facet normal 0 0 1
    outer loop
      vertex -66 15.3 114
      vertex -66.91 17.1 114
      vertex -66.91 15.3 114
    endloop
  endfacet
  facet normal 0 0 -1
    outer loop
      vertex -66.91 15.3 6
      vertex -66 17.1 6
      vertex -66 15.3 6
    endloop
  endfacet
  facet normal -0 0 -1
    outer loop
      vertex -66 17.1 6
      vertex -66.91 15.3 6
      vertex -66.91 17.1 6
    endloop
  endfacet
  facet normal 0 -1 0
    outer loop
      vertex -66.91 15.3 6
      vertex -66 15.3 114
      vertex -66.91 15.3 114
    endloop
  endfacet
  facet normal 0 -1 -0
    outer loop
      vertex -66 15.3 114
      vertex -66.91 15.3 6
      vertex -66 15.3 6
    endloop
  endfacet
  facet normal -1 0 0
    outer loop
      vertex -66.91 15.3 6
      vertex -66.91 17.1 114
      vertex -66.91 17.1 6
    endloop
  endfacet
  facet normal -1 -0 0
    outer loop
      vertex -66.91 17.1 114
      vertex -66.91 15.3 6
      vertex -66.91 15.3 114
    endloop
  endfacet
  facet normal 0 1 -0
    outer loop
      vertex -66 22.5 6
      vertex -66.91 22.5 114
      vertex -66 22.5 114
    endloop
  endfacet
  facet normal 0 1 0
    outer loop
      vertex -66.91 22.5 114
      vertex -66 22.5 6
      vertex -66.91 22.5 6
    endloop
  endfacet
  facet normal -0 0 1
    outer loop
      vertex -66.91 22.5 114
      vertex -66 20.7 114
      vertex -66 22.5 114
    endloop
  endfacet
  facet normal 0 0 1
    outer loop
      vertex -66 20.7 114
      vertex -66.91 22.5 114
      vertex -66.91 20.7 114
    endloop
  endfacet
  facet normal 0 0 -1
    outer loop
      vertex -66.91 20.7 6
      vertex -66 22.5 6
      vertex -66 20.7 6
    endloop
  endfacet
  facet normal -0 0 -1
    outer loop
      vertex -66 22.5 6
      vertex -66.91 20.7 6
      vertex -66.91 22.5 6
    endloop
  endfacet
  facet normal 0 -1 0
    outer loop
      vertex -66.91 20.7 6
      vertex -66 20.7 114
      vertex -66.91 20.7 114
    endloop
  endfacet
  facet normal 0 -1 -0
    outer loop
      vertex -66 20.7 114
      vertex -66.91 20.7 6
      vertex -66 20.7 6
    endloop
  endfacet
  facet normal -1 0 0
    outer loop
      vertex -66.91 20.7 6
      vertex -66.91 22.5 114
      vertex -66.91 22.5 6
    endloop
  endfacet
  facet normal -1 -0 0
    outer loop
      vertex -66.91 22.5 114
      vertex -66.91 20.7 6
      vertex -66.91 20.7 114
    endloop
  endfacet
  facet normal 0 1 -0
    outer loop
      vertex -66 27.9 6
      vertex -66.91 27.9 114
      vertex -66 27.9 114
    endloop
  endfacet
  facet normal 0 1 0
    outer loop
      vertex -66.91 27.9 114
      vertex -66 27.9 6
      vertex -66.91 27.9 6
    endloop
  endfacet
  facet normal -0 0 1
    outer loop
      vertex -66.91 27.9 114
      vertex -66 26.1 114
      vertex -66 27.9 114
    endloop
  endfacet
  facet normal 0 0 1
    outer loop
      vertex -66 26.1 114
      vertex -66.91 27.9 114
      vertex -66.91 26.1 114
    endloop
  endfacet
  facet normal 0 0 -1
    outer loop
      vertex -66.91 26.1 6
      vertex -66 27.9 6
      vertex -66 26.1 6
    endloop
  endfacet
  facet normal -0 0 -1
    outer loop
      vertex -66 27.9 6
      vertex -66.91 26.1 6
      vertex -66.91 27.9 6
    endloop
  endfacet
  facet normal 0 -1 0
    outer loop
      vertex -66.91 26.1 6
      vertex -66 26.1 114
      vertex -66.91 26.1 114
    endloop
  endfacet
  facet normal 0 -1 -0
    outer loop
      vertex -66 26.1 114
      vertex -66.91 26.1 6
      vertex -66 26.1 6
    endloop
  endfacet
  facet normal -1 0 0
    outer loop
      vertex -66.91 26.1 6
      vertex -66.91 27.9 114
      vertex -66.91 27.9 6
    endloop
  endfacet
  facet normal -1 -0 0
    outer loop
      vertex -66.91 27.9 114
      vertex -66.91 26.1 6
      vertex -66.91 26.1 114
    endloop
  endfacet
  facet normal 0 1 -0
    outer loop
      vertex -66 33.3 6
      vertex -66.91 33.3 114
      vertex -66 33.3 114
    endloop
  endfacet
  facet normal 0 1 0
    outer loop
      vertex -66.91 33.3 114
      vertex -66 33.3 6
      vertex -66.91 33.3 6
    endloop
  endfacet
  facet normal -0 0 1
    outer loop
      vertex -66.91 33.3 114
      vertex -66 31.5 114
      vertex -66 33.3 114
    endloop
  endfacet
  facet normal 0 0 1
    outer loop
      vertex -66 31.5 114
      vertex -66.91 33.3 114
      vertex -66.91 31.5 114
    endloop
  endfacet
  facet normal 0 0 -1
    outer loop
      vertex -66.91 31.5 6
      vertex -66 33.3 6
      vertex -66 31.5 6
    endloop
  endfacet
  facet normal -0 0 -1
    outer loop
      vertex -66 33.3 6
      vertex -66.91 31.5 6
      vertex -66.91 33.3 6
    endloop
  endfacet
  facet normal 0 -1 0
    outer loop
      vertex -66.91 31.5 6
      vertex -66 31.5 114
      vertex -66.91 31.5 114
    endloop
  endfacet
  facet normal 0 -1 -0
    outer loop
      vertex -66 31.5 114
      vertex -66.91 31.5 6
      vertex -66 31.5 6
    endloop
  endfacet
  facet normal -1 0 0
    outer loop
      vertex -66.91 31.5 6
      vertex -66.91 33.3 114
      vertex -66.91 33.3 6
    endloop
  endfacet
  facet normal -1 -0 0
    outer loop
      vertex -66.91 33.3 114
      vertex -66.91 31.5 6
      vertex -66.91 31.5 114
    endloop
  endfacet
  facet normal 0 1 -0
    outer loop
      vertex -66 38.7 6
      vertex -66.91 38.7 114
      vertex -66 38.7 114
    endloop
  endfacet
  facet normal 0 1 0
    outer loop
      vertex -66.91 38.7 114
      vertex -66 38.7 6
      vertex -66.91 38.7 6
    endloop
  endfacet
  facet normal -0 0 1
    outer loop
      vertex -66.91 38.7 114
      vertex -66 36.9 114
      vertex -66 38.7 114
    endloop
  endfacet
  facet normal 0 0 1
    outer loop
      vertex -66 36.9 114
      vertex -66.91 38.7 114
      vertex -66.91 36.9 114
    endloop
  endfacet
  facet normal 0 0 -1
    outer loop
      vertex -66.91 36.9 6
      vertex -66 38.7 6
      vertex -66 36.9 6
    endloop
  endfacet
  facet normal -0 0 -1
    outer loop
      vertex -66 38.7 6
      vertex -66.91 36.9 6
      vertex -66.91 38.7 6
    endloop
  endfacet
  facet normal 0 -1 0
    outer loop
      vertex -66.91 36.9 6
      vertex -66 36.9 114
      vertex -66.91 36.9 114
    endloop
  endfacet
  facet normal 0 -1 -0
    outer loop
      vertex -66 36.9 114
      vertex -66.91 36.9 6
      vertex -66 36.9 6
    endloop
  endfacet
  facet normal -1 0 0
    outer loop
      vertex -66.91 36.9 6
      vertex -66.91 38.7 114
      vertex -66.91 38.7 6
    endloop
  endfacet
  facet normal -1 -0 0
    outer loop
      vertex -66.91 38.7 114
      vertex -66.91 36.9 6
      vertex -66.91 36.9 114
    endloop
  endfacet
  facet normal 0 1 -0
    outer loop
      vertex -66 44.1 6
      vertex -66.91 44.1 114
      vertex -66 44.1 114
    endloop
  endfacet
  facet normal 0 1 0
    outer loop
      vertex -66.91 44.1 114
      vertex -66 44.1 6
      vertex -66.91 44.1 6
    endloop
  endfacet
  facet normal -0 0 1
    outer loop
      vertex -66.91 44.1 114
      vertex -66 42.3 114
      vertex -66 44.1 114
    endloop
  endfacet
  facet normal 0 0 1
    outer loop
      vertex -66 42.3 114
      vertex -66.91 44.1 114
      vertex -66.91 42.3 114
    endloop
  endfacet
  facet normal 0 0 -1
    outer loop
      vertex -66.91 42.3 6
      vertex -66 44.1 6
      vertex -66 42.3 6
    endloop
  endfacet
  facet normal -0 0 -1
    outer loop
      vertex -66 44.1 6
      vertex -66.91 42.3 6
      vertex -66.91 44.1 6
    endloop
  endfacet
  facet normal 0 -1 0
    outer loop
      vertex -66.91 42.3 6
      vertex -66 42.3 114
      vertex -66.91 42.3 114
    endloop
  endfacet
  facet normal 0 -1 -0
    outer loop
      vertex -66 42.3 114
      vertex -66.91 42.3 6
      vertex -66 42.3 6
    endloop
  endfacet
  facet normal -1 0 0
    outer loop
      vertex -66.91 42.3 6
      vertex -66.91 44.1 114
      vertex -66.91 44.1 6
    endloop
  endfacet
  facet normal -1 -0 0
    outer loop
      vertex -66.91 44.1 114
      vertex -66.91 42.3 6
      vertex -66.91 42.3 114
    endloop
  endfacet
  facet normal 0 1 -0
    outer loop
      vertex -66 49.5 6
      vertex -66.91 49.5 114
      vertex -66 49.5 114
    endloop
  endfacet
  facet normal 0 1 0
    outer loop
      vertex -66.91 49.5 114
      vertex -66 49.5 6
      vertex -66.91 49.5 6
    endloop
  endfacet
  facet normal -0 0 1
    outer loop
      vertex -66.91 49.5 114
      vertex -66 47.7 114
      vertex -66 49.5 114
    endloop
  endfacet
  facet normal 0 0 1
    outer loop
      vertex -66 47.7 114
      vertex -66.91 49.5 114
      vertex -66.91 47.7 114
    endloop
  endfacet
  facet normal 0 0 -1
    outer loop
      vertex -66.91 47.7 6
      vertex -66 49.5 6
      vertex -66 47.7 6
    endloop
  endfacet
  facet normal -0 0 -1
    outer loop
      vertex -66 49.5 6
      vertex -66.91 47.7 6
      vertex -66.91 49.5 6
    endloop
  endfacet
  facet normal 0 -1 0
    outer loop
      vertex -66.91 47.7 6
      vertex -66 47.7 114
      vertex -66.91 47.7 114
    endloop
  endfacet
  facet normal 0 -1 -0
    outer loop
      vertex -66 47.7 114
      vertex -66.91 47.7 6
      vertex -66 47.7 6
    endloop
  endfacet
  facet normal -1 0 0
    outer loop
      vertex -66.91 47.7 6
      vertex -66.91 49.5 114
      vertex -66.91 49.5 6
    endloop
  endfacet
  facet normal -1 -0 0
    outer loop
      vertex -66.91 49.5 114
      vertex -66.91 47.7 6
      vertex -66.91 47.7 114
    endloop
  endfacet
  facet normal 0 1 -0
    outer loop
      vertex -66 54.9 6
      vertex -66.91 54.9 114
      vertex -66 54.9 114
    endloop
  endfacet
  facet normal 0 1 0
    outer loop
      vertex -66.91 54.9 114
      vertex -66 54.9 6
      vertex -66.91 54.9 6
    endloop
  endfacet
  facet normal -0 0 1
    outer loop
      vertex -66.91 54.9 114
      vertex -66 53.1 114
      vertex -66 54.9 114
    endloop
  endfacet
  facet normal 0 0 1
    outer loop
      vertex -66 53.1 114
      vertex -66.91 54.9 114
      vertex -66.91 53.1 114
    endloop
  endfacet
  facet normal 0 0 -1
    outer loop
      vertex -66.91 53.1 6
      vertex -66 54.9 6
      vertex -66 53.1 6
    endloop
  endfacet
  facet normal -0 0 -1
    outer loop
      vertex -66 54.9 6
      vertex -66.91 53.1 6
      vertex -66.91 54.9 6
    endloop
  endfacet
  facet normal 0 -1 0
    outer loop
      vertex -66.91 53.1 6
      vertex -66 53.1 114
      vertex -66.91 53.1 114
    endloop
  endfacet
  facet normal 0 -1 -0
    outer loop
      vertex -66 53.1 114
      vertex -66.91 53.1 6
      vertex -66 53.1 6
    endloop
  endfacet
  facet normal -1 0 0
    outer loop
      vertex -66.91 53.1 6
      vertex -66.91 54.9 114
      vertex -66.91 54.9 6
    endloop
  endfacet
  facet normal -1 -0 0
    outer loop
      vertex -66.91 54.9 114
      vertex -66.91 53.1 6
      vertex -66.91 53.1 114
    endloop
  endfacet
  facet normal -0.989176 -0.146735 0
    outer loop
      vertex 8.95666 -65.1178 0
      vertex 8.82707 -64.2442 6.6
      vertex 8.82707 -64.2442 0
    endloop
  endfacet
  facet normal -0.989176 -0.146735 0
    outer loop
      vertex 8.82707 -64.2442 6.6
      vertex 8.95666 -65.1178 0
      vertex 8.95666 -65.1178 6.6
    endloop
  endfacet
  facet normal -0.998795 -0.049068 0
    outer loop
      vertex 9 -66 0
      vertex 8.95666 -65.1178 6.6
      vertex 8.95666 -65.1178 0
    endloop
  endfacet
  facet normal -0.998795 -0.049068 0
    outer loop
      vertex 8.95666 -65.1178 6.6
      vertex 9 -66 0
      vertex 9 -66 6.6
    endloop
  endfacet
  facet normal -0.970029 -0.242989 0
    outer loop
      vertex 8.82707 -64.2442 0
      vertex 8.6657 -63.6 4.5
      vertex 8.6657 -63.6 0
    endloop
  endfacet
  facet normal -0.970029 -0.242989 -0
    outer loop
      vertex 8.82707 -64.2442 6.6
      vertex 8.6657 -63.6 4.5
      vertex 8.82707 -64.2442 0
    endloop
  endfacet
  facet normal -0.970029 -0.242989 0
    outer loop
      vertex 8.6657 -63.6 4.5
      vertex 8.82707 -64.2442 6.6
      vertex 8.6657 -63.6 6.1
    endloop
  endfacet
  facet normal -0.970029 -0.242989 0
    outer loop
      vertex 8.6657 -63.6 6.1
      vertex 8.82707 -64.2442 6.6
      vertex 8.6657 -63.6 6.6
    endloop
  endfacet
  facet normal -0.970046 -0.242922 0
    outer loop
      vertex 8.6657 -63.6 4.5
      vertex 8.61246 -63.3874 6.1
      vertex 8.61246 -63.3874 4.5
    endloop
  endfacet
  facet normal -0.970046 -0.242922 0
    outer loop
      vertex 8.61246 -63.3874 6.1
      vertex 8.6657 -63.6 4.5
      vertex 8.6657 -63.6 6.1
    endloop
  endfacet
  facet normal 0.970029 -0.242989 0
    outer loop
      vertex -8.82707 -64.2442 6.6
      vertex -8.6657 -63.6 6.1
      vertex -8.6657 -63.6 6.6
    endloop
  endfacet
  facet normal 0.970029 -0.242989 0
    outer loop
      vertex -8.6657 -63.6 6.1
      vertex -8.82707 -64.2442 6.6
      vertex -8.6657 -63.6 4.5
    endloop
  endfacet
  facet normal 0.970029 -0.242989 0
    outer loop
      vertex -8.82707 -64.2442 0
      vertex -8.6657 -63.6 4.5
      vertex -8.82707 -64.2442 6.6
    endloop
  endfacet
  facet normal 0.970029 -0.242989 0
    outer loop
      vertex -8.6657 -63.6 4.5
      vertex -8.82707 -64.2442 0
      vertex -8.6657 -63.6 0
    endloop
  endfacet
  facet normal 0.970046 -0.242922 0
    outer loop
      vertex -8.6657 -63.6 6.1
      vertex -8.61246 -63.3874 4.5
      vertex -8.61246 -63.3874 6.1
    endloop
  endfacet
  facet normal 0.970046 -0.242922 0
    outer loop
      vertex -8.61246 -63.3874 4.5
      vertex -8.6657 -63.6 6.1
      vertex -8.6657 -63.6 4.5
    endloop
  endfacet
  facet normal 0.941536 -0.336913 0
    outer loop
      vertex -8.61246 -63.3874 6.1
      vertex -8.42016 -62.85 4.5
      vertex -8.42016 -62.85 6.1
    endloop
  endfacet
  facet normal 0.941536 -0.336913 0
    outer loop
      vertex -8.42016 -62.85 4.5
      vertex -8.61246 -63.3874 6.1
      vertex -8.61246 -63.3874 4.5
    endloop
  endfacet
  facet normal 0.998795 -0.049068 0
    outer loop
      vertex -9 -66 6.6
      vertex -8.95666 -65.1178 0
      vertex -8.95666 -65.1178 6.6
    endloop
  endfacet
  facet normal 0.998795 -0.049068 0
    outer loop
      vertex -8.95666 -65.1178 0
      vertex -9 -66 6.6
      vertex -9 -66 0
    endloop
  endfacet
  facet normal 0 0 -1
    outer loop
      vertex -4.5 -66.91 6.6
      vertex -6.3 -66.91 6.6
      vertex -4.5 -66 6.6
    endloop
  endfacet
  facet normal 0 0 -1
    outer loop
      vertex 0.9 -66.91 6.6
      vertex -0.9 -66.91 6.6
      vertex 0.9 -66 6.6
    endloop
  endfacet
  facet normal 0 0 -1
    outer loop
      vertex 6.3 -66.91 6.6
      vertex 4.5 -66.91 6.6
      vertex 6.3 -66 6.6
    endloop
  endfacet
  facet normal 0 0 -1
    outer loop
      vertex 6.3 -66 6.6
      vertex 8.95666 -65.1178 6.6
      vertex 9 -66 6.6
    endloop
  endfacet
  facet normal -0 0 -1
    outer loop
      vertex 8.95666 -65.1178 6.6
      vertex 6.3 -66 6.6
      vertex 8.82707 -64.2442 6.6
    endloop
  endfacet
  facet normal -0 0 -1
    outer loop
      vertex 8.82707 -64.2442 6.6
      vertex 6.3 -66 6.6
      vertex 8.6657 -63.6 6.6
    endloop
  endfacet
  facet normal 0 0 -1
    outer loop
      vertex 4.5 -66 6.6
      vertex 6.3 -66 6.6
      vertex 4.5 -66.91 6.6
    endloop
  endfacet
  facet normal 0 0 -1
    outer loop
      vertex 6.3 -66 6.6
      vertex 4.5 -66 6.6
      vertex 8.6657 -63.6 6.6
    endloop
  endfacet
  facet normal 0 0 -1
    outer loop
      vertex 0.9 -66 6.6
      vertex 8.6657 -63.6 6.6
      vertex 4.5 -66 6.6
    endloop
  endfacet
  facet normal 0 0 -1
    outer loop
      vertex -0.9 -66 6.6
      vertex 0.9 -66 6.6
      vertex -0.9 -66.91 6.6
    endloop
  endfacet
  facet normal 0 0 -1
    outer loop
      vertex -0.9 -66 6.6
      vertex 8.6657 -63.6 6.6
      vertex 0.9 -66 6.6
    endloop
  endfacet
  facet normal 0 0 -1
    outer loop
      vertex -8.6657 -63.6 6.6
      vertex -0.9 -66 6.6
      vertex -4.5 -66 6.6
    endloop
  endfacet
  facet normal 0 0 -1
    outer loop
      vertex -6.3 -66 6.6
      vertex -4.5 -66 6.6
      vertex -6.3 -66.91 6.6
    endloop
  endfacet
  facet normal 0 0 -1
    outer loop
      vertex -8.6657 -63.6 6.6
      vertex -4.5 -66 6.6
      vertex -6.3 -66 6.6
    endloop
  endfacet
  facet normal 0 0 -1
    outer loop
      vertex -0.9 -66 6.6
      vertex -8.6657 -63.6 6.6
      vertex 8.6657 -63.6 6.6
    endloop
  endfacet
  facet normal 0 0 -1
    outer loop
      vertex -6.3 -66 6.6
      vertex -8.82707 -64.2442 6.6
      vertex -8.6657 -63.6 6.6
    endloop
  endfacet
  facet normal 0 0 -1
    outer loop
      vertex -6.3 -66 6.6
      vertex -8.95666 -65.1178 6.6
      vertex -8.82707 -64.2442 6.6
    endloop
  endfacet
  facet normal 0 -0 -1
    outer loop
      vertex -8.95666 -65.1178 6.6
      vertex -6.3 -66 6.6
      vertex -9 -66 6.6
    endloop
  endfacet
  facet normal 0.989176 -0.146735 0
    outer loop
      vertex -8.95666 -65.1178 6.6
      vertex -8.82707 -64.2442 0
      vertex -8.82707 -64.2442 6.6
    endloop
  endfacet
  facet normal 0.989176 -0.146735 0
    outer loop
      vertex -8.82707 -64.2442 0
      vertex -8.95666 -65.1178 6.6
      vertex -8.95666 -65.1178 0
    endloop
  endfacet
  facet normal -0.941536 -0.336913 0
    outer loop
      vertex 8.61246 -63.3874 4.5
      vertex 8.42016 -62.85 6.1
      vertex 8.42016 -62.85 4.5
    endloop
  endfacet
  facet normal -0.941536 -0.336913 0
    outer loop
      vertex 8.42016 -62.85 6.1
      vertex 8.61246 -63.3874 4.5
      vertex 8.61246 -63.3874 6.1
    endloop
  endfacet
  facet normal -0.989176 0.146735 0
    outer loop
      vertex 8.82707 64.2442 0
      vertex 8.95666 65.1178 6.6
      vertex 8.95666 65.1178 0
    endloop
  endfacet
  facet normal -0.989176 0.146735 0
    outer loop
      vertex 8.95666 65.1178 6.6
      vertex 8.82707 64.2442 0
      vertex 8.82707 64.2442 6.6
    endloop
  endfacet
  facet normal 0.941536 0.336913 0
    outer loop
      vertex -8.42016 62.85 6.1
      vertex -8.61246 63.3874 4.5
      vertex -8.61246 63.3874 6.1
    endloop
  endfacet
  facet normal 0.941536 0.336913 0
    outer loop
      vertex -8.61246 63.3874 4.5
      vertex -8.42016 62.85 6.1
      vertex -8.42016 62.85 4.5
    endloop
  endfacet
  facet normal -0.970046 0.242922 0
    outer loop
      vertex 8.61246 63.3874 4.5
      vertex 8.6657 63.6 6.1
      vertex 8.6657 63.6 4.5
    endloop
  endfacet
  facet normal -0.970046 0.242922 0
    outer loop
      vertex 8.6657 63.6 6.1
      vertex 8.61246 63.3874 4.5
      vertex 8.61246 63.3874 6.1
    endloop
  endfacet
  facet normal -0.970029 0.242989 0
    outer loop
      vertex 8.6657 63.6 4.5
      vertex 8.82707 64.2442 0
      vertex 8.6657 63.6 0
    endloop
  endfacet
  facet normal -0.970029 0.242989 0
    outer loop
      vertex 8.82707 64.2442 0
      vertex 8.6657 63.6 4.5
      vertex 8.82707 64.2442 6.6
    endloop
  endfacet
  facet normal -0.970029 0.242989 0
    outer loop
      vertex 8.6657 63.6 6.1
      vertex 8.82707 64.2442 6.6
      vertex 8.6657 63.6 4.5
    endloop
  endfacet
  facet normal -0.970029 0.242989 0
    outer loop
      vertex 8.82707 64.2442 6.6
      vertex 8.6657 63.6 6.1
      vertex 8.6657 63.6 6.6
    endloop
  endfacet
  facet normal -0.998795 0.049068 0
    outer loop
      vertex 8.95666 65.1178 0
      vertex 9 66 6.6
      vertex 9 66 0
    endloop
  endfacet
  facet normal -0.998795 0.049068 0
    outer loop
      vertex 9 66 6.6
      vertex 8.95666 65.1178 0
      vertex 8.95666 65.1178 6.6
    endloop
  endfacet
  facet normal 0 0 -1
    outer loop
      vertex 6.3 66 6.6
      vertex 8.95666 65.1178 6.6
      vertex 8.82707 64.2442 6.6
    endloop
  endfacet
  facet normal 0 0 -1
    outer loop
      vertex 6.3 66 6.6
      vertex 8.82707 64.2442 6.6
      vertex 8.6657 63.6 6.6
    endloop
  endfacet
  facet normal 0 0 -1
    outer loop
      vertex 8.95666 65.1178 6.6
      vertex 6.3 66 6.6
      vertex 9 66 6.6
    endloop
  endfacet
  facet normal 0 0 -1
    outer loop
      vertex 6.3 66 6.6
      vertex 4.5 66 6.6
      vertex 6.3 66.91 6.6
    endloop
  endfacet
  facet normal 0 0 -1
    outer loop
      vertex 8.6657 63.6 6.6
      vertex 4.5 66 6.6
      vertex 6.3 66 6.6
    endloop
  endfacet
  facet normal 0 0 -1
    outer loop
      vertex 8.6657 63.6 6.6
      vertex 0.9 66 6.6
      vertex 4.5 66 6.6
    endloop
  endfacet
  facet normal 0 0 -1
    outer loop
      vertex 0.9 66 6.6
      vertex -0.9 66 6.6
      vertex 0.9 66.91 6.6
    endloop
  endfacet
  facet normal 0 0 -1
    outer loop
      vertex 8.6657 63.6 6.6
      vertex -0.9 66 6.6
      vertex 0.9 66 6.6
    endloop
  endfacet
  facet normal 0 0 -1
    outer loop
      vertex -8.6657 63.6 6.6
      vertex -0.9 66 6.6
      vertex 8.6657 63.6 6.6
    endloop
  endfacet
  facet normal 0 0 -1
    outer loop
      vertex -4.5 66 6.6
      vertex -6.3 66 6.6
      vertex -4.5 66.91 6.6
    endloop
  endfacet
  facet normal -0 0 -1
    outer loop
      vertex -0.9 66 6.6
      vertex -8.6657 63.6 6.6
      vertex -4.5 66 6.6
    endloop
  endfacet
  facet normal -0 0 -1
    outer loop
      vertex -4.5 66 6.6
      vertex -8.6657 63.6 6.6
      vertex -6.3 66 6.6
    endloop
  endfacet
  facet normal 0 0 -1
    outer loop
      vertex -8.82707 64.2442 6.6
      vertex -6.3 66 6.6
      vertex -8.6657 63.6 6.6
    endloop
  endfacet
  facet normal 0 0 -1
    outer loop
      vertex -8.95666 65.1178 6.6
      vertex -6.3 66 6.6
      vertex -8.82707 64.2442 6.6
    endloop
  endfacet
  facet normal -0 0 -1
    outer loop
      vertex -6.3 66 6.6
      vertex -8.95666 65.1178 6.6
      vertex -9 66 6.6
    endloop
  endfacet
  facet normal -0 0 -1
    outer loop
      vertex 6.3 66.91 6.6
      vertex 4.5 66 6.6
      vertex 4.5 66.91 6.6
    endloop
  endfacet
  facet normal -0 0 -1
    outer loop
      vertex 0.9 66.91 6.6
      vertex -0.9 66 6.6
      vertex -0.9 66.91 6.6
    endloop
  endfacet
  facet normal -0 0 -1
    outer loop
      vertex -4.5 66.91 6.6
      vertex -6.3 66 6.6
      vertex -6.3 66.91 6.6
    endloop
  endfacet
  facet normal 0.998795 0.049068 0
    outer loop
      vertex -8.95666 65.1178 6.6
      vertex -9 66 0
      vertex -9 66 6.6
    endloop
  endfacet
  facet normal 0.998795 0.049068 0
    outer loop
      vertex -9 66 0
      vertex -8.95666 65.1178 6.6
      vertex -8.95666 65.1178 0
    endloop
  endfacet
  facet normal -0.941536 0.336913 0
    outer loop
      vertex 8.42016 62.85 4.5
      vertex 8.61246 63.3874 6.1
      vertex 8.61246 63.3874 4.5
    endloop
  endfacet
  facet normal -0.941536 0.336913 0
    outer loop
      vertex 8.61246 63.3874 6.1
      vertex 8.42016 62.85 4.5
      vertex 8.42016 62.85 6.1
    endloop
  endfacet
  facet normal 0.970046 0.242922 0
    outer loop
      vertex -8.61246 63.3874 6.1
      vertex -8.6657 63.6 4.5
      vertex -8.6657 63.6 6.1
    endloop
  endfacet
  facet normal 0.970046 0.242922 0
    outer loop
      vertex -8.6657 63.6 4.5
      vertex -8.61246 63.3874 6.1
      vertex -8.61246 63.3874 4.5
    endloop
  endfacet
  facet normal 0.970029 0.242989 -0
    outer loop
      vertex -8.6657 63.6 6.1
      vertex -8.82707 64.2442 6.6
      vertex -8.6657 63.6 6.6
    endloop
  endfacet
  facet normal 0.970029 0.242989 -0
    outer loop
      vertex -8.6657 63.6 4.5
      vertex -8.82707 64.2442 6.6
      vertex -8.6657 63.6 6.1
    endloop
  endfacet
  facet normal 0.970029 0.242989 0
    outer loop
      vertex -8.82707 64.2442 6.6
      vertex -8.6657 63.6 4.5
      vertex -8.82707 64.2442 0
    endloop
  endfacet
  facet normal 0.970029 0.242989 0
    outer loop
      vertex -8.82707 64.2442 0
      vertex -8.6657 63.6 4.5
      vertex -8.6657 63.6 0
    endloop
  endfacet
  facet normal 0.989176 0.146735 0
    outer loop
      vertex -8.82707 64.2442 6.6
      vertex -8.95666 65.1178 0
      vertex -8.95666 65.1178 6.6
    endloop
  endfacet
  facet normal 0.989176 0.146735 0
    outer loop
      vertex -8.95666 65.1178 0
      vertex -8.82707 64.2442 6.6
      vertex -8.82707 64.2442 0
    endloop
  endfacet
  facet normal 0 0 -1
    outer loop
      vertex 62.369 61.5828 4.5
      vertex 62.2976 61.751 4.5
      vertex 62.3 61.8 4.5
    endloop
  endfacet
  facet normal 0 0 -1
    outer loop
      vertex 62.369 61.5828 4.5
      vertex 62.2904 61.7025 4.5
      vertex 62.2976 61.751 4.5
    endloop
  endfacet
  facet normal 0 -0 -1
    outer loop
      vertex 62.2904 61.7025 4.5
      vertex 62.369 61.5828 4.5
      vertex 62.2878 61.6922 4.5
    endloop
  endfacet
  facet normal 0 0 -1
    outer loop
      vertex 62.8354 -60.2793 4.5
      vertex 63.6 -60 4.5
      vertex 63.5827 -60.3529 4.5
    endloop
  endfacet
  facet normal 0 0 -1
    outer loop
      vertex 63.6 -60 4.5
      vertex 62.85 -59.9815 4.5
      vertex 63.6 60 4.5
    endloop
  endfacet
  facet normal 0 0 -1
    outer loop
      vertex 62.8354 -60.2793 4.5
      vertex 63.5827 -60.3529 4.5
      vertex 63.5308 -60.7023 4.5
    endloop
  endfacet
  facet normal 0 0 -1
    outer loop
      vertex 62.85 59.9815 4.5
      vertex 63.6 60 4.5
      vertex 62.85 -59.9815 4.5
    endloop
  endfacet
  facet normal 0 0 -1
    outer loop
      vertex 62.7944 -60.5558 4.5
      vertex 63.5308 -60.7023 4.5
      vertex 63.445 -61.045 4.5
    endloop
  endfacet
  facet normal 0 0 -1
    outer loop
      vertex 62.8354 60.2793 4.5
      vertex 63.6 60 4.5
      vertex 62.85 59.9815 4.5
    endloop
  endfacet
  facet normal 0 0 -1
    outer loop
      vertex 62.7264 -60.827 4.5
      vertex 63.445 -61.045 4.5
      vertex 63.326 -61.3777 4.5
    endloop
  endfacet
  facet normal 0 0 -1
    outer loop
      vertex 63.6 60 4.5
      vertex 62.8354 60.2793 4.5
      vertex 63.5827 60.3529 4.5
    endloop
  endfacet
  facet normal 0 0 -1
    outer loop
      vertex 62.6322 -61.0903 4.5
      vertex 63.326 -61.3777 4.5
      vertex 63.1749 -61.697 4.5
    endloop
  endfacet
  facet normal -0 0 -1
    outer loop
      vertex 63.5827 60.3529 4.5
      vertex 62.8354 60.2793 4.5
      vertex 63.5308 60.7023 4.5
    endloop
  endfacet
  facet normal 0 0 -1
    outer loop
      vertex 62.5127 -61.3431 4.5
      vertex 63.1749 -61.697 4.5
      vertex 62.9933 -62 4.5
    endloop
  endfacet
  facet normal 0 0 -1
    outer loop
      vertex 62.7944 60.5558 4.5
      vertex 63.5308 60.7023 4.5
      vertex 62.8354 60.2793 4.5
    endloop
  endfacet
  facet normal -0 0 -1
    outer loop
      vertex 63.5308 60.7023 4.5
      vertex 62.7944 60.5558 4.5
      vertex 63.445 61.045 4.5
    endloop
  endfacet
  facet normal -0 0 -1
    outer loop
      vertex 63.6 -60 4.5
      vertex 62.8354 -60.2793 4.5
      vertex 62.85 -59.9815 4.5
    endloop
  endfacet
  facet normal 0 0 -1
    outer loop
      vertex 63.5308 -60.7023 4.5
      vertex 62.7944 -60.5558 4.5
      vertex 62.8354 -60.2793 4.5
    endloop
  endfacet
  facet normal 0 0 -1
    outer loop
      vertex 62.2904 -61.8975 4.5
      vertex 62.9933 -62 4.5
      vertex 62.7828 -62.2838 4.5
    endloop
  endfacet
  facet normal 0 0 -1
    outer loop
      vertex 63.445 -61.045 4.5
      vertex 62.7264 -60.827 4.5
      vertex 62.7944 -60.5558 4.5
    endloop
  endfacet
  facet normal 0 0 -1
    outer loop
      vertex 63.326 -61.3777 4.5
      vertex 62.6322 -61.0903 4.5
      vertex 62.7264 -60.827 4.5
    endloop
  endfacet
  facet normal 0 0 -1
    outer loop
      vertex 62.2157 -62.0778 4.5
      vertex 62.7828 -62.2838 4.5
      vertex 62.5456 -62.5456 4.5
    endloop
  endfacet
  facet normal 0 0 -1
    outer loop
      vertex 63.1749 -61.697 4.5
      vertex 62.5127 -61.3431 4.5
      vertex 62.6322 -61.0903 4.5
    endloop
  endfacet
  facet normal 0 0 -1
    outer loop
      vertex 62.9933 -62 4.5
      vertex 62.369 -61.5828 4.5
      vertex 62.5127 -61.3431 4.5
    endloop
  endfacet
  facet normal 0 0 -1
    outer loop
      vertex 62.9933 -62 4.5
      vertex 62.2976 -61.849 4.5
      vertex 62.3 -61.8 4.5
    endloop
  endfacet
  facet normal 0 0 -1
    outer loop
      vertex 62.9933 -62 4.5
      vertex 62.3 -61.8 4.5
      vertex 62.369 -61.5828 4.5
    endloop
  endfacet
  facet normal 0 0 -1
    outer loop
      vertex 62.9933 -62 4.5
      vertex 62.2904 -61.8975 4.5
      vertex 62.2976 -61.849 4.5
    endloop
  endfacet
  facet normal 0 0 -1
    outer loop
      vertex 62.0778 -62.2157 4.5
      vertex 62.5456 -62.5456 4.5
      vertex 62.2838 -62.7828 4.5
    endloop
  endfacet
  facet normal 0 0 -1
    outer loop
      vertex 62.7828 -62.2838 4.5
      vertex 62.2785 -61.9451 4.5
      vertex 62.2904 -61.8975 4.5
    endloop
  endfacet
  facet normal 0 0 -1
    outer loop
      vertex 62.7828 -62.2838 4.5
      vertex 62.2619 -61.9913 4.5
      vertex 62.2785 -61.9451 4.5
    endloop
  endfacet
  facet normal 0 0 -1
    outer loop
      vertex 62.7828 -62.2838 4.5
      vertex 62.241 -62.0357 4.5
      vertex 62.2619 -61.9913 4.5
    endloop
  endfacet
  facet normal 0 0 -1
    outer loop
      vertex 62.7828 -62.2838 4.5
      vertex 62.2157 -62.0778 4.5
      vertex 62.241 -62.0357 4.5
    endloop
  endfacet
  facet normal 0 0 -1
    outer loop
      vertex 62.5456 -62.5456 4.5
      vertex 62.1865 -62.1172 4.5
      vertex 62.2157 -62.0778 4.5
    endloop
  endfacet
  facet normal 0 0 -1
    outer loop
      vertex 62.5456 -62.5456 4.5
      vertex 62.1536 -62.1536 4.5
      vertex 62.1865 -62.1172 4.5
    endloop
  endfacet
  facet normal 0 0 -1
    outer loop
      vertex 62.5456 -62.5456 4.5
      vertex 62.1172 -62.1865 4.5
      vertex 62.1536 -62.1536 4.5
    endloop
  endfacet
  facet normal 0 0 -1
    outer loop
      vertex 62.5456 -62.5456 4.5
      vertex 62.0778 -62.2157 4.5
      vertex 62.1172 -62.1865 4.5
    endloop
  endfacet
  facet normal 0 0 -1
    outer loop
      vertex 62.2838 -62.7828 4.5
      vertex 62.0357 -62.241 4.5
      vertex 62.0778 -62.2157 4.5
    endloop
  endfacet
  facet normal 0 0 -1
    outer loop
      vertex 61.8975 -62.2904 4.5
      vertex 62.2838 -62.7828 4.5
      vertex 62 -62.9933 4.5
    endloop
  endfacet
  facet normal 0 0 -1
    outer loop
      vertex 62.2838 -62.7828 4.5
      vertex 61.9913 -62.2619 4.5
      vertex 62.0357 -62.241 4.5
    endloop
  endfacet
  facet normal 0 0 -1
    outer loop
      vertex 62.2838 -62.7828 4.5
      vertex 61.9451 -62.2785 4.5
      vertex 61.9913 -62.2619 4.5
    endloop
  endfacet
  facet normal 0 0 -1
    outer loop
      vertex 62.2838 -62.7828 4.5
      vertex 61.8975 -62.2904 4.5
      vertex 61.9451 -62.2785 4.5
    endloop
  endfacet
  facet normal 0 0 -1
    outer loop
      vertex 62 -62.9933 4.5
      vertex 61.849 -62.2976 4.5
      vertex 61.8975 -62.2904 4.5
    endloop
  endfacet
  facet normal 0 0 -1
    outer loop
      vertex 62 -62.9933 4.5
      vertex 61.8 -62.3 4.5
      vertex 61.849 -62.2976 4.5
    endloop
  endfacet
  facet normal 0 0 -1
    outer loop
      vertex 61.5828 -62.369 4.5
      vertex 61.8 -62.3 4.5
      vertex 62 -62.9933 4.5
    endloop
  endfacet
  facet normal -0 0 -1
    outer loop
      vertex 61.8 -62.3 4.5
      vertex 61.5828 -62.369 4.5
      vertex 61.751 -62.2976 4.5
    endloop
  endfacet
  facet normal 0 0 -1
    outer loop
      vertex 61.5828 -62.369 4.5
      vertex 62 -62.9933 4.5
      vertex 61.697 -63.1749 4.5
    endloop
  endfacet
  facet normal -0 0 -1
    outer loop
      vertex 61.751 -62.2976 4.5
      vertex 61.5828 -62.369 4.5
      vertex 61.7025 -62.2904 4.5
    endloop
  endfacet
  facet normal -0 0 -1
    outer loop
      vertex 61.7025 -62.2904 4.5
      vertex 61.5828 -62.369 4.5
      vertex 61.6922 -62.2878 4.5
    endloop
  endfacet
  facet normal 0 0 -1
    outer loop
      vertex 61.3431 -62.5127 4.5
      vertex 61.697 -63.1749 4.5
      vertex 61.3777 -63.326 4.5
    endloop
  endfacet
  facet normal 0 0 -1
    outer loop
      vertex 61.697 -63.1749 4.5
      vertex 61.3431 -62.5127 4.5
      vertex 61.5828 -62.369 4.5
    endloop
  endfacet
  facet normal 0 0 -1
    outer loop
      vertex 61.3777 -63.326 4.5
      vertex 61.0903 -62.6322 4.5
      vertex 61.3431 -62.5127 4.5
    endloop
  endfacet
  facet normal 0 0 -1
    outer loop
      vertex 61.045 -63.445 4.5
      vertex 61.0903 -62.6322 4.5
      vertex 61.3777 -63.326 4.5
    endloop
  endfacet
  facet normal 0 0 -1
    outer loop
      vertex 61.045 -63.445 4.5
      vertex 60.827 -62.7264 4.5
      vertex 61.0903 -62.6322 4.5
    endloop
  endfacet
  facet normal 0 0 -1
    outer loop
      vertex 60.7023 -63.5308 4.5
      vertex 60.827 -62.7264 4.5
      vertex 61.045 -63.445 4.5
    endloop
  endfacet
  facet normal 0 0 -1
    outer loop
      vertex 60.7023 -63.5308 4.5
      vertex 60.5558 -62.7944 4.5
      vertex 60.827 -62.7264 4.5
    endloop
  endfacet
  facet normal 0 0 -1
    outer loop
      vertex 60.3529 -63.5827 4.5
      vertex 60.5558 -62.7944 4.5
      vertex 60.7023 -63.5308 4.5
    endloop
  endfacet
  facet normal 0 0 -1
    outer loop
      vertex 60.3529 -63.5827 4.5
      vertex 60.2793 -62.8354 4.5
      vertex 60.5558 -62.7944 4.5
    endloop
  endfacet
  facet normal 0 0 -1
    outer loop
      vertex 60 -63.6 4.5
      vertex 60.2793 -62.8354 4.5
      vertex 60.3529 -63.5827 4.5
    endloop
  endfacet
  facet normal 0 0 -1
    outer loop
      vertex 60 -63.6 4.5
      vertex 59.9815 -62.85 4.5
      vertex 60.2793 -62.8354 4.5
    endloop
  endfacet
  facet normal 0 0 -1
    outer loop
      vertex 8.6657 -63.6 4.5
      vertex 59.9815 -62.85 4.5
      vertex 60 -63.6 4.5
    endloop
  endfacet
  facet normal 0 0 -1
    outer loop
      vertex 8.61246 -63.3874 4.5
      vertex 59.9815 -62.85 4.5
      vertex 8.6657 -63.6 4.5
    endloop
  endfacet
  facet normal -0 0 -1
    outer loop
      vertex 59.9815 -62.85 4.5
      vertex 8.61246 -63.3874 4.5
      vertex 8.42016 -62.85 4.5
    endloop
  endfacet
  facet normal 0 0 -1
    outer loop
      vertex 62.7264 60.827 4.5
      vertex 63.445 61.045 4.5
      vertex 62.7944 60.5558 4.5
    endloop
  endfacet
  facet normal -0 0 -1
    outer loop
      vertex 63.445 61.045 4.5
      vertex 62.7264 60.827 4.5
      vertex 63.326 61.3777 4.5
    endloop
  endfacet
  facet normal 0 0 -1
    outer loop
      vertex 62.6322 61.0903 4.5
      vertex 63.326 61.3777 4.5
      vertex 62.7264 60.827 4.5
    endloop
  endfacet
  facet normal -0 0 -1
    outer loop
      vertex 63.326 61.3777 4.5
      vertex 62.6322 61.0903 4.5
      vertex 63.1749 61.697 4.5
    endloop
  endfacet
  facet normal 0 0 -1
    outer loop
      vertex 62.5127 61.3431 4.5
      vertex 63.1749 61.697 4.5
      vertex 62.6322 61.0903 4.5
    endloop
  endfacet
  facet normal -0 0 -1
    outer loop
      vertex 63.1749 61.697 4.5
      vertex 62.5127 61.3431 4.5
      vertex 62.9933 62 4.5
    endloop
  endfacet
  facet normal 0 0 -1
    outer loop
      vertex 62.369 61.5828 4.5
      vertex 62.9933 62 4.5
      vertex 62.5127 61.3431 4.5
    endloop
  endfacet
  facet normal 0 0 -1
    outer loop
      vertex 62.3 61.8 4.5
      vertex 62.9933 62 4.5
      vertex 62.369 61.5828 4.5
    endloop
  endfacet
  facet normal 0 0 -1
    outer loop
      vertex 62.2976 61.849 4.5
      vertex 62.9933 62 4.5
      vertex 62.3 61.8 4.5
    endloop
  endfacet
  facet normal 0 0 -1
    outer loop
      vertex 62.2904 61.8975 4.5
      vertex 62.9933 62 4.5
      vertex 62.2976 61.849 4.5
    endloop
  endfacet
  facet normal -0 0 -1
    outer loop
      vertex 62.9933 62 4.5
      vertex 62.2904 61.8975 4.5
      vertex 62.7828 62.2838 4.5
    endloop
  endfacet
  facet normal 0 0 -1
    outer loop
      vertex 62.2785 61.9451 4.5
      vertex 62.7828 62.2838 4.5
      vertex 62.2904 61.8975 4.5
    endloop
  endfacet
  facet normal 0 0 -1
    outer loop
      vertex 62.2619 61.9913 4.5
      vertex 62.7828 62.2838 4.5
      vertex 62.2785 61.9451 4.5
    endloop
  endfacet
  facet normal 0 0 -1
    outer loop
      vertex 62.241 62.0357 4.5
      vertex 62.7828 62.2838 4.5
      vertex 62.2619 61.9913 4.5
    endloop
  endfacet
  facet normal 0 0 -1
    outer loop
      vertex 62.2157 62.0778 4.5
      vertex 62.7828 62.2838 4.5
      vertex 62.241 62.0357 4.5
    endloop
  endfacet
  facet normal -0 0 -1
    outer loop
      vertex 62.7828 62.2838 4.5
      vertex 62.2157 62.0778 4.5
      vertex 62.5456 62.5456 4.5
    endloop
  endfacet
  facet normal 0 0 -1
    outer loop
      vertex 62.1865 62.1172 4.5
      vertex 62.5456 62.5456 4.5
      vertex 62.2157 62.0778 4.5
    endloop
  endfacet
  facet normal 0 0 -1
    outer loop
      vertex 62.1536 62.1536 4.5
      vertex 62.5456 62.5456 4.5
      vertex 62.1865 62.1172 4.5
    endloop
  endfacet
  facet normal 0 0 -1
    outer loop
      vertex 62.1172 62.1865 4.5
      vertex 62.5456 62.5456 4.5
      vertex 62.1536 62.1536 4.5
    endloop
  endfacet
  facet normal 0 0 -1
    outer loop
      vertex 62.0778 62.2157 4.5
      vertex 62.5456 62.5456 4.5
      vertex 62.1172 62.1865 4.5
    endloop
  endfacet
  facet normal -0 0 -1
    outer loop
      vertex 62.5456 62.5456 4.5
      vertex 62.0778 62.2157 4.5
      vertex 62.2838 62.7828 4.5
    endloop
  endfacet
  facet normal 0 0 -1
    outer loop
      vertex 62.0357 62.241 4.5
      vertex 62.2838 62.7828 4.5
      vertex 62.0778 62.2157 4.5
    endloop
  endfacet
  facet normal 0 0 -1
    outer loop
      vertex 61.9913 62.2619 4.5
      vertex 62.2838 62.7828 4.5
      vertex 62.0357 62.241 4.5
    endloop
  endfacet
  facet normal 0 0 -1
    outer loop
      vertex 61.9451 62.2785 4.5
      vertex 62.2838 62.7828 4.5
      vertex 61.9913 62.2619 4.5
    endloop
  endfacet
  facet normal 0 0 -1
    outer loop
      vertex 61.8975 62.2904 4.5
      vertex 62.2838 62.7828 4.5
      vertex 61.9451 62.2785 4.5
    endloop
  endfacet
  facet normal -0 0 -1
    outer loop
      vertex 62.2838 62.7828 4.5
      vertex 61.8975 62.2904 4.5
      vertex 62 62.9933 4.5
    endloop
  endfacet
  facet normal 0 0 -1
    outer loop
      vertex 61.849 62.2976 4.5
      vertex 62 62.9933 4.5
      vertex 61.8975 62.2904 4.5
    endloop
  endfacet
  facet normal 0 0 -1
    outer loop
      vertex 61.8 62.3 4.5
      vertex 62 62.9933 4.5
      vertex 61.849 62.2976 4.5
    endloop
  endfacet
  facet normal 0 0 -1
    outer loop
      vertex 61.5828 62.369 4.5
      vertex 61.8 62.3 4.5
      vertex 61.751 62.2976 4.5
    endloop
  endfacet
  facet normal 0 0 -1
    outer loop
      vertex 61.5828 62.369 4.5
      vertex 61.751 62.2976 4.5
      vertex 61.7025 62.2904 4.5
    endloop
  endfacet
  facet normal 0 0 -1
    outer loop
      vertex 61.8 62.3 4.5
      vertex 61.5828 62.369 4.5
      vertex 62 62.9933 4.5
    endloop
  endfacet
  facet normal 0 0 -1
    outer loop
      vertex 61.5828 62.369 4.5
      vertex 61.7025 62.2904 4.5
      vertex 61.6922 62.2878 4.5
    endloop
  endfacet
  facet normal -0 0 -1
    outer loop
      vertex 62 62.9933 4.5
      vertex 61.5828 62.369 4.5
      vertex 61.697 63.1749 4.5
    endloop
  endfacet
  facet normal 0 0 -1
    outer loop
      vertex 61.3431 62.5127 4.5
      vertex 61.697 63.1749 4.5
      vertex 61.5828 62.369 4.5
    endloop
  endfacet
  facet normal -0 0 -1
    outer loop
      vertex 61.697 63.1749 4.5
      vertex 61.3431 62.5127 4.5
      vertex 61.3777 63.326 4.5
    endloop
  endfacet
  facet normal 0 0 -1
    outer loop
      vertex 61.0903 62.6322 4.5
      vertex 61.3777 63.326 4.5
      vertex 61.3431 62.5127 4.5
    endloop
  endfacet
  facet normal 0 0 -1
    outer loop
      vertex 61.0903 62.6322 4.5
      vertex 61.045 63.445 4.5
      vertex 61.3777 63.326 4.5
    endloop
  endfacet
  facet normal 0 0 -1
    outer loop
      vertex 60.827 62.7264 4.5
      vertex 61.045 63.445 4.5
      vertex 61.0903 62.6322 4.5
    endloop
  endfacet
  facet normal 0 0 -1
    outer loop
      vertex 60.827 62.7264 4.5
      vertex 60.7023 63.5308 4.5
      vertex 61.045 63.445 4.5
    endloop
  endfacet
  facet normal 0 0 -1
    outer loop
      vertex 60.5558 62.7944 4.5
      vertex 60.7023 63.5308 4.5
      vertex 60.827 62.7264 4.5
    endloop
  endfacet
  facet normal 0 0 -1
    outer loop
      vertex 60.5558 62.7944 4.5
      vertex 60.3529 63.5827 4.5
      vertex 60.7023 63.5308 4.5
    endloop
  endfacet
  facet normal 0 0 -1
    outer loop
      vertex 60.2793 62.8354 4.5
      vertex 60.3529 63.5827 4.5
      vertex 60.5558 62.7944 4.5
    endloop
  endfacet
  facet normal 0 0 -1
    outer loop
      vertex 60.2793 62.8354 4.5
      vertex 60 63.6 4.5
      vertex 60.3529 63.5827 4.5
    endloop
  endfacet
  facet normal 0 0 -1
    outer loop
      vertex 59.9815 62.85 4.5
      vertex 60 63.6 4.5
      vertex 60.2793 62.8354 4.5
    endloop
  endfacet
  facet normal 0 0 -1
    outer loop
      vertex 59.9815 62.85 4.5
      vertex 8.6657 63.6 4.5
      vertex 60 63.6 4.5
    endloop
  endfacet
  facet normal 0 0 -1
    outer loop
      vertex 59.9815 62.85 4.5
      vertex 8.61246 63.3874 4.5
      vertex 8.6657 63.6 4.5
    endloop
  endfacet
  facet normal 0 -0 -1
    outer loop
      vertex 8.61246 63.3874 4.5
      vertex 59.9815 62.85 4.5
      vertex 8.42016 62.85 4.5
    endloop
  endfacet
  facet normal 0 0 -1
    outer loop
      vertex 62.2976 -61.751 4.5
      vertex 62.369 -61.5828 4.5
      vertex 62.3 -61.8 4.5
    endloop
  endfacet
  facet normal 0 0 -1
    outer loop
      vertex 62.2904 -61.7025 4.5
      vertex 62.369 -61.5828 4.5
      vertex 62.2976 -61.751 4.5
    endloop
  endfacet
  facet normal 0 0 -1
    outer loop
      vertex 62.369 -61.5828 4.5
      vertex 62.2904 -61.7025 4.5
      vertex 62.2878 -61.6922 4.5
    endloop
  endfacet
  facet normal 0 0 -1
    outer loop
      vertex -8.61246 -63.3874 4.5
      vertex -59.9815 -62.85 4.5
      vertex -8.42016 -62.85 4.5
    endloop
  endfacet
  facet normal 0 0 -1
    outer loop
      vertex -8.6657 -63.6 4.5
      vertex -59.9815 -62.85 4.5
      vertex -8.61246 -63.3874 4.5
    endloop
  endfacet
  facet normal 0 0 -1
    outer loop
      vertex -60 -63.6 4.5
      vertex -59.9815 -62.85 4.5
      vertex -8.6657 -63.6 4.5
    endloop
  endfacet
  facet normal 0 0 -1
    outer loop
      vertex -60 -63.6 4.5
      vertex -60.2793 -62.8354 4.5
      vertex -59.9815 -62.85 4.5
    endloop
  endfacet
  facet normal 0 0 -1
    outer loop
      vertex -60.3529 -63.5827 4.5
      vertex -60.2793 -62.8354 4.5
      vertex -60 -63.6 4.5
    endloop
  endfacet
  facet normal 0 0 -1
    outer loop
      vertex -60.3529 -63.5827 4.5
      vertex -60.5558 -62.7944 4.5
      vertex -60.2793 -62.8354 4.5
    endloop
  endfacet
  facet normal 0 0 -1
    outer loop
      vertex -60.7023 -63.5308 4.5
      vertex -60.5558 -62.7944 4.5
      vertex -60.3529 -63.5827 4.5
    endloop
  endfacet
  facet normal 0 0 -1
    outer loop
      vertex -60.7023 -63.5308 4.5
      vertex -60.827 -62.7264 4.5
      vertex -60.5558 -62.7944 4.5
    endloop
  endfacet
  facet normal 0 0 -1
    outer loop
      vertex -61.045 -63.445 4.5
      vertex -60.827 -62.7264 4.5
      vertex -60.7023 -63.5308 4.5
    endloop
  endfacet
  facet normal 0 0 -1
    outer loop
      vertex -61.045 -63.445 4.5
      vertex -61.0903 -62.6322 4.5
      vertex -60.827 -62.7264 4.5
    endloop
  endfacet
  facet normal 0 0 -1
    outer loop
      vertex -61.3777 -63.326 4.5
      vertex -61.0903 -62.6322 4.5
      vertex -61.045 -63.445 4.5
    endloop
  endfacet
  facet normal -0 0 -1
    outer loop
      vertex -61.0903 -62.6322 4.5
      vertex -61.3777 -63.326 4.5
      vertex -61.3431 -62.5127 4.5
    endloop
  endfacet
  facet normal 0 0 -1
    outer loop
      vertex -61.697 -63.1749 4.5
      vertex -61.3431 -62.5127 4.5
      vertex -61.3777 -63.326 4.5
    endloop
  endfacet
  facet normal -0 0 -1
    outer loop
      vertex -61.3431 -62.5127 4.5
      vertex -61.697 -63.1749 4.5
      vertex -61.5828 -62.369 4.5
    endloop
  endfacet
  facet normal 0 0 -1
    outer loop
      vertex -62 -62.9933 4.5
      vertex -61.5828 -62.369 4.5
      vertex -61.697 -63.1749 4.5
    endloop
  endfacet
  facet normal 0 0 -1
    outer loop
      vertex -61.5828 -62.369 4.5
      vertex -61.7025 -62.2904 4.5
      vertex -61.6922 -62.2878 4.5
    endloop
  endfacet
  facet normal 0 -0 -1
    outer loop
      vertex -61.8 -62.3 4.5
      vertex -61.5828 -62.369 4.5
      vertex -62 -62.9933 4.5
    endloop
  endfacet
  facet normal 0 0 -1
    outer loop
      vertex -61.5828 -62.369 4.5
      vertex -61.751 -62.2976 4.5
      vertex -61.7025 -62.2904 4.5
    endloop
  endfacet
  facet normal 0 0 -1
    outer loop
      vertex -61.5828 -62.369 4.5
      vertex -61.8 -62.3 4.5
      vertex -61.751 -62.2976 4.5
    endloop
  endfacet
  facet normal -0 0 -1
    outer loop
      vertex -61.8 -62.3 4.5
      vertex -62 -62.9933 4.5
      vertex -61.849 -62.2976 4.5
    endloop
  endfacet
  facet normal -0 0 -1
    outer loop
      vertex -61.849 -62.2976 4.5
      vertex -62 -62.9933 4.5
      vertex -61.8975 -62.2904 4.5
    endloop
  endfacet
  facet normal 0 0 -1
    outer loop
      vertex -62.2838 -62.7828 4.5
      vertex -61.8975 -62.2904 4.5
      vertex -62 -62.9933 4.5
    endloop
  endfacet
  facet normal -0 0 -1
    outer loop
      vertex -61.8975 -62.2904 4.5
      vertex -62.2838 -62.7828 4.5
      vertex -61.9451 -62.2785 4.5
    endloop
  endfacet
  facet normal -0 0 -1
    outer loop
      vertex -61.9451 -62.2785 4.5
      vertex -62.2838 -62.7828 4.5
      vertex -61.9913 -62.2619 4.5
    endloop
  endfacet
  facet normal -0 0 -1
    outer loop
      vertex -61.9913 -62.2619 4.5
      vertex -62.2838 -62.7828 4.5
      vertex -62.0357 -62.241 4.5
    endloop
  endfacet
  facet normal -0 0 -1
    outer loop
      vertex -62.0357 -62.241 4.5
      vertex -62.2838 -62.7828 4.5
      vertex -62.0778 -62.2157 4.5
    endloop
  endfacet
  facet normal 0 0 -1
    outer loop
      vertex -62.5456 -62.5456 4.5
      vertex -62.0778 -62.2157 4.5
      vertex -62.2838 -62.7828 4.5
    endloop
  endfacet
  facet normal -0 0 -1
    outer loop
      vertex -62.0778 -62.2157 4.5
      vertex -62.5456 -62.5456 4.5
      vertex -62.1172 -62.1865 4.5
    endloop
  endfacet
  facet normal -0 0 -1
    outer loop
      vertex -62.1172 -62.1865 4.5
      vertex -62.5456 -62.5456 4.5
      vertex -62.1536 -62.1536 4.5
    endloop
  endfacet
  facet normal -0 0 -1
    outer loop
      vertex -62.1536 -62.1536 4.5
      vertex -62.5456 -62.5456 4.5
      vertex -62.1865 -62.1172 4.5
    endloop
  endfacet
  facet normal -0 0 -1
    outer loop
      vertex -62.1865 -62.1172 4.5
      vertex -62.5456 -62.5456 4.5
      vertex -62.2157 -62.0778 4.5
    endloop
  endfacet
  facet normal 0 0 -1
    outer loop
      vertex -62.7828 -62.2838 4.5
      vertex -62.2157 -62.0778 4.5
      vertex -62.5456 -62.5456 4.5
    endloop
  endfacet
  facet normal -0 0 -1
    outer loop
      vertex -62.2157 -62.0778 4.5
      vertex -62.7828 -62.2838 4.5
      vertex -62.241 -62.0357 4.5
    endloop
  endfacet
  facet normal -0 0 -1
    outer loop
      vertex -62.241 -62.0357 4.5
      vertex -62.7828 -62.2838 4.5
      vertex -62.2619 -61.9913 4.5
    endloop
  endfacet
  facet normal -0 0 -1
    outer loop
      vertex -62.2619 -61.9913 4.5
      vertex -62.7828 -62.2838 4.5
      vertex -62.2785 -61.9451 4.5
    endloop
  endfacet
  facet normal -0 0 -1
    outer loop
      vertex -62.2785 -61.9451 4.5
      vertex -62.7828 -62.2838 4.5
      vertex -62.2904 -61.8975 4.5
    endloop
  endfacet
  facet normal 0 0 -1
    outer loop
      vertex -62.9933 -62 4.5
      vertex -62.2904 -61.8975 4.5
      vertex -62.7828 -62.2838 4.5
    endloop
  endfacet
  facet normal -0 0 -1
    outer loop
      vertex -62.2904 -61.8975 4.5
      vertex -62.9933 -62 4.5
      vertex -62.2976 -61.849 4.5
    endloop
  endfacet
  facet normal -0 0 -1
    outer loop
      vertex -62.2976 -61.849 4.5
      vertex -62.9933 -62 4.5
      vertex -62.3 -61.8 4.5
    endloop
  endfacet
  facet normal -0 0 -1
    outer loop
      vertex -62.3 -61.8 4.5
      vertex -62.9933 -62 4.5
      vertex -62.369 -61.5828 4.5
    endloop
  endfacet
  facet normal -0 0 -1
    outer loop
      vertex -62.369 -61.5828 4.5
      vertex -62.9933 -62 4.5
      vertex -62.5127 -61.3431 4.5
    endloop
  endfacet
  facet normal 0 0 -1
    outer loop
      vertex -63.1749 -61.697 4.5
      vertex -62.5127 -61.3431 4.5
      vertex -62.9933 -62 4.5
    endloop
  endfacet
  facet normal -0 0 -1
    outer loop
      vertex -62.5127 -61.3431 4.5
      vertex -63.1749 -61.697 4.5
      vertex -62.6322 -61.0903 4.5
    endloop
  endfacet
  facet normal 0 0 -1
    outer loop
      vertex -63.326 -61.3777 4.5
      vertex -62.6322 -61.0903 4.5
      vertex -63.1749 -61.697 4.5
    endloop
  endfacet
  facet normal -0 0 -1
    outer loop
      vertex -62.6322 -61.0903 4.5
      vertex -63.326 -61.3777 4.5
      vertex -62.7264 -60.827 4.5
    endloop
  endfacet
  facet normal -0 0 -1
    outer loop
      vertex -62.7264 -60.827 4.5
      vertex -63.445 -61.045 4.5
      vertex -62.7944 -60.5558 4.5
    endloop
  endfacet
  facet normal 0 0 -1
    outer loop
      vertex -63.445 -61.045 4.5
      vertex -62.7264 -60.827 4.5
      vertex -63.326 -61.3777 4.5
    endloop
  endfacet
  facet normal 0 0 -1
    outer loop
      vertex -62.2904 -61.7025 4.5
      vertex -62.369 -61.5828 4.5
      vertex -62.2878 -61.6922 4.5
    endloop
  endfacet
  facet normal 0 0 -1
    outer loop
      vertex -62.2976 -61.751 4.5
      vertex -62.369 -61.5828 4.5
      vertex -62.2904 -61.7025 4.5
    endloop
  endfacet
  facet normal 0 0 -1
    outer loop
      vertex -62.369 -61.5828 4.5
      vertex -62.2976 -61.751 4.5
      vertex -62.3 -61.8 4.5
    endloop
  endfacet
  facet normal -0 0 -1
    outer loop
      vertex -62.2976 61.751 4.5
      vertex -62.369 61.5828 4.5
      vertex -62.3 61.8 4.5
    endloop
  endfacet
  facet normal -0 0 -1
    outer loop
      vertex -62.2904 61.7025 4.5
      vertex -62.369 61.5828 4.5
      vertex -62.2976 61.751 4.5
    endloop
  endfacet
  facet normal 0 0 -1
    outer loop
      vertex -62.369 61.5828 4.5
      vertex -62.2904 61.7025 4.5
      vertex -62.2878 61.6922 4.5
    endloop
  endfacet
  facet normal 0 0 -1
    outer loop
      vertex -59.9815 62.85 4.5
      vertex -8.61246 63.3874 4.5
      vertex -8.42016 62.85 4.5
    endloop
  endfacet
  facet normal 0 0 -1
    outer loop
      vertex -59.9815 62.85 4.5
      vertex -8.6657 63.6 4.5
      vertex -8.61246 63.3874 4.5
    endloop
  endfacet
  facet normal 0 0 -1
    outer loop
      vertex -59.9815 62.85 4.5
      vertex -60 63.6 4.5
      vertex -8.6657 63.6 4.5
    endloop
  endfacet
  facet normal 0 0 -1
    outer loop
      vertex -60.2793 62.8354 4.5
      vertex -60 63.6 4.5
      vertex -59.9815 62.85 4.5
    endloop
  endfacet
  facet normal 0 0 -1
    outer loop
      vertex -60.2793 62.8354 4.5
      vertex -60.3529 63.5827 4.5
      vertex -60 63.6 4.5
    endloop
  endfacet
  facet normal 0 0 -1
    outer loop
      vertex -60.5558 62.7944 4.5
      vertex -60.3529 63.5827 4.5
      vertex -60.2793 62.8354 4.5
    endloop
  endfacet
  facet normal 0 0 -1
    outer loop
      vertex -60.5558 62.7944 4.5
      vertex -60.7023 63.5308 4.5
      vertex -60.3529 63.5827 4.5
    endloop
  endfacet
  facet normal 0 0 -1
    outer loop
      vertex -60.827 62.7264 4.5
      vertex -60.7023 63.5308 4.5
      vertex -60.5558 62.7944 4.5
    endloop
  endfacet
  facet normal 0 0 -1
    outer loop
      vertex -60.827 62.7264 4.5
      vertex -61.045 63.445 4.5
      vertex -60.7023 63.5308 4.5
    endloop
  endfacet
  facet normal 0 0 -1
    outer loop
      vertex -61.0903 62.6322 4.5
      vertex -61.045 63.445 4.5
      vertex -60.827 62.7264 4.5
    endloop
  endfacet
  facet normal 0 0 -1
    outer loop
      vertex -61.3777 63.326 4.5
      vertex -61.0903 62.6322 4.5
      vertex -61.3431 62.5127 4.5
    endloop
  endfacet
  facet normal 0 0 -1
    outer loop
      vertex -61.0903 62.6322 4.5
      vertex -61.3777 63.326 4.5
      vertex -61.045 63.445 4.5
    endloop
  endfacet
  facet normal 0 0 -1
    outer loop
      vertex -61.697 63.1749 4.5
      vertex -61.3431 62.5127 4.5
      vertex -61.5828 62.369 4.5
    endloop
  endfacet
  facet normal 0 0 -1
    outer loop
      vertex -61.7025 62.2904 4.5
      vertex -61.5828 62.369 4.5
      vertex -61.6922 62.2878 4.5
    endloop
  endfacet
  facet normal 0 0 -1
    outer loop
      vertex -61.3431 62.5127 4.5
      vertex -61.697 63.1749 4.5
      vertex -61.3777 63.326 4.5
    endloop
  endfacet
  facet normal 0 0 -1
    outer loop
      vertex -61.751 62.2976 4.5
      vertex -61.5828 62.369 4.5
      vertex -61.7025 62.2904 4.5
    endloop
  endfacet
  facet normal 0 0 -1
    outer loop
      vertex -61.8 62.3 4.5
      vertex -61.5828 62.369 4.5
      vertex -61.751 62.2976 4.5
    endloop
  endfacet
  facet normal -0 0 -1
    outer loop
      vertex -61.5828 62.369 4.5
      vertex -61.8 62.3 4.5
      vertex -62 62.9933 4.5
    endloop
  endfacet
  facet normal 0 0 -1
    outer loop
      vertex -62 62.9933 4.5
      vertex -61.8 62.3 4.5
      vertex -61.849 62.2976 4.5
    endloop
  endfacet
  facet normal 0 0 -1
    outer loop
      vertex -62 62.9933 4.5
      vertex -61.849 62.2976 4.5
      vertex -61.8975 62.2904 4.5
    endloop
  endfacet
  facet normal 0 0 -1
    outer loop
      vertex -62.2838 62.7828 4.5
      vertex -61.8975 62.2904 4.5
      vertex -61.9451 62.2785 4.5
    endloop
  endfacet
  facet normal 0 0 -1
    outer loop
      vertex -62.2838 62.7828 4.5
      vertex -61.9451 62.2785 4.5
      vertex -61.9913 62.2619 4.5
    endloop
  endfacet
  facet normal 0 0 -1
    outer loop
      vertex -61.5828 62.369 4.5
      vertex -62 62.9933 4.5
      vertex -61.697 63.1749 4.5
    endloop
  endfacet
  facet normal 0 0 -1
    outer loop
      vertex -62.2838 62.7828 4.5
      vertex -61.9913 62.2619 4.5
      vertex -62.0357 62.241 4.5
    endloop
  endfacet
  facet normal 0 0 -1
    outer loop
      vertex -62.2838 62.7828 4.5
      vertex -62.0357 62.241 4.5
      vertex -62.0778 62.2157 4.5
    endloop
  endfacet
  facet normal 0 0 -1
    outer loop
      vertex -62.5456 62.5456 4.5
      vertex -62.0778 62.2157 4.5
      vertex -62.1172 62.1865 4.5
    endloop
  endfacet
  facet normal 0 0 -1
    outer loop
      vertex -62.5456 62.5456 4.5
      vertex -62.1172 62.1865 4.5
      vertex -62.1536 62.1536 4.5
    endloop
  endfacet
  facet normal 0 0 -1
    outer loop
      vertex -62.5456 62.5456 4.5
      vertex -62.1536 62.1536 4.5
      vertex -62.1865 62.1172 4.5
    endloop
  endfacet
  facet normal 0 0 -1
    outer loop
      vertex -62.5456 62.5456 4.5
      vertex -62.1865 62.1172 4.5
      vertex -62.2157 62.0778 4.5
    endloop
  endfacet
  facet normal 0 0 -1
    outer loop
      vertex -62.7828 62.2838 4.5
      vertex -62.2157 62.0778 4.5
      vertex -62.241 62.0357 4.5
    endloop
  endfacet
  facet normal 0 0 -1
    outer loop
      vertex -62.7828 62.2838 4.5
      vertex -62.241 62.0357 4.5
      vertex -62.2619 61.9913 4.5
    endloop
  endfacet
  facet normal 0 0 -1
    outer loop
      vertex -62.7828 62.2838 4.5
      vertex -62.2619 61.9913 4.5
      vertex -62.2785 61.9451 4.5
    endloop
  endfacet
  facet normal 0 0 -1
    outer loop
      vertex -61.8975 62.2904 4.5
      vertex -62.2838 62.7828 4.5
      vertex -62 62.9933 4.5
    endloop
  endfacet
  facet normal 0 0 -1
    outer loop
      vertex -62.7828 62.2838 4.5
      vertex -62.2785 61.9451 4.5
      vertex -62.2904 61.8975 4.5
    endloop
  endfacet
  facet normal 0 0 -1
    outer loop
      vertex -62.9933 62 4.5
      vertex -62.2904 61.8975 4.5
      vertex -62.2976 61.849 4.5
    endloop
  endfacet
  facet normal 0 0 -1
    outer loop
      vertex -62.9933 62 4.5
      vertex -62.2976 61.849 4.5
      vertex -62.3 61.8 4.5
    endloop
  endfacet
  facet normal 0 0 -1
    outer loop
      vertex -62.9933 62 4.5
      vertex -62.3 61.8 4.5
      vertex -62.369 61.5828 4.5
    endloop
  endfacet
  facet normal 0 0 -1
    outer loop
      vertex -62.9933 62 4.5
      vertex -62.369 61.5828 4.5
      vertex -62.5127 61.3431 4.5
    endloop
  endfacet
  facet normal 0 0 -1
    outer loop
      vertex -62.0778 62.2157 4.5
      vertex -62.5456 62.5456 4.5
      vertex -62.2838 62.7828 4.5
    endloop
  endfacet
  facet normal 0 0 -1
    outer loop
      vertex -63.1749 61.697 4.5
      vertex -62.5127 61.3431 4.5
      vertex -62.6322 61.0903 4.5
    endloop
  endfacet
  facet normal 0 0 -1
    outer loop
      vertex -63.326 61.3777 4.5
      vertex -62.6322 61.0903 4.5
      vertex -62.7264 60.827 4.5
    endloop
  endfacet
  facet normal 0 0 -1
    outer loop
      vertex -62.2157 62.0778 4.5
      vertex -62.7828 62.2838 4.5
      vertex -62.5456 62.5456 4.5
    endloop
  endfacet
  facet normal 0 0 -1
    outer loop
      vertex -63.445 61.045 4.5
      vertex -62.7264 60.827 4.5
      vertex -62.7944 60.5558 4.5
    endloop
  endfacet
  facet normal 0 0 -1
    outer loop
      vertex -63.5308 60.7023 4.5
      vertex -62.7944 60.5558 4.5
      vertex -62.8354 60.2793 4.5
    endloop
  endfacet
  facet normal 0 0 -1
    outer loop
      vertex -63.6 60 4.5
      vertex -62.8354 60.2793 4.5
      vertex -62.85 59.9815 4.5
    endloop
  endfacet
  facet normal 0 0 -1
    outer loop
      vertex -62.2904 61.8975 4.5
      vertex -62.9933 62 4.5
      vertex -62.7828 62.2838 4.5
    endloop
  endfacet
  facet normal -0 0 -1
    outer loop
      vertex -62.85 -59.9815 4.5
      vertex -63.6 -60 4.5
      vertex -62.85 59.9815 4.5
    endloop
  endfacet
  facet normal 0 0 -1
    outer loop
      vertex -63.5308 -60.7023 4.5
      vertex -62.7944 -60.5558 4.5
      vertex -63.445 -61.045 4.5
    endloop
  endfacet
  facet normal 0 0 -1
    outer loop
      vertex -63.6 60 4.5
      vertex -62.85 59.9815 4.5
      vertex -63.6 -60 4.5
    endloop
  endfacet
  facet normal -0 0 -1
    outer loop
      vertex -62.7944 -60.5558 4.5
      vertex -63.5308 -60.7023 4.5
      vertex -62.8354 -60.2793 4.5
    endloop
  endfacet
  facet normal -0 0 -1
    outer loop
      vertex -62.8354 60.2793 4.5
      vertex -63.6 60 4.5
      vertex -63.5827 60.3529 4.5
    endloop
  endfacet
  facet normal 0 0 -1
    outer loop
      vertex -63.5827 -60.3529 4.5
      vertex -62.8354 -60.2793 4.5
      vertex -63.5308 -60.7023 4.5
    endloop
  endfacet
  facet normal 0 0 -1
    outer loop
      vertex -62.5127 61.3431 4.5
      vertex -63.1749 61.697 4.5
      vertex -62.9933 62 4.5
    endloop
  endfacet
  facet normal 0 0 -1
    outer loop
      vertex -63.6 -60 4.5
      vertex -62.8354 -60.2793 4.5
      vertex -63.5827 -60.3529 4.5
    endloop
  endfacet
  facet normal 0 0 -1
    outer loop
      vertex -62.6322 61.0903 4.5
      vertex -63.326 61.3777 4.5
      vertex -63.1749 61.697 4.5
    endloop
  endfacet
  facet normal 0 0 -1
    outer loop
      vertex -62.8354 -60.2793 4.5
      vertex -63.6 -60 4.5
      vertex -62.85 -59.9815 4.5
    endloop
  endfacet
  facet normal 0 0 -1
    outer loop
      vertex -62.7264 60.827 4.5
      vertex -63.445 61.045 4.5
      vertex -63.326 61.3777 4.5
    endloop
  endfacet
  facet normal 0 0 -1
    outer loop
      vertex -62.7944 60.5558 4.5
      vertex -63.5308 60.7023 4.5
      vertex -63.445 61.045 4.5
    endloop
  endfacet
  facet normal 0 0 -1
    outer loop
      vertex -62.8354 60.2793 4.5
      vertex -63.5827 60.3529 4.5
      vertex -63.5308 60.7023 4.5
    endloop
  endfacet
  facet normal 0 0 1
    outer loop
      vertex 62.369 -61.5828 6.1
      vertex 62.2976 -61.751 6.1
      vertex 62.3 -61.8 6.1
    endloop
  endfacet
  facet normal 0 0 1
    outer loop
      vertex 62.369 -61.5828 6.1
      vertex 62.2904 -61.7025 6.1
      vertex 62.2976 -61.751 6.1
    endloop
  endfacet
  facet normal 0 -0 1
    outer loop
      vertex 62.2904 -61.7025 6.1
      vertex 62.369 -61.5828 6.1
      vertex 62.2878 -61.6922 6.1
    endloop
  endfacet
  facet normal -0 0 1
    outer loop
      vertex 62.8354 60.2793 6.1
      vertex 63.6 60 6.1
      vertex 63.5827 60.3529 6.1
    endloop
  endfacet
  facet normal 0 0 1
    outer loop
      vertex 63.6 60 6.1
      vertex 62.85 59.9815 6.1
      vertex 63.6 -60 6.1
    endloop
  endfacet
  facet normal 0 0 1
    outer loop
      vertex 62.8354 60.2793 6.1
      vertex 63.5827 60.3529 6.1
      vertex 63.5308 60.7023 6.1
    endloop
  endfacet
  facet normal -0 0 1
    outer loop
      vertex 62.85 -59.9815 6.1
      vertex 63.6 -60 6.1
      vertex 62.85 59.9815 6.1
    endloop
  endfacet
  facet normal 0 0 1
    outer loop
      vertex 62.7944 60.5558 6.1
      vertex 63.5308 60.7023 6.1
      vertex 63.445 61.045 6.1
    endloop
  endfacet
  facet normal 0 0 1
    outer loop
      vertex 62.8354 -60.2793 6.1
      vertex 63.6 -60 6.1
      vertex 62.85 -59.9815 6.1
    endloop
  endfacet
  facet normal 0 0 1
    outer loop
      vertex 62.7264 60.827 6.1
      vertex 63.445 61.045 6.1
      vertex 63.326 61.3777 6.1
    endloop
  endfacet
  facet normal 0 0 1
    outer loop
      vertex 63.6 -60 6.1
      vertex 62.8354 -60.2793 6.1
      vertex 63.5827 -60.3529 6.1
    endloop
  endfacet
  facet normal 0 0 1
    outer loop
      vertex 62.6322 61.0903 6.1
      vertex 63.326 61.3777 6.1
      vertex 63.1749 61.697 6.1
    endloop
  endfacet
  facet normal 0 0 1
    outer loop
      vertex 63.5827 -60.3529 6.1
      vertex 62.8354 -60.2793 6.1
      vertex 63.5308 -60.7023 6.1
    endloop
  endfacet
  facet normal 0 0 1
    outer loop
      vertex 62.5127 61.3431 6.1
      vertex 63.1749 61.697 6.1
      vertex 62.9933 62 6.1
    endloop
  endfacet
  facet normal -0 0 1
    outer loop
      vertex 62.7944 -60.5558 6.1
      vertex 63.5308 -60.7023 6.1
      vertex 62.8354 -60.2793 6.1
    endloop
  endfacet
  facet normal 0 0 1
    outer loop
      vertex 63.5308 -60.7023 6.1
      vertex 62.7944 -60.5558 6.1
      vertex 63.445 -61.045 6.1
    endloop
  endfacet
  facet normal 0 0 1
    outer loop
      vertex 63.6 60 6.1
      vertex 62.8354 60.2793 6.1
      vertex 62.85 59.9815 6.1
    endloop
  endfacet
  facet normal 0 0 1
    outer loop
      vertex 63.5308 60.7023 6.1
      vertex 62.7944 60.5558 6.1
      vertex 62.8354 60.2793 6.1
    endloop
  endfacet
  facet normal 0 0 1
    outer loop
      vertex 62.2904 61.8975 6.1
      vertex 62.9933 62 6.1
      vertex 62.7828 62.2838 6.1
    endloop
  endfacet
  facet normal 0 0 1
    outer loop
      vertex 63.445 61.045 6.1
      vertex 62.7264 60.827 6.1
      vertex 62.7944 60.5558 6.1
    endloop
  endfacet
  facet normal 0 0 1
    outer loop
      vertex 63.326 61.3777 6.1
      vertex 62.6322 61.0903 6.1
      vertex 62.7264 60.827 6.1
    endloop
  endfacet
  facet normal 0 0 1
    outer loop
      vertex 62.2157 62.0778 6.1
      vertex 62.7828 62.2838 6.1
      vertex 62.5456 62.5456 6.1
    endloop
  endfacet
  facet normal 0 0 1
    outer loop
      vertex 63.1749 61.697 6.1
      vertex 62.5127 61.3431 6.1
      vertex 62.6322 61.0903 6.1
    endloop
  endfacet
  facet normal 0 0 1
    outer loop
      vertex 62.9933 62 6.1
      vertex 62.369 61.5828 6.1
      vertex 62.5127 61.3431 6.1
    endloop
  endfacet
  facet normal 0 0 1
    outer loop
      vertex 62.9933 62 6.1
      vertex 62.2976 61.849 6.1
      vertex 62.3 61.8 6.1
    endloop
  endfacet
  facet normal 0 0 1
    outer loop
      vertex 62.9933 62 6.1
      vertex 62.3 61.8 6.1
      vertex 62.369 61.5828 6.1
    endloop
  endfacet
  facet normal 0 0 1
    outer loop
      vertex 62.9933 62 6.1
      vertex 62.2904 61.8975 6.1
      vertex 62.2976 61.849 6.1
    endloop
  endfacet
  facet normal 0 0 1
    outer loop
      vertex 62.0778 62.2157 6.1
      vertex 62.5456 62.5456 6.1
      vertex 62.2838 62.7828 6.1
    endloop
  endfacet
  facet normal 0 0 1
    outer loop
      vertex 62.7828 62.2838 6.1
      vertex 62.2785 61.9451 6.1
      vertex 62.2904 61.8975 6.1
    endloop
  endfacet
  facet normal 0 0 1
    outer loop
      vertex 62.7828 62.2838 6.1
      vertex 62.2619 61.9913 6.1
      vertex 62.2785 61.9451 6.1
    endloop
  endfacet
  facet normal 0 0 1
    outer loop
      vertex 62.7828 62.2838 6.1
      vertex 62.241 62.0357 6.1
      vertex 62.2619 61.9913 6.1
    endloop
  endfacet
  facet normal 0 0 1
    outer loop
      vertex 62.7828 62.2838 6.1
      vertex 62.2157 62.0778 6.1
      vertex 62.241 62.0357 6.1
    endloop
  endfacet
  facet normal 0 0 1
    outer loop
      vertex 62.5456 62.5456 6.1
      vertex 62.1865 62.1172 6.1
      vertex 62.2157 62.0778 6.1
    endloop
  endfacet
  facet normal 0 0 1
    outer loop
      vertex 62.5456 62.5456 6.1
      vertex 62.1536 62.1536 6.1
      vertex 62.1865 62.1172 6.1
    endloop
  endfacet
  facet normal 0 0 1
    outer loop
      vertex 62.5456 62.5456 6.1
      vertex 62.1172 62.1865 6.1
      vertex 62.1536 62.1536 6.1
    endloop
  endfacet
  facet normal 0 0 1
    outer loop
      vertex 62.5456 62.5456 6.1
      vertex 62.0778 62.2157 6.1
      vertex 62.1172 62.1865 6.1
    endloop
  endfacet
  facet normal 0 0 1
    outer loop
      vertex 62.2838 62.7828 6.1
      vertex 62.0357 62.241 6.1
      vertex 62.0778 62.2157 6.1
    endloop
  endfacet
  facet normal 0 0 1
    outer loop
      vertex 61.8975 62.2904 6.1
      vertex 62.2838 62.7828 6.1
      vertex 62 62.9933 6.1
    endloop
  endfacet
  facet normal 0 0 1
    outer loop
      vertex 62.2838 62.7828 6.1
      vertex 61.9913 62.2619 6.1
      vertex 62.0357 62.241 6.1
    endloop
  endfacet
  facet normal 0 0 1
    outer loop
      vertex 62.2838 62.7828 6.1
      vertex 61.9451 62.2785 6.1
      vertex 61.9913 62.2619 6.1
    endloop
  endfacet
  facet normal 0 0 1
    outer loop
      vertex 62.2838 62.7828 6.1
      vertex 61.8975 62.2904 6.1
      vertex 61.9451 62.2785 6.1
    endloop
  endfacet
  facet normal 0 0 1
    outer loop
      vertex 62 62.9933 6.1
      vertex 61.849 62.2976 6.1
      vertex 61.8975 62.2904 6.1
    endloop
  endfacet
  facet normal 0 0 1
    outer loop
      vertex 62 62.9933 6.1
      vertex 61.8 62.3 6.1
      vertex 61.849 62.2976 6.1
    endloop
  endfacet
  facet normal -0 0 1
    outer loop
      vertex 61.5828 62.369 6.1
      vertex 61.8 62.3 6.1
      vertex 62 62.9933 6.1
    endloop
  endfacet
  facet normal 0 0 1
    outer loop
      vertex 61.8 62.3 6.1
      vertex 61.5828 62.369 6.1
      vertex 61.751 62.2976 6.1
    endloop
  endfacet
  facet normal 0 0 1
    outer loop
      vertex 61.5828 62.369 6.1
      vertex 62 62.9933 6.1
      vertex 61.697 63.1749 6.1
    endloop
  endfacet
  facet normal 0 0 1
    outer loop
      vertex 61.751 62.2976 6.1
      vertex 61.5828 62.369 6.1
      vertex 61.7025 62.2904 6.1
    endloop
  endfacet
  facet normal 0 0 1
    outer loop
      vertex 61.7025 62.2904 6.1
      vertex 61.5828 62.369 6.1
      vertex 61.6922 62.2878 6.1
    endloop
  endfacet
  facet normal 0 0 1
    outer loop
      vertex 61.3431 62.5127 6.1
      vertex 61.697 63.1749 6.1
      vertex 61.3777 63.326 6.1
    endloop
  endfacet
  facet normal 0 0 1
    outer loop
      vertex 61.697 63.1749 6.1
      vertex 61.3431 62.5127 6.1
      vertex 61.5828 62.369 6.1
    endloop
  endfacet
  facet normal 0 0 1
    outer loop
      vertex 61.3777 63.326 6.1
      vertex 61.0903 62.6322 6.1
      vertex 61.3431 62.5127 6.1
    endloop
  endfacet
  facet normal 0 0 1
    outer loop
      vertex 61.045 63.445 6.1
      vertex 61.0903 62.6322 6.1
      vertex 61.3777 63.326 6.1
    endloop
  endfacet
  facet normal 0 0 1
    outer loop
      vertex 61.045 63.445 6.1
      vertex 60.827 62.7264 6.1
      vertex 61.0903 62.6322 6.1
    endloop
  endfacet
  facet normal 0 0 1
    outer loop
      vertex 60.7023 63.5308 6.1
      vertex 60.827 62.7264 6.1
      vertex 61.045 63.445 6.1
    endloop
  endfacet
  facet normal 0 0 1
    outer loop
      vertex 60.7023 63.5308 6.1
      vertex 60.5558 62.7944 6.1
      vertex 60.827 62.7264 6.1
    endloop
  endfacet
  facet normal 0 0 1
    outer loop
      vertex 60.3529 63.5827 6.1
      vertex 60.5558 62.7944 6.1
      vertex 60.7023 63.5308 6.1
    endloop
  endfacet
  facet normal 0 0 1
    outer loop
      vertex 60.3529 63.5827 6.1
      vertex 60.2793 62.8354 6.1
      vertex 60.5558 62.7944 6.1
    endloop
  endfacet
  facet normal 0 0 1
    outer loop
      vertex 60 63.6 6.1
      vertex 60.2793 62.8354 6.1
      vertex 60.3529 63.5827 6.1
    endloop
  endfacet
  facet normal 0 0 1
    outer loop
      vertex 60 63.6 6.1
      vertex 59.9815 62.85 6.1
      vertex 60.2793 62.8354 6.1
    endloop
  endfacet
  facet normal -0 0 1
    outer loop
      vertex 8.6657 63.6 6.1
      vertex 59.9815 62.85 6.1
      vertex 60 63.6 6.1
    endloop
  endfacet
  facet normal -0 0 1
    outer loop
      vertex 8.61246 63.3874 6.1
      vertex 59.9815 62.85 6.1
      vertex 8.6657 63.6 6.1
    endloop
  endfacet
  facet normal 0 0 1
    outer loop
      vertex 59.9815 62.85 6.1
      vertex 8.61246 63.3874 6.1
      vertex 8.42016 62.85 6.1
    endloop
  endfacet
  facet normal -0 0 1
    outer loop
      vertex 62.7264 -60.827 6.1
      vertex 63.445 -61.045 6.1
      vertex 62.7944 -60.5558 6.1
    endloop
  endfacet
  facet normal 0 0 1
    outer loop
      vertex 63.445 -61.045 6.1
      vertex 62.7264 -60.827 6.1
      vertex 63.326 -61.3777 6.1
    endloop
  endfacet
  facet normal -0 0 1
    outer loop
      vertex 62.6322 -61.0903 6.1
      vertex 63.326 -61.3777 6.1
      vertex 62.7264 -60.827 6.1
    endloop
  endfacet
  facet normal 0 0 1
    outer loop
      vertex 63.326 -61.3777 6.1
      vertex 62.6322 -61.0903 6.1
      vertex 63.1749 -61.697 6.1
    endloop
  endfacet
  facet normal -0 0 1
    outer loop
      vertex 62.5127 -61.3431 6.1
      vertex 63.1749 -61.697 6.1
      vertex 62.6322 -61.0903 6.1
    endloop
  endfacet
  facet normal 0 0 1
    outer loop
      vertex 63.1749 -61.697 6.1
      vertex 62.5127 -61.3431 6.1
      vertex 62.9933 -62 6.1
    endloop
  endfacet
  facet normal -0 0 1
    outer loop
      vertex 62.369 -61.5828 6.1
      vertex 62.9933 -62 6.1
      vertex 62.5127 -61.3431 6.1
    endloop
  endfacet
  facet normal -0 0 1
    outer loop
      vertex 62.3 -61.8 6.1
      vertex 62.9933 -62 6.1
      vertex 62.369 -61.5828 6.1
    endloop
  endfacet
  facet normal -0 0 1
    outer loop
      vertex 62.2976 -61.849 6.1
      vertex 62.9933 -62 6.1
      vertex 62.3 -61.8 6.1
    endloop
  endfacet
  facet normal -0 0 1
    outer loop
      vertex 62.2904 -61.8975 6.1
      vertex 62.9933 -62 6.1
      vertex 62.2976 -61.849 6.1
    endloop
  endfacet
  facet normal 0 0 1
    outer loop
      vertex 62.9933 -62 6.1
      vertex 62.2904 -61.8975 6.1
      vertex 62.7828 -62.2838 6.1
    endloop
  endfacet
  facet normal -0 0 1
    outer loop
      vertex 62.2785 -61.9451 6.1
      vertex 62.7828 -62.2838 6.1
      vertex 62.2904 -61.8975 6.1
    endloop
  endfacet
  facet normal -0 0 1
    outer loop
      vertex 62.2619 -61.9913 6.1
      vertex 62.7828 -62.2838 6.1
      vertex 62.2785 -61.9451 6.1
    endloop
  endfacet
  facet normal -0 0 1
    outer loop
      vertex 62.241 -62.0357 6.1
      vertex 62.7828 -62.2838 6.1
      vertex 62.2619 -61.9913 6.1
    endloop
  endfacet
  facet normal -0 0 1
    outer loop
      vertex 62.2157 -62.0778 6.1
      vertex 62.7828 -62.2838 6.1
      vertex 62.241 -62.0357 6.1
    endloop
  endfacet
  facet normal 0 0 1
    outer loop
      vertex 62.7828 -62.2838 6.1
      vertex 62.2157 -62.0778 6.1
      vertex 62.5456 -62.5456 6.1
    endloop
  endfacet
  facet normal -0 0 1
    outer loop
      vertex 62.1865 -62.1172 6.1
      vertex 62.5456 -62.5456 6.1
      vertex 62.2157 -62.0778 6.1
    endloop
  endfacet
  facet normal -0 0 1
    outer loop
      vertex 62.1536 -62.1536 6.1
      vertex 62.5456 -62.5456 6.1
      vertex 62.1865 -62.1172 6.1
    endloop
  endfacet
  facet normal -0 0 1
    outer loop
      vertex 62.1172 -62.1865 6.1
      vertex 62.5456 -62.5456 6.1
      vertex 62.1536 -62.1536 6.1
    endloop
  endfacet
  facet normal -0 0 1
    outer loop
      vertex 62.0778 -62.2157 6.1
      vertex 62.5456 -62.5456 6.1
      vertex 62.1172 -62.1865 6.1
    endloop
  endfacet
  facet normal 0 0 1
    outer loop
      vertex 62.5456 -62.5456 6.1
      vertex 62.0778 -62.2157 6.1
      vertex 62.2838 -62.7828 6.1
    endloop
  endfacet
  facet normal -0 0 1
    outer loop
      vertex 62.0357 -62.241 6.1
      vertex 62.2838 -62.7828 6.1
      vertex 62.0778 -62.2157 6.1
    endloop
  endfacet
  facet normal -0 0 1
    outer loop
      vertex 61.9913 -62.2619 6.1
      vertex 62.2838 -62.7828 6.1
      vertex 62.0357 -62.241 6.1
    endloop
  endfacet
  facet normal -0 0 1
    outer loop
      vertex 61.9451 -62.2785 6.1
      vertex 62.2838 -62.7828 6.1
      vertex 61.9913 -62.2619 6.1
    endloop
  endfacet
  facet normal -0 0 1
    outer loop
      vertex 61.8975 -62.2904 6.1
      vertex 62.2838 -62.7828 6.1
      vertex 61.9451 -62.2785 6.1
    endloop
  endfacet
  facet normal 0 0 1
    outer loop
      vertex 62.2838 -62.7828 6.1
      vertex 61.8975 -62.2904 6.1
      vertex 62 -62.9933 6.1
    endloop
  endfacet
  facet normal -0 0 1
    outer loop
      vertex 61.849 -62.2976 6.1
      vertex 62 -62.9933 6.1
      vertex 61.8975 -62.2904 6.1
    endloop
  endfacet
  facet normal -0 0 1
    outer loop
      vertex 61.8 -62.3 6.1
      vertex 62 -62.9933 6.1
      vertex 61.849 -62.2976 6.1
    endloop
  endfacet
  facet normal 0 0 1
    outer loop
      vertex 61.5828 -62.369 6.1
      vertex 61.8 -62.3 6.1
      vertex 61.751 -62.2976 6.1
    endloop
  endfacet
  facet normal 0 0 1
    outer loop
      vertex 61.5828 -62.369 6.1
      vertex 61.751 -62.2976 6.1
      vertex 61.7025 -62.2904 6.1
    endloop
  endfacet
  facet normal 0 0 1
    outer loop
      vertex 61.8 -62.3 6.1
      vertex 61.5828 -62.369 6.1
      vertex 62 -62.9933 6.1
    endloop
  endfacet
  facet normal 0 0 1
    outer loop
      vertex 61.5828 -62.369 6.1
      vertex 61.7025 -62.2904 6.1
      vertex 61.6922 -62.2878 6.1
    endloop
  endfacet
  facet normal 0 0 1
    outer loop
      vertex 62 -62.9933 6.1
      vertex 61.5828 -62.369 6.1
      vertex 61.697 -63.1749 6.1
    endloop
  endfacet
  facet normal -0 0 1
    outer loop
      vertex 61.3431 -62.5127 6.1
      vertex 61.697 -63.1749 6.1
      vertex 61.5828 -62.369 6.1
    endloop
  endfacet
  facet normal 0 0 1
    outer loop
      vertex 61.697 -63.1749 6.1
      vertex 61.3431 -62.5127 6.1
      vertex 61.3777 -63.326 6.1
    endloop
  endfacet
  facet normal -0 0 1
    outer loop
      vertex 61.0903 -62.6322 6.1
      vertex 61.3777 -63.326 6.1
      vertex 61.3431 -62.5127 6.1
    endloop
  endfacet
  facet normal 0 0 1
    outer loop
      vertex 61.0903 -62.6322 6.1
      vertex 61.045 -63.445 6.1
      vertex 61.3777 -63.326 6.1
    endloop
  endfacet
  facet normal -0 0 1
    outer loop
      vertex 60.827 -62.7264 6.1
      vertex 61.045 -63.445 6.1
      vertex 61.0903 -62.6322 6.1
    endloop
  endfacet
  facet normal 0 0 1
    outer loop
      vertex 60.827 -62.7264 6.1
      vertex 60.7023 -63.5308 6.1
      vertex 61.045 -63.445 6.1
    endloop
  endfacet
  facet normal -0 0 1
    outer loop
      vertex 60.5558 -62.7944 6.1
      vertex 60.7023 -63.5308 6.1
      vertex 60.827 -62.7264 6.1
    endloop
  endfacet
  facet normal 0 0 1
    outer loop
      vertex 60.5558 -62.7944 6.1
      vertex 60.3529 -63.5827 6.1
      vertex 60.7023 -63.5308 6.1
    endloop
  endfacet
  facet normal -0 0 1
    outer loop
      vertex 60.2793 -62.8354 6.1
      vertex 60.3529 -63.5827 6.1
      vertex 60.5558 -62.7944 6.1
    endloop
  endfacet
  facet normal 0 0 1
    outer loop
      vertex 60.2793 -62.8354 6.1
      vertex 60 -63.6 6.1
      vertex 60.3529 -63.5827 6.1
    endloop
  endfacet
  facet normal -0 0 1
    outer loop
      vertex 59.9815 -62.85 6.1
      vertex 60 -63.6 6.1
      vertex 60.2793 -62.8354 6.1
    endloop
  endfacet
  facet normal 0 0 1
    outer loop
      vertex 59.9815 -62.85 6.1
      vertex 8.6657 -63.6 6.1
      vertex 60 -63.6 6.1
    endloop
  endfacet
  facet normal 0 0 1
    outer loop
      vertex 59.9815 -62.85 6.1
      vertex 8.61246 -63.3874 6.1
      vertex 8.6657 -63.6 6.1
    endloop
  endfacet
  facet normal 0 -0 1
    outer loop
      vertex 8.61246 -63.3874 6.1
      vertex 59.9815 -62.85 6.1
      vertex 8.42016 -62.85 6.1
    endloop
  endfacet
  facet normal -0 0 1
    outer loop
      vertex 62.2976 61.751 6.1
      vertex 62.369 61.5828 6.1
      vertex 62.3 61.8 6.1
    endloop
  endfacet
  facet normal -0 0 1
    outer loop
      vertex 62.2904 61.7025 6.1
      vertex 62.369 61.5828 6.1
      vertex 62.2976 61.751 6.1
    endloop
  endfacet
  facet normal 0 0 1
    outer loop
      vertex 62.369 61.5828 6.1
      vertex 62.2904 61.7025 6.1
      vertex 62.2878 61.6922 6.1
    endloop
  endfacet
  facet normal 0 0 1
    outer loop
      vertex -8.61246 63.3874 6.1
      vertex -59.9815 62.85 6.1
      vertex -8.42016 62.85 6.1
    endloop
  endfacet
  facet normal 0 0 1
    outer loop
      vertex -8.6657 63.6 6.1
      vertex -59.9815 62.85 6.1
      vertex -8.61246 63.3874 6.1
    endloop
  endfacet
  facet normal -0 0 1
    outer loop
      vertex -60 63.6 6.1
      vertex -59.9815 62.85 6.1
      vertex -8.6657 63.6 6.1
    endloop
  endfacet
  facet normal 0 0 1
    outer loop
      vertex -60 63.6 6.1
      vertex -60.2793 62.8354 6.1
      vertex -59.9815 62.85 6.1
    endloop
  endfacet
  facet normal -0 0 1
    outer loop
      vertex -60.3529 63.5827 6.1
      vertex -60.2793 62.8354 6.1
      vertex -60 63.6 6.1
    endloop
  endfacet
  facet normal 0 0 1
    outer loop
      vertex -60.3529 63.5827 6.1
      vertex -60.5558 62.7944 6.1
      vertex -60.2793 62.8354 6.1
    endloop
  endfacet
  facet normal -0 0 1
    outer loop
      vertex -60.7023 63.5308 6.1
      vertex -60.5558 62.7944 6.1
      vertex -60.3529 63.5827 6.1
    endloop
  endfacet
  facet normal 0 0 1
    outer loop
      vertex -60.7023 63.5308 6.1
      vertex -60.827 62.7264 6.1
      vertex -60.5558 62.7944 6.1
    endloop
  endfacet
  facet normal -0 0 1
    outer loop
      vertex -61.045 63.445 6.1
      vertex -60.827 62.7264 6.1
      vertex -60.7023 63.5308 6.1
    endloop
  endfacet
  facet normal 0 0 1
    outer loop
      vertex -61.045 63.445 6.1
      vertex -61.0903 62.6322 6.1
      vertex -60.827 62.7264 6.1
    endloop
  endfacet
  facet normal -0 0 1
    outer loop
      vertex -61.3777 63.326 6.1
      vertex -61.0903 62.6322 6.1
      vertex -61.045 63.445 6.1
    endloop
  endfacet
  facet normal 0 0 1
    outer loop
      vertex -61.0903 62.6322 6.1
      vertex -61.3777 63.326 6.1
      vertex -61.3431 62.5127 6.1
    endloop
  endfacet
  facet normal -0 0 1
    outer loop
      vertex -61.697 63.1749 6.1
      vertex -61.3431 62.5127 6.1
      vertex -61.3777 63.326 6.1
    endloop
  endfacet
  facet normal 0 0 1
    outer loop
      vertex -61.3431 62.5127 6.1
      vertex -61.697 63.1749 6.1
      vertex -61.5828 62.369 6.1
    endloop
  endfacet
  facet normal -0 0 1
    outer loop
      vertex -62 62.9933 6.1
      vertex -61.5828 62.369 6.1
      vertex -61.697 63.1749 6.1
    endloop
  endfacet
  facet normal 0 0 1
    outer loop
      vertex -61.5828 62.369 6.1
      vertex -61.7025 62.2904 6.1
      vertex -61.6922 62.2878 6.1
    endloop
  endfacet
  facet normal 0 -0 1
    outer loop
      vertex -61.8 62.3 6.1
      vertex -61.5828 62.369 6.1
      vertex -62 62.9933 6.1
    endloop
  endfacet
  facet normal 0 0 1
    outer loop
      vertex -61.5828 62.369 6.1
      vertex -61.751 62.2976 6.1
      vertex -61.7025 62.2904 6.1
    endloop
  endfacet
  facet normal 0 0 1
    outer loop
      vertex -61.5828 62.369 6.1
      vertex -61.8 62.3 6.1
      vertex -61.751 62.2976 6.1
    endloop
  endfacet
  facet normal 0 0 1
    outer loop
      vertex -61.8 62.3 6.1
      vertex -62 62.9933 6.1
      vertex -61.849 62.2976 6.1
    endloop
  endfacet
  facet normal 0 0 1
    outer loop
      vertex -61.849 62.2976 6.1
      vertex -62 62.9933 6.1
      vertex -61.8975 62.2904 6.1
    endloop
  endfacet
  facet normal -0 0 1
    outer loop
      vertex -62.2838 62.7828 6.1
      vertex -61.8975 62.2904 6.1
      vertex -62 62.9933 6.1
    endloop
  endfacet
  facet normal 0 0 1
    outer loop
      vertex -61.8975 62.2904 6.1
      vertex -62.2838 62.7828 6.1
      vertex -61.9451 62.2785 6.1
    endloop
  endfacet
  facet normal 0 0 1
    outer loop
      vertex -61.9451 62.2785 6.1
      vertex -62.2838 62.7828 6.1
      vertex -61.9913 62.2619 6.1
    endloop
  endfacet
  facet normal 0 0 1
    outer loop
      vertex -61.9913 62.2619 6.1
      vertex -62.2838 62.7828 6.1
      vertex -62.0357 62.241 6.1
    endloop
  endfacet
  facet normal 0 0 1
    outer loop
      vertex -62.0357 62.241 6.1
      vertex -62.2838 62.7828 6.1
      vertex -62.0778 62.2157 6.1
    endloop
  endfacet
  facet normal -0 0 1
    outer loop
      vertex -62.5456 62.5456 6.1
      vertex -62.0778 62.2157 6.1
      vertex -62.2838 62.7828 6.1
    endloop
  endfacet
  facet normal 0 0 1
    outer loop
      vertex -62.0778 62.2157 6.1
      vertex -62.5456 62.5456 6.1
      vertex -62.1172 62.1865 6.1
    endloop
  endfacet
  facet normal 0 0 1
    outer loop
      vertex -62.1172 62.1865 6.1
      vertex -62.5456 62.5456 6.1
      vertex -62.1536 62.1536 6.1
    endloop
  endfacet
  facet normal 0 0 1
    outer loop
      vertex -62.1536 62.1536 6.1
      vertex -62.5456 62.5456 6.1
      vertex -62.1865 62.1172 6.1
    endloop
  endfacet
  facet normal 0 0 1
    outer loop
      vertex -62.1865 62.1172 6.1
      vertex -62.5456 62.5456 6.1
      vertex -62.2157 62.0778 6.1
    endloop
  endfacet
  facet normal -0 0 1
    outer loop
      vertex -62.7828 62.2838 6.1
      vertex -62.2157 62.0778 6.1
      vertex -62.5456 62.5456 6.1
    endloop
  endfacet
  facet normal 0 0 1
    outer loop
      vertex -62.2157 62.0778 6.1
      vertex -62.7828 62.2838 6.1
      vertex -62.241 62.0357 6.1
    endloop
  endfacet
  facet normal 0 0 1
    outer loop
      vertex -62.241 62.0357 6.1
      vertex -62.7828 62.2838 6.1
      vertex -62.2619 61.9913 6.1
    endloop
  endfacet
  facet normal 0 0 1
    outer loop
      vertex -62.2619 61.9913 6.1
      vertex -62.7828 62.2838 6.1
      vertex -62.2785 61.9451 6.1
    endloop
  endfacet
  facet normal 0 0 1
    outer loop
      vertex -62.2785 61.9451 6.1
      vertex -62.7828 62.2838 6.1
      vertex -62.2904 61.8975 6.1
    endloop
  endfacet
  facet normal -0 0 1
    outer loop
      vertex -62.9933 62 6.1
      vertex -62.2904 61.8975 6.1
      vertex -62.7828 62.2838 6.1
    endloop
  endfacet
  facet normal 0 0 1
    outer loop
      vertex -62.2904 61.8975 6.1
      vertex -62.9933 62 6.1
      vertex -62.2976 61.849 6.1
    endloop
  endfacet
  facet normal 0 0 1
    outer loop
      vertex -62.2976 61.849 6.1
      vertex -62.9933 62 6.1
      vertex -62.3 61.8 6.1
    endloop
  endfacet
  facet normal 0 0 1
    outer loop
      vertex -62.3 61.8 6.1
      vertex -62.9933 62 6.1
      vertex -62.369 61.5828 6.1
    endloop
  endfacet
  facet normal 0 0 1
    outer loop
      vertex -62.369 61.5828 6.1
      vertex -62.9933 62 6.1
      vertex -62.5127 61.3431 6.1
    endloop
  endfacet
  facet normal -0 0 1
    outer loop
      vertex -63.1749 61.697 6.1
      vertex -62.5127 61.3431 6.1
      vertex -62.9933 62 6.1
    endloop
  endfacet
  facet normal 0 0 1
    outer loop
      vertex -62.5127 61.3431 6.1
      vertex -63.1749 61.697 6.1
      vertex -62.6322 61.0903 6.1
    endloop
  endfacet
  facet normal -0 0 1
    outer loop
      vertex -63.326 61.3777 6.1
      vertex -62.6322 61.0903 6.1
      vertex -63.1749 61.697 6.1
    endloop
  endfacet
  facet normal 0 0 1
    outer loop
      vertex -62.6322 61.0903 6.1
      vertex -63.326 61.3777 6.1
      vertex -62.7264 60.827 6.1
    endloop
  endfacet
  facet normal 0 0 1
    outer loop
      vertex -62.7264 60.827 6.1
      vertex -63.445 61.045 6.1
      vertex -62.7944 60.5558 6.1
    endloop
  endfacet
  facet normal -0 0 1
    outer loop
      vertex -63.445 61.045 6.1
      vertex -62.7264 60.827 6.1
      vertex -63.326 61.3777 6.1
    endloop
  endfacet
  facet normal 0 0 1
    outer loop
      vertex -62.2904 61.7025 6.1
      vertex -62.369 61.5828 6.1
      vertex -62.2878 61.6922 6.1
    endloop
  endfacet
  facet normal 0 0 1
    outer loop
      vertex -62.2976 61.751 6.1
      vertex -62.369 61.5828 6.1
      vertex -62.2904 61.7025 6.1
    endloop
  endfacet
  facet normal 0 0 1
    outer loop
      vertex -62.369 61.5828 6.1
      vertex -62.2976 61.751 6.1
      vertex -62.3 61.8 6.1
    endloop
  endfacet
  facet normal 0 0 1
    outer loop
      vertex -62.2976 -61.751 6.1
      vertex -62.369 -61.5828 6.1
      vertex -62.3 -61.8 6.1
    endloop
  endfacet
  facet normal 0 0 1
    outer loop
      vertex -62.2904 -61.7025 6.1
      vertex -62.369 -61.5828 6.1
      vertex -62.2976 -61.751 6.1
    endloop
  endfacet
  facet normal 0 0 1
    outer loop
      vertex -62.369 -61.5828 6.1
      vertex -62.2904 -61.7025 6.1
      vertex -62.2878 -61.6922 6.1
    endloop
  endfacet
  facet normal -0 0 1
    outer loop
      vertex -59.9815 -62.85 6.1
      vertex -8.61246 -63.3874 6.1
      vertex -8.42016 -62.85 6.1
    endloop
  endfacet
  facet normal 0 0 1
    outer loop
      vertex -59.9815 -62.85 6.1
      vertex -8.6657 -63.6 6.1
      vertex -8.61246 -63.3874 6.1
    endloop
  endfacet
  facet normal 0 0 1
    outer loop
      vertex -59.9815 -62.85 6.1
      vertex -60 -63.6 6.1
      vertex -8.6657 -63.6 6.1
    endloop
  endfacet
  facet normal 0 0 1
    outer loop
      vertex -60.2793 -62.8354 6.1
      vertex -60 -63.6 6.1
      vertex -59.9815 -62.85 6.1
    endloop
  endfacet
  facet normal 0 0 1
    outer loop
      vertex -60.2793 -62.8354 6.1
      vertex -60.3529 -63.5827 6.1
      vertex -60 -63.6 6.1
    endloop
  endfacet
  facet normal 0 0 1
    outer loop
      vertex -60.5558 -62.7944 6.1
      vertex -60.3529 -63.5827 6.1
      vertex -60.2793 -62.8354 6.1
    endloop
  endfacet
  facet normal 0 0 1
    outer loop
      vertex -60.5558 -62.7944 6.1
      vertex -60.7023 -63.5308 6.1
      vertex -60.3529 -63.5827 6.1
    endloop
  endfacet
  facet normal 0 0 1
    outer loop
      vertex -60.827 -62.7264 6.1
      vertex -60.7023 -63.5308 6.1
      vertex -60.5558 -62.7944 6.1
    endloop
  endfacet
  facet normal 0 0 1
    outer loop
      vertex -60.827 -62.7264 6.1
      vertex -61.045 -63.445 6.1
      vertex -60.7023 -63.5308 6.1
    endloop
  endfacet
  facet normal 0 0 1
    outer loop
      vertex -61.0903 -62.6322 6.1
      vertex -61.045 -63.445 6.1
      vertex -60.827 -62.7264 6.1
    endloop
  endfacet
  facet normal 0 0 1
    outer loop
      vertex -61.3777 -63.326 6.1
      vertex -61.0903 -62.6322 6.1
      vertex -61.3431 -62.5127 6.1
    endloop
  endfacet
  facet normal 0 0 1
    outer loop
      vertex -61.0903 -62.6322 6.1
      vertex -61.3777 -63.326 6.1
      vertex -61.045 -63.445 6.1
    endloop
  endfacet
  facet normal 0 0 1
    outer loop
      vertex -61.697 -63.1749 6.1
      vertex -61.3431 -62.5127 6.1
      vertex -61.5828 -62.369 6.1
    endloop
  endfacet
  facet normal -0 0 1
    outer loop
      vertex -61.7025 -62.2904 6.1
      vertex -61.5828 -62.369 6.1
      vertex -61.6922 -62.2878 6.1
    endloop
  endfacet
  facet normal 0 0 1
    outer loop
      vertex -61.3431 -62.5127 6.1
      vertex -61.697 -63.1749 6.1
      vertex -61.3777 -63.326 6.1
    endloop
  endfacet
  facet normal -0 0 1
    outer loop
      vertex -61.751 -62.2976 6.1
      vertex -61.5828 -62.369 6.1
      vertex -61.7025 -62.2904 6.1
    endloop
  endfacet
  facet normal -0 0 1
    outer loop
      vertex -61.8 -62.3 6.1
      vertex -61.5828 -62.369 6.1
      vertex -61.751 -62.2976 6.1
    endloop
  endfacet
  facet normal 0 0 1
    outer loop
      vertex -61.5828 -62.369 6.1
      vertex -61.8 -62.3 6.1
      vertex -62 -62.9933 6.1
    endloop
  endfacet
  facet normal 0 0 1
    outer loop
      vertex -62 -62.9933 6.1
      vertex -61.8 -62.3 6.1
      vertex -61.849 -62.2976 6.1
    endloop
  endfacet
  facet normal 0 0 1
    outer loop
      vertex -62 -62.9933 6.1
      vertex -61.849 -62.2976 6.1
      vertex -61.8975 -62.2904 6.1
    endloop
  endfacet
  facet normal 0 0 1
    outer loop
      vertex -62.2838 -62.7828 6.1
      vertex -61.8975 -62.2904 6.1
      vertex -61.9451 -62.2785 6.1
    endloop
  endfacet
  facet normal 0 0 1
    outer loop
      vertex -62.2838 -62.7828 6.1
      vertex -61.9451 -62.2785 6.1
      vertex -61.9913 -62.2619 6.1
    endloop
  endfacet
  facet normal 0 0 1
    outer loop
      vertex -61.5828 -62.369 6.1
      vertex -62 -62.9933 6.1
      vertex -61.697 -63.1749 6.1
    endloop
  endfacet
  facet normal 0 0 1
    outer loop
      vertex -62.2838 -62.7828 6.1
      vertex -61.9913 -62.2619 6.1
      vertex -62.0357 -62.241 6.1
    endloop
  endfacet
  facet normal 0 0 1
    outer loop
      vertex -62.2838 -62.7828 6.1
      vertex -62.0357 -62.241 6.1
      vertex -62.0778 -62.2157 6.1
    endloop
  endfacet
  facet normal 0 0 1
    outer loop
      vertex -62.5456 -62.5456 6.1
      vertex -62.0778 -62.2157 6.1
      vertex -62.1172 -62.1865 6.1
    endloop
  endfacet
  facet normal 0 0 1
    outer loop
      vertex -62.5456 -62.5456 6.1
      vertex -62.1172 -62.1865 6.1
      vertex -62.1536 -62.1536 6.1
    endloop
  endfacet
  facet normal 0 0 1
    outer loop
      vertex -62.5456 -62.5456 6.1
      vertex -62.1536 -62.1536 6.1
      vertex -62.1865 -62.1172 6.1
    endloop
  endfacet
  facet normal 0 0 1
    outer loop
      vertex -62.5456 -62.5456 6.1
      vertex -62.1865 -62.1172 6.1
      vertex -62.2157 -62.0778 6.1
    endloop
  endfacet
  facet normal 0 0 1
    outer loop
      vertex -62.7828 -62.2838 6.1
      vertex -62.2157 -62.0778 6.1
      vertex -62.241 -62.0357 6.1
    endloop
  endfacet
  facet normal 0 0 1
    outer loop
      vertex -62.7828 -62.2838 6.1
      vertex -62.241 -62.0357 6.1
      vertex -62.2619 -61.9913 6.1
    endloop
  endfacet
  facet normal 0 0 1
    outer loop
      vertex -62.7828 -62.2838 6.1
      vertex -62.2619 -61.9913 6.1
      vertex -62.2785 -61.9451 6.1
    endloop
  endfacet
  facet normal 0 0 1
    outer loop
      vertex -61.8975 -62.2904 6.1
      vertex -62.2838 -62.7828 6.1
      vertex -62 -62.9933 6.1
    endloop
  endfacet
  facet normal 0 0 1
    outer loop
      vertex -62.7828 -62.2838 6.1
      vertex -62.2785 -61.9451 6.1
      vertex -62.2904 -61.8975 6.1
    endloop
  endfacet
  facet normal 0 0 1
    outer loop
      vertex -62.9933 -62 6.1
      vertex -62.2904 -61.8975 6.1
      vertex -62.2976 -61.849 6.1
    endloop
  endfacet
  facet normal 0 0 1
    outer loop
      vertex -62.9933 -62 6.1
      vertex -62.2976 -61.849 6.1
      vertex -62.3 -61.8 6.1
    endloop
  endfacet
  facet normal 0 0 1
    outer loop
      vertex -62.9933 -62 6.1
      vertex -62.3 -61.8 6.1
      vertex -62.369 -61.5828 6.1
    endloop
  endfacet
  facet normal 0 0 1
    outer loop
      vertex -62.9933 -62 6.1
      vertex -62.369 -61.5828 6.1
      vertex -62.5127 -61.3431 6.1
    endloop
  endfacet
  facet normal 0 0 1
    outer loop
      vertex -62.0778 -62.2157 6.1
      vertex -62.5456 -62.5456 6.1
      vertex -62.2838 -62.7828 6.1
    endloop
  endfacet
  facet normal 0 0 1
    outer loop
      vertex -63.1749 -61.697 6.1
      vertex -62.5127 -61.3431 6.1
      vertex -62.6322 -61.0903 6.1
    endloop
  endfacet
  facet normal 0 0 1
    outer loop
      vertex -63.326 -61.3777 6.1
      vertex -62.6322 -61.0903 6.1
      vertex -62.7264 -60.827 6.1
    endloop
  endfacet
  facet normal 0 0 1
    outer loop
      vertex -62.2157 -62.0778 6.1
      vertex -62.7828 -62.2838 6.1
      vertex -62.5456 -62.5456 6.1
    endloop
  endfacet
  facet normal 0 0 1
    outer loop
      vertex -63.445 -61.045 6.1
      vertex -62.7264 -60.827 6.1
      vertex -62.7944 -60.5558 6.1
    endloop
  endfacet
  facet normal 0 0 1
    outer loop
      vertex -63.5308 -60.7023 6.1
      vertex -62.7944 -60.5558 6.1
      vertex -62.8354 -60.2793 6.1
    endloop
  endfacet
  facet normal -0 0 1
    outer loop
      vertex -63.6 -60 6.1
      vertex -62.8354 -60.2793 6.1
      vertex -62.85 -59.9815 6.1
    endloop
  endfacet
  facet normal 0 0 1
    outer loop
      vertex -62.2904 -61.8975 6.1
      vertex -62.9933 -62 6.1
      vertex -62.7828 -62.2838 6.1
    endloop
  endfacet
  facet normal 0 0 1
    outer loop
      vertex -62.85 59.9815 6.1
      vertex -63.6 60 6.1
      vertex -62.85 -59.9815 6.1
    endloop
  endfacet
  facet normal -0 0 1
    outer loop
      vertex -63.5308 60.7023 6.1
      vertex -62.7944 60.5558 6.1
      vertex -63.445 61.045 6.1
    endloop
  endfacet
  facet normal 0 0 1
    outer loop
      vertex -63.6 -60 6.1
      vertex -62.85 -59.9815 6.1
      vertex -63.6 60 6.1
    endloop
  endfacet
  facet normal 0 0 1
    outer loop
      vertex -62.7944 60.5558 6.1
      vertex -63.5308 60.7023 6.1
      vertex -62.8354 60.2793 6.1
    endloop
  endfacet
  facet normal 0 0 1
    outer loop
      vertex -62.8354 -60.2793 6.1
      vertex -63.6 -60 6.1
      vertex -63.5827 -60.3529 6.1
    endloop
  endfacet
  facet normal -0 0 1
    outer loop
      vertex -63.5827 60.3529 6.1
      vertex -62.8354 60.2793 6.1
      vertex -63.5308 60.7023 6.1
    endloop
  endfacet
  facet normal 0 0 1
    outer loop
      vertex -62.5127 -61.3431 6.1
      vertex -63.1749 -61.697 6.1
      vertex -62.9933 -62 6.1
    endloop
  endfacet
  facet normal 0 0 1
    outer loop
      vertex -63.6 60 6.1
      vertex -62.8354 60.2793 6.1
      vertex -63.5827 60.3529 6.1
    endloop
  endfacet
  facet normal 0 0 1
    outer loop
      vertex -62.6322 -61.0903 6.1
      vertex -63.326 -61.3777 6.1
      vertex -63.1749 -61.697 6.1
    endloop
  endfacet
  facet normal 0 0 1
    outer loop
      vertex -62.8354 60.2793 6.1
      vertex -63.6 60 6.1
      vertex -62.85 59.9815 6.1
    endloop
  endfacet
  facet normal 0 0 1
    outer loop
      vertex -62.7264 -60.827 6.1
      vertex -63.445 -61.045 6.1
      vertex -63.326 -61.3777 6.1
    endloop
  endfacet
  facet normal 0 0 1
    outer loop
      vertex -62.7944 -60.5558 6.1
      vertex -63.5308 -60.7023 6.1
      vertex -63.445 -61.045 6.1
    endloop
  endfacet
  facet normal 0 0 1
    outer loop
      vertex -62.8354 -60.2793 6.1
      vertex -63.5827 -60.3529 6.1
      vertex -63.5308 -60.7023 6.1
    endloop
  endfacet
  facet normal 0.0489674 0.9988 -0
    outer loop
      vertex -59.9815 -62.85 4.5
      vertex -60.2793 -62.8354 6.1
      vertex -59.9815 -62.85 6.1
    endloop
  endfacet
  facet normal 0.0489674 0.9988 0
    outer loop
      vertex -60.2793 -62.8354 6.1
      vertex -59.9815 -62.85 4.5
      vertex -60.2793 -62.8354 4.5
    endloop
  endfacet
  facet normal 0.146678 0.989184 -0
    outer loop
      vertex -60.2793 -62.8354 4.5
      vertex -60.5558 -62.7944 6.1
      vertex -60.2793 -62.8354 6.1
    endloop
  endfacet
  facet normal 0.146678 0.989184 0
    outer loop
      vertex -60.5558 -62.7944 6.1
      vertex -60.2793 -62.8354 4.5
      vertex -60.5558 -62.7944 4.5
    endloop
  endfacet
  facet normal 0.243209 0.969974 -0
    outer loop
      vertex -60.5558 -62.7944 4.5
      vertex -60.827 -62.7264 6.1
      vertex -60.5558 -62.7944 6.1
    endloop
  endfacet
  facet normal 0.243209 0.969974 0
    outer loop
      vertex -60.827 -62.7264 6.1
      vertex -60.5558 -62.7944 4.5
      vertex -60.827 -62.7264 4.5
    endloop
  endfacet
  facet normal 0.336857 0.941556 -0
    outer loop
      vertex -60.827 -62.7264 4.5
      vertex -61.0903 -62.6322 6.1
      vertex -60.827 -62.7264 6.1
    endloop
  endfacet
  facet normal 0.336857 0.941556 0
    outer loop
      vertex -61.0903 -62.6322 6.1
      vertex -60.827 -62.7264 4.5
      vertex -61.0903 -62.6322 4.5
    endloop
  endfacet
  facet normal 0.427364 0.90408 -0
    outer loop
      vertex -61.0903 -62.6322 4.5
      vertex -61.3431 -62.5127 6.1
      vertex -61.0903 -62.6322 6.1
    endloop
  endfacet
  facet normal 0.427364 0.90408 0
    outer loop
      vertex -61.3431 -62.5127 6.1
      vertex -61.0903 -62.6322 4.5
      vertex -61.3431 -62.5127 4.5
    endloop
  endfacet
  facet normal 0.51418 0.857682 -0
    outer loop
      vertex -61.3431 -62.5127 4.5
      vertex -61.5828 -62.369 6.1
      vertex -61.3431 -62.5127 6.1
    endloop
  endfacet
  facet normal 0.51418 0.857682 0
    outer loop
      vertex -61.5828 -62.369 6.1
      vertex -61.3431 -62.5127 4.5
      vertex -61.5828 -62.369 4.5
    endloop
  endfacet
  facet normal 0.596 0.802985 -0
    outer loop
      vertex -61.5828 -62.369 4.5
      vertex -61.6922 -62.2878 6.1
      vertex -61.5828 -62.369 6.1
    endloop
  endfacet
  facet normal 0.596 0.802985 0
    outer loop
      vertex -61.6922 -62.2878 6.1
      vertex -61.5828 -62.369 4.5
      vertex -61.6922 -62.2878 4.5
    endloop
  endfacet
  facet normal 0.802985 0.596 0
    outer loop
      vertex -62.2878 -61.6922 6.1
      vertex -62.369 -61.5828 4.5
      vertex -62.369 -61.5828 6.1
    endloop
  endfacet
  facet normal 0.802985 0.596 0
    outer loop
      vertex -62.369 -61.5828 4.5
      vertex -62.2878 -61.6922 6.1
      vertex -62.2878 -61.6922 4.5
    endloop
  endfacet
  facet normal 0.857682 0.51418 0
    outer loop
      vertex -62.369 -61.5828 6.1
      vertex -62.5127 -61.3431 4.5
      vertex -62.5127 -61.3431 6.1
    endloop
  endfacet
  facet normal 0.857682 0.51418 0
    outer loop
      vertex -62.5127 -61.3431 4.5
      vertex -62.369 -61.5828 6.1
      vertex -62.369 -61.5828 4.5
    endloop
  endfacet
  facet normal 0.90408 0.427364 0
    outer loop
      vertex -62.5127 -61.3431 6.1
      vertex -62.6322 -61.0903 4.5
      vertex -62.6322 -61.0903 6.1
    endloop
  endfacet
  facet normal 0.90408 0.427364 0
    outer loop
      vertex -62.6322 -61.0903 4.5
      vertex -62.5127 -61.3431 6.1
      vertex -62.5127 -61.3431 4.5
    endloop
  endfacet
  facet normal 0.941556 0.336857 0
    outer loop
      vertex -62.6322 -61.0903 6.1
      vertex -62.7264 -60.827 4.5
      vertex -62.7264 -60.827 6.1
    endloop
  endfacet
  facet normal 0.941556 0.336857 0
    outer loop
      vertex -62.7264 -60.827 4.5
      vertex -62.6322 -61.0903 6.1
      vertex -62.6322 -61.0903 4.5
    endloop
  endfacet
  facet normal 0.969974 0.243209 0
    outer loop
      vertex -62.7264 -60.827 6.1
      vertex -62.7944 -60.5558 4.5
      vertex -62.7944 -60.5558 6.1
    endloop
  endfacet
  facet normal 0.969974 0.243209 0
    outer loop
      vertex -62.7944 -60.5558 4.5
      vertex -62.7264 -60.827 6.1
      vertex -62.7264 -60.827 4.5
    endloop
  endfacet
  facet normal 0.989184 0.146678 0
    outer loop
      vertex -62.7944 -60.5558 6.1
      vertex -62.8354 -60.2793 4.5
      vertex -62.8354 -60.2793 6.1
    endloop
  endfacet
  facet normal 0.989184 0.146678 0
    outer loop
      vertex -62.8354 -60.2793 4.5
      vertex -62.7944 -60.5558 6.1
      vertex -62.7944 -60.5558 4.5
    endloop
  endfacet
  facet normal 0.9988 0.0489674 0
    outer loop
      vertex -62.8354 -60.2793 6.1
      vertex -62.85 -59.9815 4.5
      vertex -62.85 -59.9815 6.1
    endloop
  endfacet
  facet normal 0.9988 0.0489674 0
    outer loop
      vertex -62.85 -59.9815 4.5
      vertex -62.8354 -60.2793 6.1
      vertex -62.8354 -60.2793 4.5
    endloop
  endfacet
  facet normal 1 -0 0
    outer loop
      vertex -62.85 -59.9815 6.1
      vertex -62.85 59.9815 4.5
      vertex -62.85 59.9815 6.1
    endloop
  endfacet
  facet normal 1 0 0
    outer loop
      vertex -62.85 59.9815 4.5
      vertex -62.85 -59.9815 6.1
      vertex -62.85 -59.9815 4.5
    endloop
  endfacet
  facet normal 0.9988 -0.0489674 0
    outer loop
      vertex -62.85 59.9815 6.1
      vertex -62.8354 60.2793 4.5
      vertex -62.8354 60.2793 6.1
    endloop
  endfacet
  facet normal 0.9988 -0.0489674 0
    outer loop
      vertex -62.8354 60.2793 4.5
      vertex -62.85 59.9815 6.1
      vertex -62.85 59.9815 4.5
    endloop
  endfacet
  facet normal 0.989184 -0.146678 0
    outer loop
      vertex -62.8354 60.2793 6.1
      vertex -62.7944 60.5558 4.5
      vertex -62.7944 60.5558 6.1
    endloop
  endfacet
  facet normal 0.989184 -0.146678 0
    outer loop
      vertex -62.7944 60.5558 4.5
      vertex -62.8354 60.2793 6.1
      vertex -62.8354 60.2793 4.5
    endloop
  endfacet
  facet normal 0.969974 -0.243209 0
    outer loop
      vertex -62.7944 60.5558 6.1
      vertex -62.7264 60.827 4.5
      vertex -62.7264 60.827 6.1
    endloop
  endfacet
  facet normal 0.969974 -0.243209 0
    outer loop
      vertex -62.7264 60.827 4.5
      vertex -62.7944 60.5558 6.1
      vertex -62.7944 60.5558 4.5
    endloop
  endfacet
  facet normal 0.941556 -0.336857 0
    outer loop
      vertex -62.7264 60.827 6.1
      vertex -62.6322 61.0903 4.5
      vertex -62.6322 61.0903 6.1
    endloop
  endfacet
  facet normal 0.941556 -0.336857 0
    outer loop
      vertex -62.6322 61.0903 4.5
      vertex -62.7264 60.827 6.1
      vertex -62.7264 60.827 4.5
    endloop
  endfacet
  facet normal 0.90408 -0.427364 0
    outer loop
      vertex -62.6322 61.0903 6.1
      vertex -62.5127 61.3431 4.5
      vertex -62.5127 61.3431 6.1
    endloop
  endfacet
  facet normal 0.90408 -0.427364 0
    outer loop
      vertex -62.5127 61.3431 4.5
      vertex -62.6322 61.0903 6.1
      vertex -62.6322 61.0903 4.5
    endloop
  endfacet
  facet normal 0.857682 -0.51418 0
    outer loop
      vertex -62.5127 61.3431 6.1
      vertex -62.369 61.5828 4.5
      vertex -62.369 61.5828 6.1
    endloop
  endfacet
  facet normal 0.857682 -0.51418 0
    outer loop
      vertex -62.369 61.5828 4.5
      vertex -62.5127 61.3431 6.1
      vertex -62.5127 61.3431 4.5
    endloop
  endfacet
  facet normal 0.802985 -0.596 0
    outer loop
      vertex -62.369 61.5828 6.1
      vertex -62.2878 61.6922 4.5
      vertex -62.2878 61.6922 6.1
    endloop
  endfacet
  facet normal 0.802985 -0.596 0
    outer loop
      vertex -62.2878 61.6922 4.5
      vertex -62.369 61.5828 6.1
      vertex -62.369 61.5828 4.5
    endloop
  endfacet
  facet normal 0.596 -0.802985 0
    outer loop
      vertex -61.6922 62.2878 4.5
      vertex -61.5828 62.369 6.1
      vertex -61.6922 62.2878 6.1
    endloop
  endfacet
  facet normal 0.596 -0.802985 0
    outer loop
      vertex -61.5828 62.369 6.1
      vertex -61.6922 62.2878 4.5
      vertex -61.5828 62.369 4.5
    endloop
  endfacet
  facet normal 0.51418 -0.857682 0
    outer loop
      vertex -61.5828 62.369 4.5
      vertex -61.3431 62.5127 6.1
      vertex -61.5828 62.369 6.1
    endloop
  endfacet
  facet normal 0.51418 -0.857682 0
    outer loop
      vertex -61.3431 62.5127 6.1
      vertex -61.5828 62.369 4.5
      vertex -61.3431 62.5127 4.5
    endloop
  endfacet
  facet normal 0.427364 -0.90408 0
    outer loop
      vertex -61.3431 62.5127 4.5
      vertex -61.0903 62.6322 6.1
      vertex -61.3431 62.5127 6.1
    endloop
  endfacet
  facet normal 0.427364 -0.90408 0
    outer loop
      vertex -61.0903 62.6322 6.1
      vertex -61.3431 62.5127 4.5
      vertex -61.0903 62.6322 4.5
    endloop
  endfacet
  facet normal 0.336857 -0.941556 0
    outer loop
      vertex -61.0903 62.6322 4.5
      vertex -60.827 62.7264 6.1
      vertex -61.0903 62.6322 6.1
    endloop
  endfacet
  facet normal 0.336857 -0.941556 0
    outer loop
      vertex -60.827 62.7264 6.1
      vertex -61.0903 62.6322 4.5
      vertex -60.827 62.7264 4.5
    endloop
  endfacet
  facet normal 0.243209 -0.969974 0
    outer loop
      vertex -60.827 62.7264 4.5
      vertex -60.5558 62.7944 6.1
      vertex -60.827 62.7264 6.1
    endloop
  endfacet
  facet normal 0.243209 -0.969974 0
    outer loop
      vertex -60.5558 62.7944 6.1
      vertex -60.827 62.7264 4.5
      vertex -60.5558 62.7944 4.5
    endloop
  endfacet
  facet normal 0.146678 -0.989184 0
    outer loop
      vertex -60.5558 62.7944 4.5
      vertex -60.2793 62.8354 6.1
      vertex -60.5558 62.7944 6.1
    endloop
  endfacet
  facet normal 0.146678 -0.989184 0
    outer loop
      vertex -60.2793 62.8354 6.1
      vertex -60.5558 62.7944 4.5
      vertex -60.2793 62.8354 4.5
    endloop
  endfacet
  facet normal 0.0489674 -0.9988 0
    outer loop
      vertex -60.2793 62.8354 4.5
      vertex -59.9815 62.85 6.1
      vertex -60.2793 62.8354 6.1
    endloop
  endfacet
  facet normal 0.0489674 -0.9988 0
    outer loop
      vertex -59.9815 62.85 6.1
      vertex -60.2793 62.8354 4.5
      vertex -59.9815 62.85 4.5
    endloop
  endfacet
  facet normal 0 -1 0
    outer loop
      vertex 8.42016 62.85 4.5
      vertex 59.9815 62.85 6.1
      vertex 8.42016 62.85 6.1
    endloop
  endfacet
  facet normal 0 -1 -0
    outer loop
      vertex 59.9815 62.85 6.1
      vertex 8.42016 62.85 4.5
      vertex 59.9815 62.85 4.5
    endloop
  endfacet
  facet normal 0 -1 0
    outer loop
      vertex -59.9815 62.85 4.5
      vertex -8.42016 62.85 6.1
      vertex -59.9815 62.85 6.1
    endloop
  endfacet
  facet normal 0 -1 -0
    outer loop
      vertex -8.42016 62.85 6.1
      vertex -59.9815 62.85 4.5
      vertex -8.42016 62.85 4.5
    endloop
  endfacet
  facet normal -0.0489674 -0.9988 0
    outer loop
      vertex 59.9815 62.85 4.5
      vertex 60.2793 62.8354 6.1
      vertex 59.9815 62.85 6.1
    endloop
  endfacet
  facet normal -0.0489674 -0.9988 -0
    outer loop
      vertex 60.2793 62.8354 6.1
      vertex 59.9815 62.85 4.5
      vertex 60.2793 62.8354 4.5
    endloop
  endfacet
  facet normal -0.146678 -0.989184 0
    outer loop
      vertex 60.2793 62.8354 4.5
      vertex 60.5558 62.7944 6.1
      vertex 60.2793 62.8354 6.1
    endloop
  endfacet
  facet normal -0.146678 -0.989184 -0
    outer loop
      vertex 60.5558 62.7944 6.1
      vertex 60.2793 62.8354 4.5
      vertex 60.5558 62.7944 4.5
    endloop
  endfacet
  facet normal -0.243209 -0.969974 0
    outer loop
      vertex 60.5558 62.7944 4.5
      vertex 60.827 62.7264 6.1
      vertex 60.5558 62.7944 6.1
    endloop
  endfacet
  facet normal -0.243209 -0.969974 -0
    outer loop
      vertex 60.827 62.7264 6.1
      vertex 60.5558 62.7944 4.5
      vertex 60.827 62.7264 4.5
    endloop
  endfacet
  facet normal -0.336857 -0.941556 0
    outer loop
      vertex 60.827 62.7264 4.5
      vertex 61.0903 62.6322 6.1
      vertex 60.827 62.7264 6.1
    endloop
  endfacet
  facet normal -0.336857 -0.941556 -0
    outer loop
      vertex 61.0903 62.6322 6.1
      vertex 60.827 62.7264 4.5
      vertex 61.0903 62.6322 4.5
    endloop
  endfacet
  facet normal -0.427364 -0.90408 0
    outer loop
      vertex 61.0903 62.6322 4.5
      vertex 61.3431 62.5127 6.1
      vertex 61.0903 62.6322 6.1
    endloop
  endfacet
  facet normal -0.427364 -0.90408 -0
    outer loop
      vertex 61.3431 62.5127 6.1
      vertex 61.0903 62.6322 4.5
      vertex 61.3431 62.5127 4.5
    endloop
  endfacet
  facet normal -0.51418 -0.857682 0
    outer loop
      vertex 61.3431 62.5127 4.5
      vertex 61.5828 62.369 6.1
      vertex 61.3431 62.5127 6.1
    endloop
  endfacet
  facet normal -0.51418 -0.857682 -0
    outer loop
      vertex 61.5828 62.369 6.1
      vertex 61.3431 62.5127 4.5
      vertex 61.5828 62.369 4.5
    endloop
  endfacet
  facet normal -0.596 -0.802985 0
    outer loop
      vertex 61.5828 62.369 4.5
      vertex 61.6922 62.2878 6.1
      vertex 61.5828 62.369 6.1
    endloop
  endfacet
  facet normal -0.596 -0.802985 -0
    outer loop
      vertex 61.6922 62.2878 6.1
      vertex 61.5828 62.369 4.5
      vertex 61.6922 62.2878 4.5
    endloop
  endfacet
  facet normal -0.802985 -0.596 0
    outer loop
      vertex 62.369 61.5828 4.5
      vertex 62.2878 61.6922 6.1
      vertex 62.2878 61.6922 4.5
    endloop
  endfacet
  facet normal -0.802985 -0.596 0
    outer loop
      vertex 62.2878 61.6922 6.1
      vertex 62.369 61.5828 4.5
      vertex 62.369 61.5828 6.1
    endloop
  endfacet
  facet normal -0.857682 -0.51418 0
    outer loop
      vertex 62.5127 61.3431 4.5
      vertex 62.369 61.5828 6.1
      vertex 62.369 61.5828 4.5
    endloop
  endfacet
  facet normal -0.857682 -0.51418 0
    outer loop
      vertex 62.369 61.5828 6.1
      vertex 62.5127 61.3431 4.5
      vertex 62.5127 61.3431 6.1
    endloop
  endfacet
  facet normal -0.90408 -0.427364 0
    outer loop
      vertex 62.6322 61.0903 4.5
      vertex 62.5127 61.3431 6.1
      vertex 62.5127 61.3431 4.5
    endloop
  endfacet
  facet normal -0.90408 -0.427364 0
    outer loop
      vertex 62.5127 61.3431 6.1
      vertex 62.6322 61.0903 4.5
      vertex 62.6322 61.0903 6.1
    endloop
  endfacet
  facet normal -0.941556 -0.336857 0
    outer loop
      vertex 62.7264 60.827 4.5
      vertex 62.6322 61.0903 6.1
      vertex 62.6322 61.0903 4.5
    endloop
  endfacet
  facet normal -0.941556 -0.336857 0
    outer loop
      vertex 62.6322 61.0903 6.1
      vertex 62.7264 60.827 4.5
      vertex 62.7264 60.827 6.1
    endloop
  endfacet
  facet normal -0.969974 -0.243209 0
    outer loop
      vertex 62.7944 60.5558 4.5
      vertex 62.7264 60.827 6.1
      vertex 62.7264 60.827 4.5
    endloop
  endfacet
  facet normal -0.969974 -0.243209 0
    outer loop
      vertex 62.7264 60.827 6.1
      vertex 62.7944 60.5558 4.5
      vertex 62.7944 60.5558 6.1
    endloop
  endfacet
  facet normal -0.989184 -0.146678 0
    outer loop
      vertex 62.8354 60.2793 4.5
      vertex 62.7944 60.5558 6.1
      vertex 62.7944 60.5558 4.5
    endloop
  endfacet
  facet normal -0.989184 -0.146678 0
    outer loop
      vertex 62.7944 60.5558 6.1
      vertex 62.8354 60.2793 4.5
      vertex 62.8354 60.2793 6.1
    endloop
  endfacet
  facet normal -0.9988 -0.0489674 0
    outer loop
      vertex 62.85 59.9815 4.5
      vertex 62.8354 60.2793 6.1
      vertex 62.8354 60.2793 4.5
    endloop
  endfacet
  facet normal -0.9988 -0.0489674 0
    outer loop
      vertex 62.8354 60.2793 6.1
      vertex 62.85 59.9815 4.5
      vertex 62.85 59.9815 6.1
    endloop
  endfacet
  facet normal -1 0 0
    outer loop
      vertex 62.85 -59.9815 4.5
      vertex 62.85 59.9815 6.1
      vertex 62.85 59.9815 4.5
    endloop
  endfacet
  facet normal -1 -0 0
    outer loop
      vertex 62.85 59.9815 6.1
      vertex 62.85 -59.9815 4.5
      vertex 62.85 -59.9815 6.1
    endloop
  endfacet
  facet normal -0.9988 0.0489674 0
    outer loop
      vertex 62.8354 -60.2793 4.5
      vertex 62.85 -59.9815 6.1
      vertex 62.85 -59.9815 4.5
    endloop
  endfacet
  facet normal -0.9988 0.0489674 0
    outer loop
      vertex 62.85 -59.9815 6.1
      vertex 62.8354 -60.2793 4.5
      vertex 62.8354 -60.2793 6.1
    endloop
  endfacet
  facet normal -0.989184 0.146678 0
    outer loop
      vertex 62.7944 -60.5558 4.5
      vertex 62.8354 -60.2793 6.1
      vertex 62.8354 -60.2793 4.5
    endloop
  endfacet
  facet normal -0.989184 0.146678 0
    outer loop
      vertex 62.8354 -60.2793 6.1
      vertex 62.7944 -60.5558 4.5
      vertex 62.7944 -60.5558 6.1
    endloop
  endfacet
  facet normal -0.969974 0.243209 0
    outer loop
      vertex 62.7264 -60.827 4.5
      vertex 62.7944 -60.5558 6.1
      vertex 62.7944 -60.5558 4.5
    endloop
  endfacet
  facet normal -0.969974 0.243209 0
    outer loop
      vertex 62.7944 -60.5558 6.1
      vertex 62.7264 -60.827 4.5
      vertex 62.7264 -60.827 6.1
    endloop
  endfacet
  facet normal -0.941556 0.336857 0
    outer loop
      vertex 62.6322 -61.0903 4.5
      vertex 62.7264 -60.827 6.1
      vertex 62.7264 -60.827 4.5
    endloop
  endfacet
  facet normal -0.941556 0.336857 0
    outer loop
      vertex 62.7264 -60.827 6.1
      vertex 62.6322 -61.0903 4.5
      vertex 62.6322 -61.0903 6.1
    endloop
  endfacet
  facet normal -0.90408 0.427364 0
    outer loop
      vertex 62.5127 -61.3431 4.5
      vertex 62.6322 -61.0903 6.1
      vertex 62.6322 -61.0903 4.5
    endloop
  endfacet
  facet normal -0.90408 0.427364 0
    outer loop
      vertex 62.6322 -61.0903 6.1
      vertex 62.5127 -61.3431 4.5
      vertex 62.5127 -61.3431 6.1
    endloop
  endfacet
  facet normal -0.857682 0.51418 0
    outer loop
      vertex 62.369 -61.5828 4.5
      vertex 62.5127 -61.3431 6.1
      vertex 62.5127 -61.3431 4.5
    endloop
  endfacet
  facet normal -0.857682 0.51418 0
    outer loop
      vertex 62.5127 -61.3431 6.1
      vertex 62.369 -61.5828 4.5
      vertex 62.369 -61.5828 6.1
    endloop
  endfacet
  facet normal -0.802985 0.596 0
    outer loop
      vertex 62.2878 -61.6922 4.5
      vertex 62.369 -61.5828 6.1
      vertex 62.369 -61.5828 4.5
    endloop
  endfacet
  facet normal -0.802985 0.596 0
    outer loop
      vertex 62.369 -61.5828 6.1
      vertex 62.2878 -61.6922 4.5
      vertex 62.2878 -61.6922 6.1
    endloop
  endfacet
  facet normal -0.596 0.802985 0
    outer loop
      vertex 61.6922 -62.2878 4.5
      vertex 61.5828 -62.369 6.1
      vertex 61.6922 -62.2878 6.1
    endloop
  endfacet
  facet normal -0.596 0.802985 0
    outer loop
      vertex 61.5828 -62.369 6.1
      vertex 61.6922 -62.2878 4.5
      vertex 61.5828 -62.369 4.5
    endloop
  endfacet
  facet normal -0.51418 0.857682 0
    outer loop
      vertex 61.5828 -62.369 4.5
      vertex 61.3431 -62.5127 6.1
      vertex 61.5828 -62.369 6.1
    endloop
  endfacet
  facet normal -0.51418 0.857682 0
    outer loop
      vertex 61.3431 -62.5127 6.1
      vertex 61.5828 -62.369 4.5
      vertex 61.3431 -62.5127 4.5
    endloop
  endfacet
  facet normal -0.427364 0.90408 0
    outer loop
      vertex 61.3431 -62.5127 4.5
      vertex 61.0903 -62.6322 6.1
      vertex 61.3431 -62.5127 6.1
    endloop
  endfacet
  facet normal -0.427364 0.90408 0
    outer loop
      vertex 61.0903 -62.6322 6.1
      vertex 61.3431 -62.5127 4.5
      vertex 61.0903 -62.6322 4.5
    endloop
  endfacet
  facet normal -0.336857 0.941556 0
    outer loop
      vertex 61.0903 -62.6322 4.5
      vertex 60.827 -62.7264 6.1
      vertex 61.0903 -62.6322 6.1
    endloop
  endfacet
  facet normal -0.336857 0.941556 0
    outer loop
      vertex 60.827 -62.7264 6.1
      vertex 61.0903 -62.6322 4.5
      vertex 60.827 -62.7264 4.5
    endloop
  endfacet
  facet normal -0.243209 0.969974 0
    outer loop
      vertex 60.827 -62.7264 4.5
      vertex 60.5558 -62.7944 6.1
      vertex 60.827 -62.7264 6.1
    endloop
  endfacet
  facet normal -0.243209 0.969974 0
    outer loop
      vertex 60.5558 -62.7944 6.1
      vertex 60.827 -62.7264 4.5
      vertex 60.5558 -62.7944 4.5
    endloop
  endfacet
  facet normal -0.146678 0.989184 0
    outer loop
      vertex 60.5558 -62.7944 4.5
      vertex 60.2793 -62.8354 6.1
      vertex 60.5558 -62.7944 6.1
    endloop
  endfacet
  facet normal -0.146678 0.989184 0
    outer loop
      vertex 60.2793 -62.8354 6.1
      vertex 60.5558 -62.7944 4.5
      vertex 60.2793 -62.8354 4.5
    endloop
  endfacet
  facet normal -0.0489674 0.9988 0
    outer loop
      vertex 60.2793 -62.8354 4.5
      vertex 59.9815 -62.85 6.1
      vertex 60.2793 -62.8354 6.1
    endloop
  endfacet
  facet normal -0.0489674 0.9988 0
    outer loop
      vertex 59.9815 -62.85 6.1
      vertex 60.2793 -62.8354 4.5
      vertex 59.9815 -62.85 4.5
    endloop
  endfacet
  facet normal 0 1 -0
    outer loop
      vertex -8.42016 -62.85 4.5
      vertex -59.9815 -62.85 6.1
      vertex -8.42016 -62.85 6.1
    endloop
  endfacet
  facet normal 0 1 0
    outer loop
      vertex -59.9815 -62.85 6.1
      vertex -8.42016 -62.85 4.5
      vertex -59.9815 -62.85 4.5
    endloop
  endfacet
  facet normal 0 1 -0
    outer loop
      vertex 59.9815 -62.85 4.5
      vertex 8.42016 -62.85 6.1
      vertex 59.9815 -62.85 6.1
    endloop
  endfacet
  facet normal 0 1 0
    outer loop
      vertex 8.42016 -62.85 6.1
      vertex 59.9815 -62.85 4.5
      vertex 8.42016 -62.85 4.5
    endloop
  endfacet
  facet normal 0 0 1
    outer loop
      vertex 60 66 127.2
      vertex 66 60 127.2
      vertex 65.9711 60.5881 127.2
    endloop
  endfacet
  facet normal 0 0 1
    outer loop
      vertex 66 60 127.2
      vertex 44.9928 0.147232 127.2
      vertex 66 -60 127.2
    endloop
  endfacet
  facet normal 0 0 1
    outer loop
      vertex 60 66 127.2
      vertex 65.9711 60.5881 127.2
      vertex 65.8847 61.1705 127.2
    endloop
  endfacet
  facet normal -0 0 1
    outer loop
      vertex 44.9928 -0.147232 127.2
      vertex 66 -60 127.2
      vertex 44.9928 0.147232 127.2
    endloop
  endfacet
  facet normal 0 0 1
    outer loop
      vertex 60 66 127.2
      vertex 65.8847 61.1705 127.2
      vertex 65.7416 61.7417 127.2
    endloop
  endfacet
  facet normal -0 0 1
    outer loop
      vertex 44.9543 -0.93103 127.2
      vertex 66 -60 127.2
      vertex 44.9928 -0.147232 127.2
    endloop
  endfacet
  facet normal 0 0 1
    outer loop
      vertex 60 66 127.2
      vertex 65.7416 61.7417 127.2
      vertex 65.5433 62.2961 127.2
    endloop
  endfacet
  facet normal -0 0 1
    outer loop
      vertex 44.9254 -1.22397 127.2
      vertex 66 -60 127.2
      vertex 44.9543 -0.93103 127.2
    endloop
  endfacet
  facet normal 0 0 1
    outer loop
      vertex 60 66 127.2
      vertex 65.5433 62.2961 127.2
      vertex 65.2915 62.8284 127.2
    endloop
  endfacet
  facet normal -0 0 1
    outer loop
      vertex 44.8103 -2.00012 127.2
      vertex 66 -60 127.2
      vertex 44.9254 -1.22397 127.2
    endloop
  endfacet
  facet normal 0 0 1
    outer loop
      vertex 60 66 127.2
      vertex 65.2915 62.8284 127.2
      vertex 64.9888 63.3334 127.2
    endloop
  endfacet
  facet normal -0 0 1
    outer loop
      vertex 44.7528 -2.28891 127.2
      vertex 66 -60 127.2
      vertex 44.8103 -2.00012 127.2
    endloop
  endfacet
  facet normal 0 0 1
    outer loop
      vertex 60 66 127.2
      vertex 64.9888 63.3334 127.2
      vertex 64.6381 63.8064 127.2
    endloop
  endfacet
  facet normal -0 0 1
    outer loop
      vertex 44.5621 -3.05023 127.2
      vertex 66 -60 127.2
      vertex 44.7528 -2.28891 127.2
    endloop
  endfacet
  facet normal 0 0 1
    outer loop
      vertex 60 66 127.2
      vertex 64.6381 63.8064 127.2
      vertex 64.2426 64.2426 127.2
    endloop
  endfacet
  facet normal -0 0 1
    outer loop
      vertex 44.4767 -3.33195 127.2
      vertex 66 -60 127.2
      vertex 44.5621 -3.05023 127.2
    endloop
  endfacet
  facet normal 0 0 1
    outer loop
      vertex 60 66 127.2
      vertex 64.2426 64.2426 127.2
      vertex 63.8064 64.6381 127.2
    endloop
  endfacet
  facet normal -0 0 1
    outer loop
      vertex 44.2124 -4.07065 127.2
      vertex 66 -60 127.2
      vertex 44.4767 -3.33195 127.2
    endloop
  endfacet
  facet normal 0 0 1
    outer loop
      vertex 60 66 127.2
      vertex 63.8064 64.6381 127.2
      vertex 63.3334 64.9888 127.2
    endloop
  endfacet
  facet normal -0 0 1
    outer loop
      vertex 44.0997 -4.34262 127.2
      vertex 66 -60 127.2
      vertex 44.2124 -4.07065 127.2
    endloop
  endfacet
  facet normal 0 0 1
    outer loop
      vertex 60 66 127.2
      vertex 63.3334 64.9888 127.2
      vertex 62.8284 65.2915 127.2
    endloop
  endfacet
  facet normal -0 0 1
    outer loop
      vertex 43.7641 -5.05217 127.2
      vertex 66 -60 127.2
      vertex 44.0997 -4.34262 127.2
    endloop
  endfacet
  facet normal 0 0 1
    outer loop
      vertex 60 66 127.2
      vertex 62.8284 65.2915 127.2
      vertex 62.2961 65.5433 127.2
    endloop
  endfacet
  facet normal -0 0 1
    outer loop
      vertex 43.6253 -5.31181 127.2
      vertex 66 -60 127.2
      vertex 43.7641 -5.05217 127.2
    endloop
  endfacet
  facet normal 0 0 1
    outer loop
      vertex 60 66 127.2
      vertex 62.2961 65.5433 127.2
      vertex 61.7417 65.7416 127.2
    endloop
  endfacet
  facet normal -0 0 1
    outer loop
      vertex 43.222 -5.98482 127.2
      vertex 66 -60 127.2
      vertex 43.6253 -5.31181 127.2
    endloop
  endfacet
  facet normal 0 0 1
    outer loop
      vertex 60 66 127.2
      vertex 61.7417 65.7416 127.2
      vertex 61.1705 65.8847 127.2
    endloop
  endfacet
  facet normal -0 0 1
    outer loop
      vertex 43.0584 -6.22963 127.2
      vertex 66 -60 127.2
      vertex 43.222 -5.98482 127.2
    endloop
  endfacet
  facet normal 0 0 1
    outer loop
      vertex 60 66 127.2
      vertex 61.1705 65.8847 127.2
      vertex 60.5881 65.9711 127.2
    endloop
  endfacet
  facet normal -0 0 1
    outer loop
      vertex 42.5909 -6.85997 127.2
      vertex 66 -60 127.2
      vertex 43.0584 -6.22963 127.2
    endloop
  endfacet
  facet normal 0 0 1
    outer loop
      vertex 36.0001 10.8103 127.2
      vertex 66 60 127.2
      vertex 60 66 127.2
    endloop
  endfacet
  facet normal -0 0 1
    outer loop
      vertex 42.4041 -7.08755 127.2
      vertex 66 -60 127.2
      vertex 42.5909 -6.85997 127.2
    endloop
  endfacet
  facet normal -0 0 1
    outer loop
      vertex 41.8771 -7.66898 127.2
      vertex 66 -60 127.2
      vertex 42.4041 -7.08755 127.2
    endloop
  endfacet
  facet normal 0 0 1
    outer loop
      vertex 66 60 127.2
      vertex 44.9543 0.93103 127.2
      vertex 44.9928 0.147232 127.2
    endloop
  endfacet
  facet normal 0 0 1
    outer loop
      vertex 66 60 127.2
      vertex 44.9254 1.22397 127.2
      vertex 44.9543 0.93103 127.2
    endloop
  endfacet
  facet normal 0 0 1
    outer loop
      vertex 66 60 127.2
      vertex 44.8103 2.00012 127.2
      vertex 44.9254 1.22397 127.2
    endloop
  endfacet
  facet normal 0 0 1
    outer loop
      vertex 66 60 127.2
      vertex 44.7528 2.28891 127.2
      vertex 44.8103 2.00012 127.2
    endloop
  endfacet
  facet normal 0 0 1
    outer loop
      vertex 66 60 127.2
      vertex 44.5621 3.05023 127.2
      vertex 44.7528 2.28891 127.2
    endloop
  endfacet
  facet normal 0 0 1
    outer loop
      vertex 66 60 127.2
      vertex 44.4767 3.33195 127.2
      vertex 44.5621 3.05023 127.2
    endloop
  endfacet
  facet normal 0 0 1
    outer loop
      vertex 66 60 127.2
      vertex 44.2124 4.07065 127.2
      vertex 44.4767 3.33195 127.2
    endloop
  endfacet
  facet normal 0 0 1
    outer loop
      vertex 66 60 127.2
      vertex 44.0997 4.34262 127.2
      vertex 44.2124 4.07065 127.2
    endloop
  endfacet
  facet normal 0 0 1
    outer loop
      vertex 66 60 127.2
      vertex 43.7641 5.05217 127.2
      vertex 44.0997 4.34262 127.2
    endloop
  endfacet
  facet normal 0 0 1
    outer loop
      vertex 66 60 127.2
      vertex 43.6253 5.31181 127.2
      vertex 43.7641 5.05217 127.2
    endloop
  endfacet
  facet normal 0 0 1
    outer loop
      vertex 66 60 127.2
      vertex 43.222 5.98482 127.2
      vertex 43.6253 5.31181 127.2
    endloop
  endfacet
  facet normal 0 0 1
    outer loop
      vertex 66 60 127.2
      vertex 43.0584 6.22963 127.2
      vertex 43.222 5.98482 127.2
    endloop
  endfacet
  facet normal 0 0 1
    outer loop
      vertex 66 60 127.2
      vertex 42.5909 6.85997 127.2
      vertex 43.0584 6.22963 127.2
    endloop
  endfacet
  facet normal 0 0 1
    outer loop
      vertex 66 60 127.2
      vertex 42.4041 7.08755 127.2
      vertex 42.5909 6.85997 127.2
    endloop
  endfacet
  facet normal 0 0 1
    outer loop
      vertex 66 60 127.2
      vertex 41.8771 7.66898 127.2
      vertex 42.4041 7.08755 127.2
    endloop
  endfacet
  facet normal 0 0 1
    outer loop
      vertex 66 60 127.2
      vertex 41.669 7.87712 127.2
      vertex 41.8771 7.66898 127.2
    endloop
  endfacet
  facet normal 0 0 1
    outer loop
      vertex 66 60 127.2
      vertex 41.0876 8.4041 127.2
      vertex 41.669 7.87712 127.2
    endloop
  endfacet
  facet normal 0 0 1
    outer loop
      vertex 66 60 127.2
      vertex 40.86 8.59087 127.2
      vertex 41.0876 8.4041 127.2
    endloop
  endfacet
  facet normal 0 0 1
    outer loop
      vertex 66 60 127.2
      vertex 40.2296 9.05836 127.2
      vertex 40.86 8.59087 127.2
    endloop
  endfacet
  facet normal 0 0 1
    outer loop
      vertex 66 60 127.2
      vertex 39.9848 9.22195 127.2
      vertex 40.2296 9.05836 127.2
    endloop
  endfacet
  facet normal 0 0 1
    outer loop
      vertex 66 60 127.2
      vertex 39.3118 9.62534 127.2
      vertex 39.9848 9.22195 127.2
    endloop
  endfacet
  facet normal 0 0 1
    outer loop
      vertex 66 60 127.2
      vertex 39.0522 9.76411 127.2
      vertex 39.3118 9.62534 127.2
    endloop
  endfacet
  facet normal 0 0 1
    outer loop
      vertex 66 60 127.2
      vertex 38.3426 10.0997 127.2
      vertex 39.0522 9.76411 127.2
    endloop
  endfacet
  facet normal 0 0 1
    outer loop
      vertex 66 60 127.2
      vertex 38.0706 10.2124 127.2
      vertex 38.3426 10.0997 127.2
    endloop
  endfacet
  facet normal 0 0 1
    outer loop
      vertex 66 60 127.2
      vertex 37.332 10.4767 127.2
      vertex 38.0706 10.2124 127.2
    endloop
  endfacet
  facet normal 0 0 1
    outer loop
      vertex 66 60 127.2
      vertex 37.0502 10.5621 127.2
      vertex 37.332 10.4767 127.2
    endloop
  endfacet
  facet normal 0 0 1
    outer loop
      vertex 66 60 127.2
      vertex 36.2889 10.7528 127.2
      vertex 37.0502 10.5621 127.2
    endloop
  endfacet
  facet normal 0 0 1
    outer loop
      vertex 66 60 127.2
      vertex 36.0001 10.8103 127.2
      vertex 36.2889 10.7528 127.2
    endloop
  endfacet
  facet normal 0 0 1
    outer loop
      vertex 60 66 127.2
      vertex 35.224 10.9254 127.2
      vertex 36.0001 10.8103 127.2
    endloop
  endfacet
  facet normal 0 0 1
    outer loop
      vertex 60 66 127.2
      vertex 34.931 10.9543 127.2
      vertex 35.224 10.9254 127.2
    endloop
  endfacet
  facet normal 0 0 1
    outer loop
      vertex 60 66 127.2
      vertex 34.0736 10.9964 127.2
      vertex 34.931 10.9543 127.2
    endloop
  endfacet
  facet normal 0 0 1
    outer loop
      vertex 60 66 127.2
      vertex 33.9264 11 127.2
      vertex 34.0736 10.9964 127.2
    endloop
  endfacet
  facet normal 0 0 1
    outer loop
      vertex 60 66 127.2
      vertex -33.9264 11 127.2
      vertex 33.9264 11 127.2
    endloop
  endfacet
  facet normal -0 0 1
    outer loop
      vertex -60 66 127.2
      vertex -33.9264 11 127.2
      vertex 60 66 127.2
    endloop
  endfacet
  facet normal 0 0 1
    outer loop
      vertex -33.9264 11 127.2
      vertex -60 66 127.2
      vertex -34.0736 10.9964 127.2
    endloop
  endfacet
  facet normal 0 0 1
    outer loop
      vertex -34.0736 10.9964 127.2
      vertex -60 66 127.2
      vertex -34.931 10.9543 127.2
    endloop
  endfacet
  facet normal 0 0 1
    outer loop
      vertex -34.931 10.9543 127.2
      vertex -60 66 127.2
      vertex -35.224 10.9254 127.2
    endloop
  endfacet
  facet normal 0 0 1
    outer loop
      vertex -35.224 10.9254 127.2
      vertex -60 66 127.2
      vertex -36.0001 10.8103 127.2
    endloop
  endfacet
  facet normal -0 0 1
    outer loop
      vertex -66 60 127.2
      vertex -36.0001 10.8103 127.2
      vertex -60 66 127.2
    endloop
  endfacet
  facet normal 0 0 1
    outer loop
      vertex -36.0001 10.8103 127.2
      vertex -66 60 127.2
      vertex -36.2889 10.7528 127.2
    endloop
  endfacet
  facet normal 0 0 1
    outer loop
      vertex -36.2889 10.7528 127.2
      vertex -66 60 127.2
      vertex -37.0502 10.5621 127.2
    endloop
  endfacet
  facet normal 0 0 1
    outer loop
      vertex -37.0502 10.5621 127.2
      vertex -66 60 127.2
      vertex -37.332 10.4767 127.2
    endloop
  endfacet
  facet normal 0 0 1
    outer loop
      vertex -37.332 10.4767 127.2
      vertex -66 60 127.2
      vertex -38.0706 10.2124 127.2
    endloop
  endfacet
  facet normal 0 0 1
    outer loop
      vertex -38.0706 10.2124 127.2
      vertex -66 60 127.2
      vertex -38.3426 10.0997 127.2
    endloop
  endfacet
  facet normal 0 0 1
    outer loop
      vertex -44.9543 0.93103 127.2
      vertex -66 60 127.2
      vertex -44.9928 0.147232 127.2
    endloop
  endfacet
  facet normal 0 0 1
    outer loop
      vertex -44.9254 1.22397 127.2
      vertex -66 60 127.2
      vertex -44.9543 0.93103 127.2
    endloop
  endfacet
  facet normal 0 0 1
    outer loop
      vertex -44.8103 2.00012 127.2
      vertex -66 60 127.2
      vertex -44.9254 1.22397 127.2
    endloop
  endfacet
  facet normal 0 0 1
    outer loop
      vertex -44.7528 2.28891 127.2
      vertex -66 60 127.2
      vertex -44.8103 2.00012 127.2
    endloop
  endfacet
  facet normal 0 0 1
    outer loop
      vertex -44.5621 3.05023 127.2
      vertex -66 60 127.2
      vertex -44.7528 2.28891 127.2
    endloop
  endfacet
  facet normal 0 0 1
    outer loop
      vertex -44.4767 3.33195 127.2
      vertex -66 60 127.2
      vertex -44.5621 3.05023 127.2
    endloop
  endfacet
  facet normal 0 0 1
    outer loop
      vertex -44.2124 4.07065 127.2
      vertex -66 60 127.2
      vertex -44.4767 3.33195 127.2
    endloop
  endfacet
  facet normal 0 0 1
    outer loop
      vertex -44.0997 4.34262 127.2
      vertex -66 60 127.2
      vertex -44.2124 4.07065 127.2
    endloop
  endfacet
  facet normal 0 0 1
    outer loop
      vertex -43.7641 5.05217 127.2
      vertex -66 60 127.2
      vertex -44.0997 4.34262 127.2
    endloop
  endfacet
  facet normal 0 0 1
    outer loop
      vertex -43.6253 5.31181 127.2
      vertex -66 60 127.2
      vertex -43.7641 5.05217 127.2
    endloop
  endfacet
  facet normal 0 0 1
    outer loop
      vertex -43.222 5.98482 127.2
      vertex -66 60 127.2
      vertex -43.6253 5.31181 127.2
    endloop
  endfacet
  facet normal 0 0 1
    outer loop
      vertex -43.0584 6.22963 127.2
      vertex -66 60 127.2
      vertex -43.222 5.98482 127.2
    endloop
  endfacet
  facet normal 0 0 1
    outer loop
      vertex -42.5909 6.85997 127.2
      vertex -66 60 127.2
      vertex -43.0584 6.22963 127.2
    endloop
  endfacet
  facet normal 0 0 1
    outer loop
      vertex -42.4041 7.08755 127.2
      vertex -66 60 127.2
      vertex -42.5909 6.85997 127.2
    endloop
  endfacet
  facet normal 0 0 1
    outer loop
      vertex -41.8771 7.66898 127.2
      vertex -66 60 127.2
      vertex -42.4041 7.08755 127.2
    endloop
  endfacet
  facet normal 0 0 1
    outer loop
      vertex -41.669 7.87712 127.2
      vertex -66 60 127.2
      vertex -41.8771 7.66898 127.2
    endloop
  endfacet
  facet normal 0 0 1
    outer loop
      vertex -41.0876 8.4041 127.2
      vertex -66 60 127.2
      vertex -41.669 7.87712 127.2
    endloop
  endfacet
  facet normal 0 0 1
    outer loop
      vertex -40.86 8.59087 127.2
      vertex -66 60 127.2
      vertex -41.0876 8.4041 127.2
    endloop
  endfacet
  facet normal 0 0 1
    outer loop
      vertex -40.2296 9.05836 127.2
      vertex -66 60 127.2
      vertex -40.86 8.59087 127.2
    endloop
  endfacet
  facet normal 0 0 1
    outer loop
      vertex -39.9848 9.22195 127.2
      vertex -66 60 127.2
      vertex -40.2296 9.05836 127.2
    endloop
  endfacet
  facet normal 0 0 1
    outer loop
      vertex -39.3118 9.62534 127.2
      vertex -66 60 127.2
      vertex -39.9848 9.22195 127.2
    endloop
  endfacet
  facet normal 0 0 1
    outer loop
      vertex -39.0522 9.76411 127.2
      vertex -66 60 127.2
      vertex -39.3118 9.62534 127.2
    endloop
  endfacet
  facet normal 0 0 1
    outer loop
      vertex -38.3426 10.0997 127.2
      vertex -66 60 127.2
      vertex -39.0522 9.76411 127.2
    endloop
  endfacet
  facet normal -0 0 1
    outer loop
      vertex 41.669 -7.87712 127.2
      vertex 66 -60 127.2
      vertex 41.8771 -7.66898 127.2
    endloop
  endfacet
  facet normal -0 0 1
    outer loop
      vertex 41.0876 -8.4041 127.2
      vertex 66 -60 127.2
      vertex 41.669 -7.87712 127.2
    endloop
  endfacet
  facet normal -0 0 1
    outer loop
      vertex 40.86 -8.59087 127.2
      vertex 66 -60 127.2
      vertex 41.0876 -8.4041 127.2
    endloop
  endfacet
  facet normal -0 0 1
    outer loop
      vertex 40.2296 -9.05836 127.2
      vertex 66 -60 127.2
      vertex 40.86 -8.59087 127.2
    endloop
  endfacet
  facet normal -0 0 1
    outer loop
      vertex 39.9848 -9.22195 127.2
      vertex 66 -60 127.2
      vertex 40.2296 -9.05836 127.2
    endloop
  endfacet
  facet normal -0 0 1
    outer loop
      vertex 39.3118 -9.62534 127.2
      vertex 66 -60 127.2
      vertex 39.9848 -9.22195 127.2
    endloop
  endfacet
  facet normal -0 0 1
    outer loop
      vertex 39.0522 -9.76411 127.2
      vertex 66 -60 127.2
      vertex 39.3118 -9.62534 127.2
    endloop
  endfacet
  facet normal -0 0 1
    outer loop
      vertex 38.3426 -10.0997 127.2
      vertex 66 -60 127.2
      vertex 39.0522 -9.76411 127.2
    endloop
  endfacet
  facet normal -0 0 1
    outer loop
      vertex 38.0706 -10.2124 127.2
      vertex 66 -60 127.2
      vertex 38.3426 -10.0997 127.2
    endloop
  endfacet
  facet normal -0 0 1
    outer loop
      vertex 37.332 -10.4767 127.2
      vertex 66 -60 127.2
      vertex 38.0706 -10.2124 127.2
    endloop
  endfacet
  facet normal -0 0 1
    outer loop
      vertex 37.0502 -10.5621 127.2
      vertex 66 -60 127.2
      vertex 37.332 -10.4767 127.2
    endloop
  endfacet
  facet normal -0 0 1
    outer loop
      vertex 36.2889 -10.7528 127.2
      vertex 66 -60 127.2
      vertex 37.0502 -10.5621 127.2
    endloop
  endfacet
  facet normal -0 0 1
    outer loop
      vertex 36.0001 -10.8103 127.2
      vertex 66 -60 127.2
      vertex 36.2889 -10.7528 127.2
    endloop
  endfacet
  facet normal 0 0 1
    outer loop
      vertex 65.9711 -60.5881 127.2
      vertex 60 -66 127.2
      vertex 65.8847 -61.1705 127.2
    endloop
  endfacet
  facet normal 0 0 1
    outer loop
      vertex 65.7416 -61.7417 127.2
      vertex 60 -66 127.2
      vertex 65.5433 -62.2961 127.2
    endloop
  endfacet
  facet normal 0 0 1
    outer loop
      vertex 64.9888 -63.3334 127.2
      vertex 60 -66 127.2
      vertex 64.6381 -63.8064 127.2
    endloop
  endfacet
  facet normal 0 0 1
    outer loop
      vertex 64.2426 -64.2426 127.2
      vertex 60 -66 127.2
      vertex 63.8064 -64.6381 127.2
    endloop
  endfacet
  facet normal 0 0 1
    outer loop
      vertex 62.8284 -65.2915 127.2
      vertex 60 -66 127.2
      vertex 62.2961 -65.5433 127.2
    endloop
  endfacet
  facet normal 0 0 1
    outer loop
      vertex 61.7417 -65.7416 127.2
      vertex 60 -66 127.2
      vertex 61.1705 -65.8847 127.2
    endloop
  endfacet
  facet normal 0 0 1
    outer loop
      vertex 61.1705 -65.8847 127.2
      vertex 60 -66 127.2
      vertex 60.5881 -65.9711 127.2
    endloop
  endfacet
  facet normal 0 0 1
    outer loop
      vertex 62.2961 -65.5433 127.2
      vertex 60 -66 127.2
      vertex 61.7417 -65.7416 127.2
    endloop
  endfacet
  facet normal 0 0 1
    outer loop
      vertex 63.3334 -64.9888 127.2
      vertex 60 -66 127.2
      vertex 62.8284 -65.2915 127.2
    endloop
  endfacet
  facet normal 0 0 1
    outer loop
      vertex 63.8064 -64.6381 127.2
      vertex 60 -66 127.2
      vertex 63.3334 -64.9888 127.2
    endloop
  endfacet
  facet normal 0 0 1
    outer loop
      vertex 64.6381 -63.8064 127.2
      vertex 60 -66 127.2
      vertex 64.2426 -64.2426 127.2
    endloop
  endfacet
  facet normal 0 0 1
    outer loop
      vertex 65.2915 -62.8284 127.2
      vertex 60 -66 127.2
      vertex 64.9888 -63.3334 127.2
    endloop
  endfacet
  facet normal 0 0 1
    outer loop
      vertex 65.5433 -62.2961 127.2
      vertex 60 -66 127.2
      vertex 65.2915 -62.8284 127.2
    endloop
  endfacet
  facet normal 0 0 1
    outer loop
      vertex 65.8847 -61.1705 127.2
      vertex 60 -66 127.2
      vertex 65.7416 -61.7417 127.2
    endloop
  endfacet
  facet normal 0 0 1
    outer loop
      vertex 66 -60 127.2
      vertex 60 -66 127.2
      vertex 65.9711 -60.5881 127.2
    endloop
  endfacet
  facet normal 0 0 1
    outer loop
      vertex 66 -60 127.2
      vertex 36.0001 -10.8103 127.2
      vertex 60 -66 127.2
    endloop
  endfacet
  facet normal -0 0 1
    outer loop
      vertex 35.224 -10.9254 127.2
      vertex 60 -66 127.2
      vertex 36.0001 -10.8103 127.2
    endloop
  endfacet
  facet normal -0 0 1
    outer loop
      vertex 34.931 -10.9543 127.2
      vertex 60 -66 127.2
      vertex 35.224 -10.9254 127.2
    endloop
  endfacet
  facet normal -0 0 1
    outer loop
      vertex 34.0736 -10.9964 127.2
      vertex 60 -66 127.2
      vertex 34.931 -10.9543 127.2
    endloop
  endfacet
  facet normal -0 0 1
    outer loop
      vertex 33.9264 -11 127.2
      vertex 60 -66 127.2
      vertex 34.0736 -10.9964 127.2
    endloop
  endfacet
  facet normal -0 0 1
    outer loop
      vertex -33.9264 -11 127.2
      vertex 60 -66 127.2
      vertex 33.9264 -11 127.2
    endloop
  endfacet
  facet normal 0 0 1
    outer loop
      vertex -60 -66 127.2
      vertex -33.9264 -11 127.2
      vertex -34.0736 -10.9964 127.2
    endloop
  endfacet
  facet normal 0 0 1
    outer loop
      vertex -60 -66 127.2
      vertex -34.0736 -10.9964 127.2
      vertex -34.931 -10.9543 127.2
    endloop
  endfacet
  facet normal 0 0 1
    outer loop
      vertex -60 -66 127.2
      vertex -34.931 -10.9543 127.2
      vertex -35.224 -10.9254 127.2
    endloop
  endfacet
  facet normal 0 0 1
    outer loop
      vertex -60 -66 127.2
      vertex -35.224 -10.9254 127.2
      vertex -36.0001 -10.8103 127.2
    endloop
  endfacet
  facet normal 0 0 1
    outer loop
      vertex -66 -60 127.2
      vertex -36.0001 -10.8103 127.2
      vertex -36.2889 -10.7528 127.2
    endloop
  endfacet
  facet normal 0 0 1
    outer loop
      vertex -66 -60 127.2
      vertex -36.2889 -10.7528 127.2
      vertex -37.0502 -10.5621 127.2
    endloop
  endfacet
  facet normal 0 0 1
    outer loop
      vertex -66 -60 127.2
      vertex -37.0502 -10.5621 127.2
      vertex -37.332 -10.4767 127.2
    endloop
  endfacet
  facet normal 0 0 1
    outer loop
      vertex -66 -60 127.2
      vertex -37.332 -10.4767 127.2
      vertex -38.0706 -10.2124 127.2
    endloop
  endfacet
  facet normal 0 0 1
    outer loop
      vertex -66 -60 127.2
      vertex -38.0706 -10.2124 127.2
      vertex -38.3426 -10.0997 127.2
    endloop
  endfacet
  facet normal 0 0 1
    outer loop
      vertex -66 -60 127.2
      vertex -38.3426 -10.0997 127.2
      vertex -39.0522 -9.76411 127.2
    endloop
  endfacet
  facet normal 0 0 1
    outer loop
      vertex -66 -60 127.2
      vertex -39.0522 -9.76411 127.2
      vertex -39.3118 -9.62534 127.2
    endloop
  endfacet
  facet normal 0 0 1
    outer loop
      vertex -44.9928 0.147232 127.2
      vertex -66 60 127.2
      vertex -44.9928 -0.147232 127.2
    endloop
  endfacet
  facet normal 0 0 1
    outer loop
      vertex -66 -60 127.2
      vertex -44.9928 -0.147232 127.2
      vertex -66 60 127.2
    endloop
  endfacet
  facet normal 0 0 1
    outer loop
      vertex -44.9928 -0.147232 127.2
      vertex -66 -60 127.2
      vertex -44.9543 -0.93103 127.2
    endloop
  endfacet
  facet normal 0 0 1
    outer loop
      vertex -44.9543 -0.93103 127.2
      vertex -66 -60 127.2
      vertex -44.9254 -1.22397 127.2
    endloop
  endfacet
  facet normal 0 0 1
    outer loop
      vertex -33.9264 -11 127.2
      vertex -60 -66 127.2
      vertex 60 -66 127.2
    endloop
  endfacet
  facet normal 0 0 1
    outer loop
      vertex -66 -60 127.2
      vertex -39.3118 -9.62534 127.2
      vertex -39.9848 -9.22195 127.2
    endloop
  endfacet
  facet normal 0 0 1
    outer loop
      vertex -66 -60 127.2
      vertex -39.9848 -9.22195 127.2
      vertex -40.2296 -9.05836 127.2
    endloop
  endfacet
  facet normal 0 0 1
    outer loop
      vertex -66 -60 127.2
      vertex -40.2296 -9.05836 127.2
      vertex -40.86 -8.59087 127.2
    endloop
  endfacet
  facet normal 0 0 1
    outer loop
      vertex -66 -60 127.2
      vertex -40.86 -8.59087 127.2
      vertex -41.0876 -8.4041 127.2
    endloop
  endfacet
  facet normal 0 0 1
    outer loop
      vertex -66 -60 127.2
      vertex -41.0876 -8.4041 127.2
      vertex -41.669 -7.87712 127.2
    endloop
  endfacet
  facet normal 0 0 1
    outer loop
      vertex -66 -60 127.2
      vertex -41.669 -7.87712 127.2
      vertex -41.8771 -7.66898 127.2
    endloop
  endfacet
  facet normal 0 0 1
    outer loop
      vertex -66 -60 127.2
      vertex -41.8771 -7.66898 127.2
      vertex -42.4041 -7.08755 127.2
    endloop
  endfacet
  facet normal 0 0 1
    outer loop
      vertex -66 -60 127.2
      vertex -42.4041 -7.08755 127.2
      vertex -42.5909 -6.85997 127.2
    endloop
  endfacet
  facet normal 0 0 1
    outer loop
      vertex -66 -60 127.2
      vertex -42.5909 -6.85997 127.2
      vertex -43.0584 -6.22963 127.2
    endloop
  endfacet
  facet normal 0 0 1
    outer loop
      vertex -66 -60 127.2
      vertex -43.0584 -6.22963 127.2
      vertex -43.222 -5.98482 127.2
    endloop
  endfacet
  facet normal 0 0 1
    outer loop
      vertex -66 -60 127.2
      vertex -43.222 -5.98482 127.2
      vertex -43.6253 -5.31181 127.2
    endloop
  endfacet
  facet normal 0 0 1
    outer loop
      vertex -66 -60 127.2
      vertex -43.6253 -5.31181 127.2
      vertex -43.7641 -5.05217 127.2
    endloop
  endfacet
  facet normal 0 0 1
    outer loop
      vertex -66 -60 127.2
      vertex -43.7641 -5.05217 127.2
      vertex -44.0997 -4.34262 127.2
    endloop
  endfacet
  facet normal 0 0 1
    outer loop
      vertex -66 -60 127.2
      vertex -44.0997 -4.34262 127.2
      vertex -44.2124 -4.07065 127.2
    endloop
  endfacet
  facet normal 0 0 1
    outer loop
      vertex -66 -60 127.2
      vertex -44.2124 -4.07065 127.2
      vertex -44.4767 -3.33195 127.2
    endloop
  endfacet
  facet normal 0 0 1
    outer loop
      vertex -66 -60 127.2
      vertex -44.4767 -3.33195 127.2
      vertex -44.5621 -3.05023 127.2
    endloop
  endfacet
  facet normal 0 0 1
    outer loop
      vertex -66 -60 127.2
      vertex -44.5621 -3.05023 127.2
      vertex -44.7528 -2.28891 127.2
    endloop
  endfacet
  facet normal 0 0 1
    outer loop
      vertex -44.9254 -1.22397 127.2
      vertex -66 -60 127.2
      vertex -44.8103 -2.00012 127.2
    endloop
  endfacet
  facet normal 0 0 1
    outer loop
      vertex -66 60 127.2
      vertex -60 66 127.2
      vertex -60.5881 65.9711 127.2
    endloop
  endfacet
  facet normal 0 0 1
    outer loop
      vertex -44.8103 -2.00012 127.2
      vertex -66 -60 127.2
      vertex -44.7528 -2.28891 127.2
    endloop
  endfacet
  facet normal 0 0 1
    outer loop
      vertex -66 60 127.2
      vertex -60.5881 65.9711 127.2
      vertex -61.1705 65.8847 127.2
    endloop
  endfacet
  facet normal 0 0 1
    outer loop
      vertex -36.0001 -10.8103 127.2
      vertex -66 -60 127.2
      vertex -60 -66 127.2
    endloop
  endfacet
  facet normal 0 0 1
    outer loop
      vertex -66 60 127.2
      vertex -61.1705 65.8847 127.2
      vertex -61.7417 65.7416 127.2
    endloop
  endfacet
  facet normal 0 0 1
    outer loop
      vertex -60 -66 127.2
      vertex -66 -60 127.2
      vertex -60.5881 -65.9711 127.2
    endloop
  endfacet
  facet normal 0 0 1
    outer loop
      vertex -66 60 127.2
      vertex -61.7417 65.7416 127.2
      vertex -62.2961 65.5433 127.2
    endloop
  endfacet
  facet normal 0 0 1
    outer loop
      vertex -60.5881 -65.9711 127.2
      vertex -66 -60 127.2
      vertex -61.1705 -65.8847 127.2
    endloop
  endfacet
  facet normal 0 0 1
    outer loop
      vertex -66 60 127.2
      vertex -62.2961 65.5433 127.2
      vertex -62.8284 65.2915 127.2
    endloop
  endfacet
  facet normal 0 0 1
    outer loop
      vertex -61.1705 -65.8847 127.2
      vertex -66 -60 127.2
      vertex -61.7417 -65.7416 127.2
    endloop
  endfacet
  facet normal 0 0 1
    outer loop
      vertex -66 60 127.2
      vertex -62.8284 65.2915 127.2
      vertex -63.3334 64.9888 127.2
    endloop
  endfacet
  facet normal 0 0 1
    outer loop
      vertex -61.7417 -65.7416 127.2
      vertex -66 -60 127.2
      vertex -62.2961 -65.5433 127.2
    endloop
  endfacet
  facet normal 0 0 1
    outer loop
      vertex -66 60 127.2
      vertex -63.3334 64.9888 127.2
      vertex -63.8064 64.6381 127.2
    endloop
  endfacet
  facet normal 0 0 1
    outer loop
      vertex -62.2961 -65.5433 127.2
      vertex -66 -60 127.2
      vertex -62.8284 -65.2915 127.2
    endloop
  endfacet
  facet normal 0 0 1
    outer loop
      vertex -66 60 127.2
      vertex -63.8064 64.6381 127.2
      vertex -64.2426 64.2426 127.2
    endloop
  endfacet
  facet normal 0 0 1
    outer loop
      vertex -62.8284 -65.2915 127.2
      vertex -66 -60 127.2
      vertex -63.3334 -64.9888 127.2
    endloop
  endfacet
  facet normal 0 0 1
    outer loop
      vertex -66 60 127.2
      vertex -64.2426 64.2426 127.2
      vertex -64.6381 63.8064 127.2
    endloop
  endfacet
  facet normal 0 0 1
    outer loop
      vertex -63.3334 -64.9888 127.2
      vertex -66 -60 127.2
      vertex -63.8064 -64.6381 127.2
    endloop
  endfacet
  facet normal 0 0 1
    outer loop
      vertex -66 60 127.2
      vertex -64.6381 63.8064 127.2
      vertex -64.9888 63.3334 127.2
    endloop
  endfacet
  facet normal 0 0 1
    outer loop
      vertex -63.8064 -64.6381 127.2
      vertex -66 -60 127.2
      vertex -64.2426 -64.2426 127.2
    endloop
  endfacet
  facet normal 0 0 1
    outer loop
      vertex -66 60 127.2
      vertex -64.9888 63.3334 127.2
      vertex -65.2915 62.8284 127.2
    endloop
  endfacet
  facet normal 0 0 1
    outer loop
      vertex -64.2426 -64.2426 127.2
      vertex -66 -60 127.2
      vertex -64.6381 -63.8064 127.2
    endloop
  endfacet
  facet normal 0 0 1
    outer loop
      vertex -66 60 127.2
      vertex -65.2915 62.8284 127.2
      vertex -65.5433 62.2961 127.2
    endloop
  endfacet
  facet normal 0 0 1
    outer loop
      vertex -64.6381 -63.8064 127.2
      vertex -66 -60 127.2
      vertex -64.9888 -63.3334 127.2
    endloop
  endfacet
  facet normal 0 0 1
    outer loop
      vertex -66 60 127.2
      vertex -65.5433 62.2961 127.2
      vertex -65.7416 61.7417 127.2
    endloop
  endfacet
  facet normal 0 0 1
    outer loop
      vertex -64.9888 -63.3334 127.2
      vertex -66 -60 127.2
      vertex -65.2915 -62.8284 127.2
    endloop
  endfacet
  facet normal 0 0 1
    outer loop
      vertex -66 60 127.2
      vertex -65.7416 61.7417 127.2
      vertex -65.8847 61.1705 127.2
    endloop
  endfacet
  facet normal 0 0 1
    outer loop
      vertex -65.2915 -62.8284 127.2
      vertex -66 -60 127.2
      vertex -65.5433 -62.2961 127.2
    endloop
  endfacet
  facet normal 0 0 1
    outer loop
      vertex -66 60 127.2
      vertex -65.8847 61.1705 127.2
      vertex -65.9711 60.5881 127.2
    endloop
  endfacet
  facet normal 0 0 1
    outer loop
      vertex -65.5433 -62.2961 127.2
      vertex -66 -60 127.2
      vertex -65.7416 -61.7417 127.2
    endloop
  endfacet
  facet normal 0 0 1
    outer loop
      vertex -65.7416 -61.7417 127.2
      vertex -66 -60 127.2
      vertex -65.8847 -61.1705 127.2
    endloop
  endfacet
  facet normal 0 0 1
    outer loop
      vertex -65.8847 -61.1705 127.2
      vertex -66 -60 127.2
      vertex -65.9711 -60.5881 127.2
    endloop
  endfacet
  facet normal 0.904773 0.425895 0
    outer loop
      vertex -62.241 -62.0357 6.1
      vertex -62.2619 -61.9913 4.5
      vertex -62.2619 -61.9913 6.1
    endloop
  endfacet
  facet normal 0.904773 0.425895 0
    outer loop
      vertex -62.2619 -61.9913 4.5
      vertex -62.241 -62.0357 6.1
      vertex -62.241 -62.0357 4.5
    endloop
  endfacet
  facet normal 0.969586 -0.24475 0
    outer loop
      vertex -62.2904 -61.7025 6.1
      vertex -62.2878 -61.6922 4.5
      vertex -62.2878 -61.6922 6.1
    endloop
  endfacet
  facet normal 0.969586 -0.24475 0
    outer loop
      vertex -62.2878 -61.6922 4.5
      vertex -62.2904 -61.7025 6.1
      vertex -62.2904 -61.7025 4.5
    endloop
  endfacet
  facet normal -0.146844 0.98916 0
    outer loop
      vertex -61.7025 -62.2904 4.5
      vertex -61.751 -62.2976 6.1
      vertex -61.7025 -62.2904 6.1
    endloop
  endfacet
  facet normal -0.146844 0.98916 0
    outer loop
      vertex -61.751 -62.2976 6.1
      vertex -61.7025 -62.2904 4.5
      vertex -61.751 -62.2976 4.5
    endloop
  endfacet
  facet normal 0.338142 0.941095 -0
    outer loop
      vertex -61.9451 -62.2785 4.5
      vertex -61.9913 -62.2619 6.1
      vertex -61.9451 -62.2785 6.1
    endloop
  endfacet
  facet normal 0.338142 0.941095 0
    outer loop
      vertex -61.9913 -62.2619 6.1
      vertex -61.9451 -62.2785 4.5
      vertex -61.9913 -62.2619 4.5
    endloop
  endfacet
  facet normal 0.98916 -0.146844 0
    outer loop
      vertex -62.2976 -61.751 6.1
      vertex -62.2904 -61.7025 4.5
      vertex -62.2904 -61.7025 6.1
    endloop
  endfacet
  facet normal 0.98916 -0.146844 0
    outer loop
      vertex -62.2904 -61.7025 4.5
      vertex -62.2976 -61.751 6.1
      vertex -62.2976 -61.751 4.5
    endloop
  endfacet
  facet normal 0.857133 0.515094 0
    outer loop
      vertex -62.2157 -62.0778 6.1
      vertex -62.241 -62.0357 4.5
      vertex -62.241 -62.0357 6.1
    endloop
  endfacet
  facet normal 0.857133 0.515094 0
    outer loop
      vertex -62.241 -62.0357 4.5
      vertex -62.2157 -62.0778 6.1
      vertex -62.2157 -62.0778 4.5
    endloop
  endfacet
  facet normal 0.941095 0.338142 0
    outer loop
      vertex -62.2619 -61.9913 6.1
      vertex -62.2785 -61.9451 4.5
      vertex -62.2785 -61.9451 6.1
    endloop
  endfacet
  facet normal 0.941095 0.338142 0
    outer loop
      vertex -62.2785 -61.9451 4.5
      vertex -62.2619 -61.9913 6.1
      vertex -62.2619 -61.9913 4.5
    endloop
  endfacet
  facet normal 0.595423 0.803413 -0
    outer loop
      vertex -62.0778 -62.2157 4.5
      vertex -62.1172 -62.1865 6.1
      vertex -62.0778 -62.2157 6.1
    endloop
  endfacet
  facet normal 0.595423 0.803413 0
    outer loop
      vertex -62.1172 -62.1865 6.1
      vertex -62.0778 -62.2157 4.5
      vertex -62.1172 -62.1865 4.5
    endloop
  endfacet
  facet normal -0.24475 0.969586 0
    outer loop
      vertex -61.6922 -62.2878 4.5
      vertex -61.7025 -62.2904 6.1
      vertex -61.6922 -62.2878 6.1
    endloop
  endfacet
  facet normal -0.24475 0.969586 0
    outer loop
      vertex -61.7025 -62.2904 6.1
      vertex -61.6922 -62.2878 4.5
      vertex -61.7025 -62.2904 4.5
    endloop
  endfacet
  facet normal 0.998803 0.0489209 0
    outer loop
      vertex -62.2976 -61.849 6.1
      vertex -62.3 -61.8 4.5
      vertex -62.3 -61.8 6.1
    endloop
  endfacet
  facet normal 0.998803 0.0489209 0
    outer loop
      vertex -62.3 -61.8 4.5
      vertex -62.2976 -61.849 6.1
      vertex -62.2976 -61.849 4.5
    endloop
  endfacet
  facet normal 0.67054 0.741874 -0
    outer loop
      vertex -62.1172 -62.1865 4.5
      vertex -62.1536 -62.1536 6.1
      vertex -62.1172 -62.1865 6.1
    endloop
  endfacet
  facet normal 0.67054 0.741874 0
    outer loop
      vertex -62.1536 -62.1536 6.1
      vertex -62.1172 -62.1865 4.5
      vertex -62.1536 -62.1536 4.5
    endloop
  endfacet
  facet normal 0.515094 0.857133 -0
    outer loop
      vertex -62.0357 -62.241 4.5
      vertex -62.0778 -62.2157 6.1
      vertex -62.0357 -62.241 6.1
    endloop
  endfacet
  facet normal 0.515094 0.857133 0
    outer loop
      vertex -62.0778 -62.2157 6.1
      vertex -62.0357 -62.241 4.5
      vertex -62.0778 -62.2157 4.5
    endloop
  endfacet
  facet normal 0.146844 0.98916 -0
    outer loop
      vertex -61.849 -62.2976 4.5
      vertex -61.8975 -62.2904 6.1
      vertex -61.849 -62.2976 6.1
    endloop
  endfacet
  facet normal 0.146844 0.98916 0
    outer loop
      vertex -61.8975 -62.2904 6.1
      vertex -61.849 -62.2976 4.5
      vertex -61.8975 -62.2904 4.5
    endloop
  endfacet
  facet normal 0.0489209 0.998803 -0
    outer loop
      vertex -61.8 -62.3 4.5
      vertex -61.849 -62.2976 6.1
      vertex -61.8 -62.3 6.1
    endloop
  endfacet
  facet normal 0.0489209 0.998803 0
    outer loop
      vertex -61.849 -62.2976 6.1
      vertex -61.8 -62.3 4.5
      vertex -61.849 -62.2976 4.5
    endloop
  endfacet
  facet normal -0.0489209 0.998803 0
    outer loop
      vertex -61.751 -62.2976 4.5
      vertex -61.8 -62.3 6.1
      vertex -61.751 -62.2976 6.1
    endloop
  endfacet
  facet normal -0.0489209 0.998803 0
    outer loop
      vertex -61.8 -62.3 6.1
      vertex -61.751 -62.2976 4.5
      vertex -61.8 -62.3 4.5
    endloop
  endfacet
  facet normal 0.242536 0.970143 -0
    outer loop
      vertex -61.8975 -62.2904 4.5
      vertex -61.9451 -62.2785 6.1
      vertex -61.8975 -62.2904 6.1
    endloop
  endfacet
  facet normal 0.242536 0.970143 0
    outer loop
      vertex -61.9451 -62.2785 6.1
      vertex -61.8975 -62.2904 4.5
      vertex -61.9451 -62.2785 4.5
    endloop
  endfacet
  facet normal 0.970143 0.242536 0
    outer loop
      vertex -62.2785 -61.9451 6.1
      vertex -62.2904 -61.8975 4.5
      vertex -62.2904 -61.8975 6.1
    endloop
  endfacet
  facet normal 0.970143 0.242536 0
    outer loop
      vertex -62.2904 -61.8975 4.5
      vertex -62.2785 -61.9451 6.1
      vertex -62.2785 -61.9451 4.5
    endloop
  endfacet
  facet normal 0.425895 0.904773 -0
    outer loop
      vertex -61.9913 -62.2619 4.5
      vertex -62.0357 -62.241 6.1
      vertex -61.9913 -62.2619 6.1
    endloop
  endfacet
  facet normal 0.425895 0.904773 0
    outer loop
      vertex -62.0357 -62.241 6.1
      vertex -61.9913 -62.2619 4.5
      vertex -62.0357 -62.241 4.5
    endloop
  endfacet
  facet normal 0.741874 0.67054 0
    outer loop
      vertex -62.1536 -62.1536 6.1
      vertex -62.1865 -62.1172 4.5
      vertex -62.1865 -62.1172 6.1
    endloop
  endfacet
  facet normal 0.741874 0.67054 0
    outer loop
      vertex -62.1865 -62.1172 4.5
      vertex -62.1536 -62.1536 6.1
      vertex -62.1536 -62.1536 4.5
    endloop
  endfacet
  facet normal 0.98916 0.146844 0
    outer loop
      vertex -62.2904 -61.8975 6.1
      vertex -62.2976 -61.849 4.5
      vertex -62.2976 -61.849 6.1
    endloop
  endfacet
  facet normal 0.98916 0.146844 0
    outer loop
      vertex -62.2976 -61.849 4.5
      vertex -62.2904 -61.8975 6.1
      vertex -62.2904 -61.8975 4.5
    endloop
  endfacet
  facet normal 0.803413 0.595423 0
    outer loop
      vertex -62.1865 -62.1172 6.1
      vertex -62.2157 -62.0778 4.5
      vertex -62.2157 -62.0778 6.1
    endloop
  endfacet
  facet normal 0.803413 0.595423 0
    outer loop
      vertex -62.2157 -62.0778 4.5
      vertex -62.1865 -62.1172 6.1
      vertex -62.1865 -62.1172 4.5
    endloop
  endfacet
  facet normal 0.998803 -0.0489209 0
    outer loop
      vertex -62.3 -61.8 6.1
      vertex -62.2976 -61.751 4.5
      vertex -62.2976 -61.751 6.1
    endloop
  endfacet
  facet normal 0.998803 -0.0489209 0
    outer loop
      vertex -62.2976 -61.751 4.5
      vertex -62.3 -61.8 6.1
      vertex -62.3 -61.8 4.5
    endloop
  endfacet
  facet normal 0.146844 -0.98916 0
    outer loop
      vertex -61.8975 62.2904 4.5
      vertex -61.849 62.2976 6.1
      vertex -61.8975 62.2904 6.1
    endloop
  endfacet
  facet normal 0.146844 -0.98916 0
    outer loop
      vertex -61.849 62.2976 6.1
      vertex -61.8975 62.2904 4.5
      vertex -61.849 62.2976 4.5
    endloop
  endfacet
  facet normal -0.0489209 -0.998803 0
    outer loop
      vertex -61.8 62.3 4.5
      vertex -61.751 62.2976 6.1
      vertex -61.8 62.3 6.1
    endloop
  endfacet
  facet normal -0.0489209 -0.998803 -0
    outer loop
      vertex -61.751 62.2976 6.1
      vertex -61.8 62.3 4.5
      vertex -61.751 62.2976 4.5
    endloop
  endfacet
  facet normal 0.595423 -0.803413 0
    outer loop
      vertex -62.1172 62.1865 4.5
      vertex -62.0778 62.2157 6.1
      vertex -62.1172 62.1865 6.1
    endloop
  endfacet
  facet normal 0.595423 -0.803413 0
    outer loop
      vertex -62.0778 62.2157 6.1
      vertex -62.1172 62.1865 4.5
      vertex -62.0778 62.2157 4.5
    endloop
  endfacet
  facet normal 0.242536 -0.970143 0
    outer loop
      vertex -61.9451 62.2785 4.5
      vertex -61.8975 62.2904 6.1
      vertex -61.9451 62.2785 6.1
    endloop
  endfacet
  facet normal 0.242536 -0.970143 0
    outer loop
      vertex -61.8975 62.2904 6.1
      vertex -61.9451 62.2785 4.5
      vertex -61.8975 62.2904 4.5
    endloop
  endfacet
  facet normal 0.970143 -0.242536 0
    outer loop
      vertex -62.2904 61.8975 6.1
      vertex -62.2785 61.9451 4.5
      vertex -62.2785 61.9451 6.1
    endloop
  endfacet
  facet normal 0.970143 -0.242536 0
    outer loop
      vertex -62.2785 61.9451 4.5
      vertex -62.2904 61.8975 6.1
      vertex -62.2904 61.8975 4.5
    endloop
  endfacet
  facet normal 0.857133 -0.515094 0
    outer loop
      vertex -62.241 62.0357 6.1
      vertex -62.2157 62.0778 4.5
      vertex -62.2157 62.0778 6.1
    endloop
  endfacet
  facet normal 0.857133 -0.515094 0
    outer loop
      vertex -62.2157 62.0778 4.5
      vertex -62.241 62.0357 6.1
      vertex -62.241 62.0357 4.5
    endloop
  endfacet
  facet normal 0.425895 -0.904773 0
    outer loop
      vertex -62.0357 62.241 4.5
      vertex -61.9913 62.2619 6.1
      vertex -62.0357 62.241 6.1
    endloop
  endfacet
  facet normal 0.425895 -0.904773 0
    outer loop
      vertex -61.9913 62.2619 6.1
      vertex -62.0357 62.241 4.5
      vertex -61.9913 62.2619 4.5
    endloop
  endfacet
  facet normal 0.941095 -0.338142 0
    outer loop
      vertex -62.2785 61.9451 6.1
      vertex -62.2619 61.9913 4.5
      vertex -62.2619 61.9913 6.1
    endloop
  endfacet
  facet normal 0.941095 -0.338142 0
    outer loop
      vertex -62.2619 61.9913 4.5
      vertex -62.2785 61.9451 6.1
      vertex -62.2785 61.9451 4.5
    endloop
  endfacet
  facet normal 0.515094 -0.857133 0
    outer loop
      vertex -62.0778 62.2157 4.5
      vertex -62.0357 62.241 6.1
      vertex -62.0778 62.2157 6.1
    endloop
  endfacet
  facet normal 0.515094 -0.857133 0
    outer loop
      vertex -62.0357 62.241 6.1
      vertex -62.0778 62.2157 4.5
      vertex -62.0357 62.241 4.5
    endloop
  endfacet
  facet normal 0.0489209 -0.998803 0
    outer loop
      vertex -61.849 62.2976 4.5
      vertex -61.8 62.3 6.1
      vertex -61.849 62.2976 6.1
    endloop
  endfacet
  facet normal 0.0489209 -0.998803 0
    outer loop
      vertex -61.8 62.3 6.1
      vertex -61.849 62.2976 4.5
      vertex -61.8 62.3 4.5
    endloop
  endfacet
  facet normal -0.146844 -0.98916 0
    outer loop
      vertex -61.751 62.2976 4.5
      vertex -61.7025 62.2904 6.1
      vertex -61.751 62.2976 6.1
    endloop
  endfacet
  facet normal -0.146844 -0.98916 -0
    outer loop
      vertex -61.7025 62.2904 6.1
      vertex -61.751 62.2976 4.5
      vertex -61.7025 62.2904 4.5
    endloop
  endfacet
  facet normal 0.338142 -0.941095 0
    outer loop
      vertex -61.9913 62.2619 4.5
      vertex -61.9451 62.2785 6.1
      vertex -61.9913 62.2619 6.1
    endloop
  endfacet
  facet normal 0.338142 -0.941095 0
    outer loop
      vertex -61.9451 62.2785 6.1
      vertex -61.9913 62.2619 4.5
      vertex -61.9451 62.2785 4.5
    endloop
  endfacet
  facet normal -0.24475 -0.969586 0
    outer loop
      vertex -61.7025 62.2904 4.5
      vertex -61.6922 62.2878 6.1
      vertex -61.7025 62.2904 6.1
    endloop
  endfacet
  facet normal -0.24475 -0.969586 -0
    outer loop
      vertex -61.6922 62.2878 6.1
      vertex -61.7025 62.2904 4.5
      vertex -61.6922 62.2878 4.5
    endloop
  endfacet
  facet normal 0.904773 -0.425895 0
    outer loop
      vertex -62.2619 61.9913 6.1
      vertex -62.241 62.0357 4.5
      vertex -62.241 62.0357 6.1
    endloop
  endfacet
  facet normal 0.904773 -0.425895 0
    outer loop
      vertex -62.241 62.0357 4.5
      vertex -62.2619 61.9913 6.1
      vertex -62.2619 61.9913 4.5
    endloop
  endfacet
  facet normal 0.998803 0.0489209 0
    outer loop
      vertex -62.2976 61.751 6.1
      vertex -62.3 61.8 4.5
      vertex -62.3 61.8 6.1
    endloop
  endfacet
  facet normal 0.998803 0.0489209 0
    outer loop
      vertex -62.3 61.8 4.5
      vertex -62.2976 61.751 6.1
      vertex -62.2976 61.751 4.5
    endloop
  endfacet
  facet normal 0.98916 -0.146844 0
    outer loop
      vertex -62.2976 61.849 6.1
      vertex -62.2904 61.8975 4.5
      vertex -62.2904 61.8975 6.1
    endloop
  endfacet
  facet normal 0.98916 -0.146844 0
    outer loop
      vertex -62.2904 61.8975 4.5
      vertex -62.2976 61.849 6.1
      vertex -62.2976 61.849 4.5
    endloop
  endfacet
  facet normal 0.969586 0.24475 0
    outer loop
      vertex -62.2878 61.6922 6.1
      vertex -62.2904 61.7025 4.5
      vertex -62.2904 61.7025 6.1
    endloop
  endfacet
  facet normal 0.969586 0.24475 0
    outer loop
      vertex -62.2904 61.7025 4.5
      vertex -62.2878 61.6922 6.1
      vertex -62.2878 61.6922 4.5
    endloop
  endfacet
  facet normal 0.67054 -0.741874 0
    outer loop
      vertex -62.1536 62.1536 4.5
      vertex -62.1172 62.1865 6.1
      vertex -62.1536 62.1536 6.1
    endloop
  endfacet
  facet normal 0.67054 -0.741874 0
    outer loop
      vertex -62.1172 62.1865 6.1
      vertex -62.1536 62.1536 4.5
      vertex -62.1172 62.1865 4.5
    endloop
  endfacet
  facet normal 0.98916 0.146844 0
    outer loop
      vertex -62.2904 61.7025 6.1
      vertex -62.2976 61.751 4.5
      vertex -62.2976 61.751 6.1
    endloop
  endfacet
  facet normal 0.98916 0.146844 0
    outer loop
      vertex -62.2976 61.751 4.5
      vertex -62.2904 61.7025 6.1
      vertex -62.2904 61.7025 4.5
    endloop
  endfacet
  facet normal 0.741874 -0.67054 0
    outer loop
      vertex -62.1865 62.1172 6.1
      vertex -62.1536 62.1536 4.5
      vertex -62.1536 62.1536 6.1
    endloop
  endfacet
  facet normal 0.741874 -0.67054 0
    outer loop
      vertex -62.1536 62.1536 4.5
      vertex -62.1865 62.1172 6.1
      vertex -62.1865 62.1172 4.5
    endloop
  endfacet
  facet normal 0.803413 -0.595423 0
    outer loop
      vertex -62.2157 62.0778 6.1
      vertex -62.1865 62.1172 4.5
      vertex -62.1865 62.1172 6.1
    endloop
  endfacet
  facet normal 0.803413 -0.595423 0
    outer loop
      vertex -62.1865 62.1172 4.5
      vertex -62.2157 62.0778 6.1
      vertex -62.2157 62.0778 4.5
    endloop
  endfacet
  facet normal 0.998803 -0.0489209 0
    outer loop
      vertex -62.3 61.8 6.1
      vertex -62.2976 61.849 4.5
      vertex -62.2976 61.849 6.1
    endloop
  endfacet
  facet normal 0.998803 -0.0489209 0
    outer loop
      vertex -62.2976 61.849 4.5
      vertex -62.3 61.8 6.1
      vertex -62.3 61.8 4.5
    endloop
  endfacet
  facet normal -0.98916 -0.146844 0
    outer loop
      vertex 62.2976 -61.751 4.5
      vertex 62.2904 -61.7025 6.1
      vertex 62.2904 -61.7025 4.5
    endloop
  endfacet
  facet normal -0.98916 -0.146844 0
    outer loop
      vertex 62.2904 -61.7025 6.1
      vertex 62.2976 -61.751 4.5
      vertex 62.2976 -61.751 6.1
    endloop
  endfacet
  facet normal -0.998803 -0.0489209 0
    outer loop
      vertex 62.3 -61.8 4.5
      vertex 62.2976 -61.751 6.1
      vertex 62.2976 -61.751 4.5
    endloop
  endfacet
  facet normal -0.998803 -0.0489209 0
    outer loop
      vertex 62.2976 -61.751 6.1
      vertex 62.3 -61.8 4.5
      vertex 62.3 -61.8 6.1
    endloop
  endfacet
  facet normal -0.969586 -0.24475 0
    outer loop
      vertex 62.2904 -61.7025 4.5
      vertex 62.2878 -61.6922 6.1
      vertex 62.2878 -61.6922 4.5
    endloop
  endfacet
  facet normal -0.969586 -0.24475 0
    outer loop
      vertex 62.2878 -61.6922 6.1
      vertex 62.2904 -61.7025 4.5
      vertex 62.2904 -61.7025 6.1
    endloop
  endfacet
  facet normal -0.0489209 0.998803 0
    outer loop
      vertex 61.849 -62.2976 4.5
      vertex 61.8 -62.3 6.1
      vertex 61.849 -62.2976 6.1
    endloop
  endfacet
  facet normal -0.0489209 0.998803 0
    outer loop
      vertex 61.8 -62.3 6.1
      vertex 61.849 -62.2976 4.5
      vertex 61.8 -62.3 4.5
    endloop
  endfacet
  facet normal -0.98916 0.146844 0
    outer loop
      vertex 62.2904 -61.8975 4.5
      vertex 62.2976 -61.849 6.1
      vertex 62.2976 -61.849 4.5
    endloop
  endfacet
  facet normal -0.98916 0.146844 0
    outer loop
      vertex 62.2976 -61.849 6.1
      vertex 62.2904 -61.8975 4.5
      vertex 62.2904 -61.8975 6.1
    endloop
  endfacet
  facet normal -0.941095 0.338142 0
    outer loop
      vertex 62.2619 -61.9913 4.5
      vertex 62.2785 -61.9451 6.1
      vertex 62.2785 -61.9451 4.5
    endloop
  endfacet
  facet normal -0.941095 0.338142 0
    outer loop
      vertex 62.2785 -61.9451 6.1
      vertex 62.2619 -61.9913 4.5
      vertex 62.2619 -61.9913 6.1
    endloop
  endfacet
  facet normal 0.0489209 0.998803 -0
    outer loop
      vertex 61.8 -62.3 4.5
      vertex 61.751 -62.2976 6.1
      vertex 61.8 -62.3 6.1
    endloop
  endfacet
  facet normal 0.0489209 0.998803 0
    outer loop
      vertex 61.751 -62.2976 6.1
      vertex 61.8 -62.3 4.5
      vertex 61.751 -62.2976 4.5
    endloop
  endfacet
  facet normal -0.242536 0.970143 0
    outer loop
      vertex 61.9451 -62.2785 4.5
      vertex 61.8975 -62.2904 6.1
      vertex 61.9451 -62.2785 6.1
    endloop
  endfacet
  facet normal -0.242536 0.970143 0
    outer loop
      vertex 61.8975 -62.2904 6.1
      vertex 61.9451 -62.2785 4.5
      vertex 61.8975 -62.2904 4.5
    endloop
  endfacet
  facet normal -0.998803 0.0489209 0
    outer loop
      vertex 62.2976 -61.849 4.5
      vertex 62.3 -61.8 6.1
      vertex 62.3 -61.8 4.5
    endloop
  endfacet
  facet normal -0.998803 0.0489209 0
    outer loop
      vertex 62.3 -61.8 6.1
      vertex 62.2976 -61.849 4.5
      vertex 62.2976 -61.849 6.1
    endloop
  endfacet
  facet normal -0.970143 0.242536 0
    outer loop
      vertex 62.2785 -61.9451 4.5
      vertex 62.2904 -61.8975 6.1
      vertex 62.2904 -61.8975 4.5
    endloop
  endfacet
  facet normal -0.970143 0.242536 0
    outer loop
      vertex 62.2904 -61.8975 6.1
      vertex 62.2785 -61.9451 4.5
      vertex 62.2785 -61.9451 6.1
    endloop
  endfacet
  facet normal -0.425895 0.904773 0
    outer loop
      vertex 62.0357 -62.241 4.5
      vertex 61.9913 -62.2619 6.1
      vertex 62.0357 -62.241 6.1
    endloop
  endfacet
  facet normal -0.425895 0.904773 0
    outer loop
      vertex 61.9913 -62.2619 6.1
      vertex 62.0357 -62.241 4.5
      vertex 61.9913 -62.2619 4.5
    endloop
  endfacet
  facet normal -0.67054 0.741874 0
    outer loop
      vertex 62.1536 -62.1536 4.5
      vertex 62.1172 -62.1865 6.1
      vertex 62.1536 -62.1536 6.1
    endloop
  endfacet
  facet normal -0.67054 0.741874 0
    outer loop
      vertex 62.1172 -62.1865 6.1
      vertex 62.1536 -62.1536 4.5
      vertex 62.1172 -62.1865 4.5
    endloop
  endfacet
  facet normal -0.515094 0.857133 0
    outer loop
      vertex 62.0778 -62.2157 4.5
      vertex 62.0357 -62.241 6.1
      vertex 62.0778 -62.2157 6.1
    endloop
  endfacet
  facet normal -0.515094 0.857133 0
    outer loop
      vertex 62.0357 -62.241 6.1
      vertex 62.0778 -62.2157 4.5
      vertex 62.0357 -62.241 4.5
    endloop
  endfacet
  facet normal -0.741874 0.67054 0
    outer loop
      vertex 62.1536 -62.1536 4.5
      vertex 62.1865 -62.1172 6.1
      vertex 62.1865 -62.1172 4.5
    endloop
  endfacet
  facet normal -0.741874 0.67054 0
    outer loop
      vertex 62.1865 -62.1172 6.1
      vertex 62.1536 -62.1536 4.5
      vertex 62.1536 -62.1536 6.1
    endloop
  endfacet
  facet normal -0.338142 0.941095 0
    outer loop
      vertex 61.9913 -62.2619 4.5
      vertex 61.9451 -62.2785 6.1
      vertex 61.9913 -62.2619 6.1
    endloop
  endfacet
  facet normal -0.338142 0.941095 0
    outer loop
      vertex 61.9451 -62.2785 6.1
      vertex 61.9913 -62.2619 4.5
      vertex 61.9451 -62.2785 4.5
    endloop
  endfacet
  facet normal -0.904773 0.425895 0
    outer loop
      vertex 62.241 -62.0357 4.5
      vertex 62.2619 -61.9913 6.1
      vertex 62.2619 -61.9913 4.5
    endloop
  endfacet
  facet normal -0.904773 0.425895 0
    outer loop
      vertex 62.2619 -61.9913 6.1
      vertex 62.241 -62.0357 4.5
      vertex 62.241 -62.0357 6.1
    endloop
  endfacet
  facet normal 0.24475 0.969586 -0
    outer loop
      vertex 61.7025 -62.2904 4.5
      vertex 61.6922 -62.2878 6.1
      vertex 61.7025 -62.2904 6.1
    endloop
  endfacet
  facet normal 0.24475 0.969586 0
    outer loop
      vertex 61.6922 -62.2878 6.1
      vertex 61.7025 -62.2904 4.5
      vertex 61.6922 -62.2878 4.5
    endloop
  endfacet
  facet normal -0.857133 0.515094 0
    outer loop
      vertex 62.2157 -62.0778 4.5
      vertex 62.241 -62.0357 6.1
      vertex 62.241 -62.0357 4.5
    endloop
  endfacet
  facet normal -0.857133 0.515094 0
    outer loop
      vertex 62.241 -62.0357 6.1
      vertex 62.2157 -62.0778 4.5
      vertex 62.2157 -62.0778 6.1
    endloop
  endfacet
  facet normal -0.803413 0.595423 0
    outer loop
      vertex 62.1865 -62.1172 4.5
      vertex 62.2157 -62.0778 6.1
      vertex 62.2157 -62.0778 4.5
    endloop
  endfacet
  facet normal -0.803413 0.595423 0
    outer loop
      vertex 62.2157 -62.0778 6.1
      vertex 62.1865 -62.1172 4.5
      vertex 62.1865 -62.1172 6.1
    endloop
  endfacet
  facet normal 0.146844 0.98916 -0
    outer loop
      vertex 61.751 -62.2976 4.5
      vertex 61.7025 -62.2904 6.1
      vertex 61.751 -62.2976 6.1
    endloop
  endfacet
  facet normal 0.146844 0.98916 0
    outer loop
      vertex 61.7025 -62.2904 6.1
      vertex 61.751 -62.2976 4.5
      vertex 61.7025 -62.2904 4.5
    endloop
  endfacet
  facet normal -0.146844 0.98916 0
    outer loop
      vertex 61.8975 -62.2904 4.5
      vertex 61.849 -62.2976 6.1
      vertex 61.8975 -62.2904 6.1
    endloop
  endfacet
  facet normal -0.146844 0.98916 0
    outer loop
      vertex 61.849 -62.2976 6.1
      vertex 61.8975 -62.2904 4.5
      vertex 61.849 -62.2976 4.5
    endloop
  endfacet
  facet normal -0.595423 0.803413 0
    outer loop
      vertex 62.1172 -62.1865 4.5
      vertex 62.0778 -62.2157 6.1
      vertex 62.1172 -62.1865 6.1
    endloop
  endfacet
  facet normal -0.595423 0.803413 0
    outer loop
      vertex 62.0778 -62.2157 6.1
      vertex 62.1172 -62.1865 4.5
      vertex 62.0778 -62.2157 4.5
    endloop
  endfacet
  facet normal -0.98916 -0.146844 0
    outer loop
      vertex 62.2976 61.849 4.5
      vertex 62.2904 61.8975 6.1
      vertex 62.2904 61.8975 4.5
    endloop
  endfacet
  facet normal -0.98916 -0.146844 0
    outer loop
      vertex 62.2904 61.8975 6.1
      vertex 62.2976 61.849 4.5
      vertex 62.2976 61.849 6.1
    endloop
  endfacet
  facet normal -0.998803 -0.0489209 0
    outer loop
      vertex 62.3 61.8 4.5
      vertex 62.2976 61.849 6.1
      vertex 62.2976 61.849 4.5
    endloop
  endfacet
  facet normal -0.998803 -0.0489209 0
    outer loop
      vertex 62.2976 61.849 6.1
      vertex 62.3 61.8 4.5
      vertex 62.3 61.8 6.1
    endloop
  endfacet
  facet normal -0.970143 -0.242536 0
    outer loop
      vertex 62.2904 61.8975 4.5
      vertex 62.2785 61.9451 6.1
      vertex 62.2785 61.9451 4.5
    endloop
  endfacet
  facet normal -0.970143 -0.242536 0
    outer loop
      vertex 62.2785 61.9451 6.1
      vertex 62.2904 61.8975 4.5
      vertex 62.2904 61.8975 6.1
    endloop
  endfacet
  facet normal -0.0489209 -0.998803 0
    outer loop
      vertex 61.8 62.3 4.5
      vertex 61.849 62.2976 6.1
      vertex 61.8 62.3 6.1
    endloop
  endfacet
  facet normal -0.0489209 -0.998803 -0
    outer loop
      vertex 61.849 62.2976 6.1
      vertex 61.8 62.3 4.5
      vertex 61.849 62.2976 4.5
    endloop
  endfacet
  facet normal -0.941095 -0.338142 0
    outer loop
      vertex 62.2785 61.9451 4.5
      vertex 62.2619 61.9913 6.1
      vertex 62.2619 61.9913 4.5
    endloop
  endfacet
  facet normal -0.941095 -0.338142 0
    outer loop
      vertex 62.2619 61.9913 6.1
      vertex 62.2785 61.9451 4.5
      vertex 62.2785 61.9451 6.1
    endloop
  endfacet
  facet normal -0.338142 -0.941095 0
    outer loop
      vertex 61.9451 62.2785 4.5
      vertex 61.9913 62.2619 6.1
      vertex 61.9451 62.2785 6.1
    endloop
  endfacet
  facet normal -0.338142 -0.941095 -0
    outer loop
      vertex 61.9913 62.2619 6.1
      vertex 61.9451 62.2785 4.5
      vertex 61.9913 62.2619 4.5
    endloop
  endfacet
  facet normal 0.24475 -0.969586 0
    outer loop
      vertex 61.6922 62.2878 4.5
      vertex 61.7025 62.2904 6.1
      vertex 61.6922 62.2878 6.1
    endloop
  endfacet
  facet normal 0.24475 -0.969586 0
    outer loop
      vertex 61.7025 62.2904 6.1
      vertex 61.6922 62.2878 4.5
      vertex 61.7025 62.2904 4.5
    endloop
  endfacet
  facet normal -0.146844 -0.98916 0
    outer loop
      vertex 61.849 62.2976 4.5
      vertex 61.8975 62.2904 6.1
      vertex 61.849 62.2976 6.1
    endloop
  endfacet
  facet normal -0.146844 -0.98916 -0
    outer loop
      vertex 61.8975 62.2904 6.1
      vertex 61.849 62.2976 4.5
      vertex 61.8975 62.2904 4.5
    endloop
  endfacet
  facet normal -0.98916 0.146844 0
    outer loop
      vertex 62.2904 61.7025 4.5
      vertex 62.2976 61.751 6.1
      vertex 62.2976 61.751 4.5
    endloop
  endfacet
  facet normal -0.98916 0.146844 0
    outer loop
      vertex 62.2976 61.751 6.1
      vertex 62.2904 61.7025 4.5
      vertex 62.2904 61.7025 6.1
    endloop
  endfacet
  facet normal -0.425895 -0.904773 0
    outer loop
      vertex 61.9913 62.2619 4.5
      vertex 62.0357 62.241 6.1
      vertex 61.9913 62.2619 6.1
    endloop
  endfacet
  facet normal -0.425895 -0.904773 -0
    outer loop
      vertex 62.0357 62.241 6.1
      vertex 61.9913 62.2619 4.5
      vertex 62.0357 62.241 4.5
    endloop
  endfacet
  facet normal -0.969586 0.24475 0
    outer loop
      vertex 62.2878 61.6922 4.5
      vertex 62.2904 61.7025 6.1
      vertex 62.2904 61.7025 4.5
    endloop
  endfacet
  facet normal -0.969586 0.24475 0
    outer loop
      vertex 62.2904 61.7025 6.1
      vertex 62.2878 61.6922 4.5
      vertex 62.2878 61.6922 6.1
    endloop
  endfacet
  facet normal -0.803413 -0.595423 0
    outer loop
      vertex 62.2157 62.0778 4.5
      vertex 62.1865 62.1172 6.1
      vertex 62.1865 62.1172 4.5
    endloop
  endfacet
  facet normal -0.803413 -0.595423 0
    outer loop
      vertex 62.1865 62.1172 6.1
      vertex 62.2157 62.0778 4.5
      vertex 62.2157 62.0778 6.1
    endloop
  endfacet
  facet normal -0.998803 0.0489209 0
    outer loop
      vertex 62.2976 61.751 4.5
      vertex 62.3 61.8 6.1
      vertex 62.3 61.8 4.5
    endloop
  endfacet
  facet normal -0.998803 0.0489209 0
    outer loop
      vertex 62.3 61.8 6.1
      vertex 62.2976 61.751 4.5
      vertex 62.2976 61.751 6.1
    endloop
  endfacet
  facet normal -0.595423 -0.803413 0
    outer loop
      vertex 62.0778 62.2157 4.5
      vertex 62.1172 62.1865 6.1
      vertex 62.0778 62.2157 6.1
    endloop
  endfacet
  facet normal -0.595423 -0.803413 -0
    outer loop
      vertex 62.1172 62.1865 6.1
      vertex 62.0778 62.2157 4.5
      vertex 62.1172 62.1865 4.5
    endloop
  endfacet
  facet normal -0.515094 -0.857133 0
    outer loop
      vertex 62.0357 62.241 4.5
      vertex 62.0778 62.2157 6.1
      vertex 62.0357 62.241 6.1
    endloop
  endfacet
  facet normal -0.515094 -0.857133 -0
    outer loop
      vertex 62.0778 62.2157 6.1
      vertex 62.0357 62.241 4.5
      vertex 62.0778 62.2157 4.5
    endloop
  endfacet
  facet normal -0.741874 -0.67054 0
    outer loop
      vertex 62.1865 62.1172 4.5
      vertex 62.1536 62.1536 6.1
      vertex 62.1536 62.1536 4.5
    endloop
  endfacet
  facet normal -0.741874 -0.67054 0
    outer loop
      vertex 62.1536 62.1536 6.1
      vertex 62.1865 62.1172 4.5
      vertex 62.1865 62.1172 6.1
    endloop
  endfacet
  facet normal 0.146844 -0.98916 0
    outer loop
      vertex 61.7025 62.2904 4.5
      vertex 61.751 62.2976 6.1
      vertex 61.7025 62.2904 6.1
    endloop
  endfacet
  facet normal 0.146844 -0.98916 0
    outer loop
      vertex 61.751 62.2976 6.1
      vertex 61.7025 62.2904 4.5
      vertex 61.751 62.2976 4.5
    endloop
  endfacet
  facet normal -0.67054 -0.741874 0
    outer loop
      vertex 62.1172 62.1865 4.5
      vertex 62.1536 62.1536 6.1
      vertex 62.1172 62.1865 6.1
    endloop
  endfacet
  facet normal -0.67054 -0.741874 -0
    outer loop
      vertex 62.1536 62.1536 6.1
      vertex 62.1172 62.1865 4.5
      vertex 62.1536 62.1536 4.5
    endloop
  endfacet
  facet normal -0.904773 -0.425895 0
    outer loop
      vertex 62.2619 61.9913 4.5
      vertex 62.241 62.0357 6.1
      vertex 62.241 62.0357 4.5
    endloop
  endfacet
  facet normal -0.904773 -0.425895 0
    outer loop
      vertex 62.241 62.0357 6.1
      vertex 62.2619 61.9913 4.5
      vertex 62.2619 61.9913 6.1
    endloop
  endfacet
  facet normal -0.857133 -0.515094 0
    outer loop
      vertex 62.241 62.0357 4.5
      vertex 62.2157 62.0778 6.1
      vertex 62.2157 62.0778 4.5
    endloop
  endfacet
  facet normal -0.857133 -0.515094 0
    outer loop
      vertex 62.2157 62.0778 6.1
      vertex 62.241 62.0357 4.5
      vertex 62.241 62.0357 6.1
    endloop
  endfacet
  facet normal 0.0489209 -0.998803 0
    outer loop
      vertex 61.751 62.2976 4.5
      vertex 61.8 62.3 6.1
      vertex 61.751 62.2976 6.1
    endloop
  endfacet
  facet normal 0.0489209 -0.998803 0
    outer loop
      vertex 61.8 62.3 6.1
      vertex 61.751 62.2976 4.5
      vertex 61.8 62.3 4.5
    endloop
  endfacet
  facet normal -0.242536 -0.970143 0
    outer loop
      vertex 61.8975 62.2904 4.5
      vertex 61.9451 62.2785 6.1
      vertex 61.8975 62.2904 6.1
    endloop
  endfacet
  facet normal -0.242536 -0.970143 -0
    outer loop
      vertex 61.9451 62.2785 6.1
      vertex 61.8975 62.2904 4.5
      vertex 61.9451 62.2785 4.5
    endloop
  endfacet
  facet normal -0.195267 0.98075 0
    outer loop
      vertex 36.2889 -10.7528 124
      vertex 36.0001 -10.8103 127.2
      vertex 36.2889 -10.7528 127.2
    endloop
  endfacet
  facet normal -0.195267 0.98075 0
    outer loop
      vertex 36.0001 -10.8103 127.2
      vertex 36.2889 -10.7528 124
      vertex 36.0001 -10.8103 124
    endloop
  endfacet
  facet normal -0.290026 0.957019 0
    outer loop
      vertex 37.332 -10.4767 124
      vertex 37.0502 -10.5621 127.2
      vertex 37.332 -10.4767 127.2
    endloop
  endfacet
  facet normal -0.290026 0.957019 0
    outer loop
      vertex 37.0502 -10.5621 127.2
      vertex 37.332 -10.4767 124
      vertex 37.0502 -10.5621 124
    endloop
  endfacet
  facet normal 0.772961 -0.634454 0
    outer loop
      vertex -42.5909 6.85997 127.2
      vertex -42.4041 7.08755 124
      vertex -42.4041 7.08755 127.2
    endloop
  endfacet
  facet normal 0.772961 -0.634454 0
    outer loop
      vertex -42.4041 7.08755 124
      vertex -42.5909 6.85997 127.2
      vertex -42.5909 6.85997 124
    endloop
  endfacet
  facet normal -0.382782 0.923839 0
    outer loop
      vertex 38.3426 -10.0997 124
      vertex 38.0706 -10.2124 127.2
      vertex 38.3426 -10.0997 127.2
    endloop
  endfacet
  facet normal -0.382782 0.923839 0
    outer loop
      vertex 38.0706 -10.2124 127.2
      vertex 38.3426 -10.0997 124
      vertex 38.0706 -10.2124 124
    endloop
  endfacet
  facet normal -0.242985 0.97003 0
    outer loop
      vertex 37.0502 -10.5621 124
      vertex 36.2889 -10.7528 127.2
      vertex 37.0502 -10.5621 127.2
    endloop
  endfacet
  facet normal -0.242985 0.97003 0
    outer loop
      vertex 36.2889 -10.7528 127.2
      vertex 37.0502 -10.5621 124
      vertex 36.2889 -10.7528 124
    endloop
  endfacet
  facet normal -0.740937 -0.671575 0
    outer loop
      vertex 42.4041 7.08755 124
      vertex 41.8771 7.66898 127.2
      vertex 41.8771 7.66898 124
    endloop
  endfacet
  facet normal -0.740937 -0.671575 0
    outer loop
      vertex 41.8771 7.66898 127.2
      vertex 42.4041 7.08755 124
      vertex 42.4041 7.08755 127.2
    endloop
  endfacet
  facet normal -0.242985 -0.97003 0
    outer loop
      vertex 36.2889 10.7528 124
      vertex 37.0502 10.5621 127.2
      vertex 36.2889 10.7528 127.2
    endloop
  endfacet
  facet normal -0.242985 -0.97003 -0
    outer loop
      vertex 37.0502 10.5621 127.2
      vertex 36.2889 10.7528 124
      vertex 37.0502 10.5621 124
    endloop
  endfacet
  facet normal 0.471426 0.881906 -0
    outer loop
      vertex -39.0522 -9.76411 124
      vertex -39.3118 -9.62534 127.2
      vertex -39.0522 -9.76411 127.2
    endloop
  endfacet
  facet normal 0.471426 0.881906 0
    outer loop
      vertex -39.3118 -9.62534 127.2
      vertex -39.0522 -9.76411 124
      vertex -39.3118 -9.62534 124
    endloop
  endfacet
  facet normal -0.881894 -0.471448 0
    outer loop
      vertex 43.7641 5.05217 124
      vertex 43.6253 5.31181 127.2
      vertex 43.6253 5.31181 124
    endloop
  endfacet
  facet normal -0.881894 -0.471448 0
    outer loop
      vertex 43.6253 5.31181 127.2
      vertex 43.7641 5.05217 124
      vertex 43.7641 5.05217 127.2
    endloop
  endfacet
  facet normal 0 1 -0
    outer loop
      vertex 33.9264 -11 124
      vertex -33.9264 -11 127.2
      vertex 33.9264 -11 127.2
    endloop
  endfacet
  facet normal 0 1 0
    outer loop
      vertex -33.9264 -11 127.2
      vertex 33.9264 -11 124
      vertex -33.9264 -11 124
    endloop
  endfacet
  facet normal -0.998796 0.0490606 0
    outer loop
      vertex 44.9543 -0.93103 124
      vertex 44.9928 -0.147232 127.2
      vertex 44.9928 -0.147232 124
    endloop
  endfacet
  facet normal -0.998796 0.0490606 0
    outer loop
      vertex 44.9928 -0.147232 127.2
      vertex 44.9543 -0.93103 124
      vertex 44.9543 -0.93103 127.2
    endloop
  endfacet
  facet normal 0 -1 0
    outer loop
      vertex -33.9264 11 124
      vertex 33.9264 11 127.2
      vertex -33.9264 11 127.2
    endloop
  endfacet
  facet normal 0 -1 -0
    outer loop
      vertex 33.9264 11 127.2
      vertex -33.9264 11 124
      vertex 33.9264 11 124
    endloop
  endfacet
  facet normal -0.0490429 -0.998797 0
    outer loop
      vertex 34.0736 10.9964 124
      vertex 34.931 10.9543 127.2
      vertex 34.0736 10.9964 127.2
    endloop
  endfacet
  facet normal -0.0490429 -0.998797 -0
    outer loop
      vertex 34.931 10.9543 127.2
      vertex 34.0736 10.9964 124
      vertex 34.931 10.9543 124
    endloop
  endfacet
  facet normal 0.881894 -0.471448 0
    outer loop
      vertex -43.7641 5.05217 127.2
      vertex -43.6253 5.31181 124
      vertex -43.6253 5.31181 127.2
    endloop
  endfacet
  facet normal 0.881894 -0.471448 0
    outer loop
      vertex -43.6253 5.31181 124
      vertex -43.7641 5.05217 127.2
      vertex -43.7641 5.05217 124
    endloop
  endfacet
  facet normal 0.857777 0.514021 0
    outer loop
      vertex -43.222 -5.98482 127.2
      vertex -43.6253 -5.31181 124
      vertex -43.6253 -5.31181 127.2
    endloop
  endfacet
  facet normal 0.857777 0.514021 0
    outer loop
      vertex -43.6253 -5.31181 124
      vertex -43.222 -5.98482 127.2
      vertex -43.222 -5.98482 124
    endloop
  endfacet
  facet normal -0.989182 -0.146692 0
    outer loop
      vertex 44.9254 1.22397 124
      vertex 44.8103 2.00012 127.2
      vertex 44.8103 2.00012 124
    endloop
  endfacet
  facet normal -0.989182 -0.146692 0
    outer loop
      vertex 44.8103 2.00012 127.2
      vertex 44.9254 1.22397 124
      vertex 44.9254 1.22397 127.2
    endloop
  endfacet
  facet normal 0.242985 0.97003 -0
    outer loop
      vertex -36.2889 -10.7528 124
      vertex -37.0502 -10.5621 127.2
      vertex -36.2889 -10.7528 127.2
    endloop
  endfacet
  facet normal 0.242985 0.97003 0
    outer loop
      vertex -37.0502 -10.5621 127.2
      vertex -36.2889 -10.7528 124
      vertex -37.0502 -10.5621 124
    endloop
  endfacet
  facet normal 0.941549 -0.336877 0
    outer loop
      vertex -44.4767 3.33195 127.2
      vertex -44.2124 4.07065 124
      vertex -44.2124 4.07065 127.2
    endloop
  endfacet
  facet normal 0.941549 -0.336877 0
    outer loop
      vertex -44.2124 4.07065 124
      vertex -44.4767 3.33195 127.2
      vertex -44.4767 3.33195 124
    endloop
  endfacet
  facet normal 0.514111 -0.857723 0
    outer loop
      vertex -39.9848 9.22195 124
      vertex -39.3118 9.62534 127.2
      vertex -39.9848 9.22195 127.2
    endloop
  endfacet
  facet normal 0.514111 -0.857723 0
    outer loop
      vertex -39.3118 9.62534 127.2
      vertex -39.9848 9.22195 124
      vertex -39.3118 9.62534 124
    endloop
  endfacet
  facet normal -0.0981585 -0.995171 0
    outer loop
      vertex 34.931 10.9543 124
      vertex 35.224 10.9254 127.2
      vertex 34.931 10.9543 127.2
    endloop
  endfacet
  facet normal -0.0981585 -0.995171 -0
    outer loop
      vertex 35.224 10.9254 127.2
      vertex 34.931 10.9543 124
      vertex 35.224 10.9254 124
    endloop
  endfacet
  facet normal -0.146701 -0.989181 0
    outer loop
      vertex 35.224 10.9254 124
      vertex 36.0001 10.8103 127.2
      vertex 35.224 10.9254 127.2
    endloop
  endfacet
  facet normal -0.146701 -0.989181 -0
    outer loop
      vertex 36.0001 10.8103 127.2
      vertex 35.224 10.9254 124
      vertex 36.0001 10.8103 124
    endloop
  endfacet
  facet normal 0.740937 0.671575 0
    outer loop
      vertex -41.8771 -7.66898 127.2
      vertex -42.4041 -7.08755 124
      vertex -42.4041 -7.08755 127.2
    endloop
  endfacet
  facet normal 0.740937 0.671575 0
    outer loop
      vertex -42.4041 -7.08755 124
      vertex -41.8771 -7.66898 127.2
      vertex -41.8771 -7.66898 124
    endloop
  endfacet
  facet normal 0.831433 0.555625 0
    outer loop
      vertex -43.0584 -6.22963 127.2
      vertex -43.222 -5.98482 124
      vertex -43.222 -5.98482 127.2
    endloop
  endfacet
  facet normal 0.831433 0.555625 0
    outer loop
      vertex -43.222 -5.98482 124
      vertex -43.0584 -6.22963 127.2
      vertex -43.0584 -6.22963 124
    endloop
  endfacet
  facet normal -0.146701 0.989181 0
    outer loop
      vertex 36.0001 -10.8103 124
      vertex 35.224 -10.9254 127.2
      vertex 36.0001 -10.8103 127.2
    endloop
  endfacet
  facet normal -0.146701 0.989181 0
    outer loop
      vertex 35.224 -10.9254 127.2
      vertex 36.0001 -10.8103 124
      vertex 35.224 -10.9254 124
    endloop
  endfacet
  facet normal -0.772961 -0.634454 0
    outer loop
      vertex 42.5909 6.85997 124
      vertex 42.4041 7.08755 127.2
      vertex 42.4041 7.08755 124
    endloop
  endfacet
  facet normal -0.772961 -0.634454 0
    outer loop
      vertex 42.4041 7.08755 127.2
      vertex 42.5909 6.85997 124
      vertex 42.5909 6.85997 127.2
    endloop
  endfacet
  facet normal 0.0244492 0.999701 -0
    outer loop
      vertex -33.9264 -11 124
      vertex -34.0736 -10.9964 127.2
      vertex -33.9264 -11 127.2
    endloop
  endfacet
  facet normal 0.0244492 0.999701 0
    outer loop
      vertex -34.0736 -10.9964 127.2
      vertex -33.9264 -11 124
      vertex -34.0736 -10.9964 124
    endloop
  endfacet
  facet normal -0.707175 -0.707039 0
    outer loop
      vertex 41.8771 7.66898 124
      vertex 41.669 7.87712 127.2
      vertex 41.669 7.87712 124
    endloop
  endfacet
  facet normal -0.707175 -0.707039 0
    outer loop
      vertex 41.669 7.87712 127.2
      vertex 41.8771 7.66898 124
      vertex 41.8771 7.66898 127.2
    endloop
  endfacet
  facet normal 0.989182 -0.146692 0
    outer loop
      vertex -44.9254 1.22397 127.2
      vertex -44.8103 2.00012 124
      vertex -44.8103 2.00012 127.2
    endloop
  endfacet
  facet normal 0.989182 -0.146692 0
    outer loop
      vertex -44.8103 2.00012 124
      vertex -44.9254 1.22397 127.2
      vertex -44.9254 1.22397 124
    endloop
  endfacet
  facet normal 0.63436 0.773038 -0
    outer loop
      vertex -40.86 -8.59087 124
      vertex -41.0876 -8.4041 127.2
      vertex -40.86 -8.59087 127.2
    endloop
  endfacet
  facet normal 0.63436 0.773038 0
    outer loop
      vertex -41.0876 -8.4041 127.2
      vertex -40.86 -8.59087 124
      vertex -41.0876 -8.4041 124
    endloop
  endfacet
  facet normal -0.980749 -0.195274 0
    outer loop
      vertex 44.8103 2.00012 124
      vertex 44.7528 2.28891 127.2
      vertex 44.7528 2.28891 124
    endloop
  endfacet
  facet normal -0.980749 -0.195274 0
    outer loop
      vertex 44.7528 2.28891 127.2
      vertex 44.8103 2.00012 124
      vertex 44.8103 2.00012 127.2
    endloop
  endfacet
  facet normal -0.0981585 0.995171 0
    outer loop
      vertex 35.224 -10.9254 124
      vertex 34.931 -10.9543 127.2
      vertex 35.224 -10.9254 127.2
    endloop
  endfacet
  facet normal -0.0981585 0.995171 0
    outer loop
      vertex 34.931 -10.9543 127.2
      vertex 35.224 -10.9254 124
      vertex 34.931 -10.9543 124
    endloop
  endfacet
  facet normal -0.941549 0.336877 0
    outer loop
      vertex 44.2124 -4.07065 124
      vertex 44.4767 -3.33195 127.2
      vertex 44.4767 -3.33195 124
    endloop
  endfacet
  facet normal -0.941549 0.336877 0
    outer loop
      vertex 44.4767 -3.33195 127.2
      vertex 44.2124 -4.07065 124
      vertex 44.2124 -4.07065 127.2
    endloop
  endfacet
  facet normal -0.857777 -0.514021 0
    outer loop
      vertex 43.6253 5.31181 124
      vertex 43.222 5.98482 127.2
      vertex 43.222 5.98482 124
    endloop
  endfacet
  facet normal -0.857777 -0.514021 0
    outer loop
      vertex 43.222 5.98482 127.2
      vertex 43.6253 5.31181 124
      vertex 43.6253 5.31181 127.2
    endloop
  endfacet
  facet normal 0.290026 -0.957019 0
    outer loop
      vertex -37.332 10.4767 124
      vertex -37.0502 10.5621 127.2
      vertex -37.332 10.4767 127.2
    endloop
  endfacet
  facet normal 0.290026 -0.957019 0
    outer loop
      vertex -37.0502 10.5621 127.2
      vertex -37.332 10.4767 124
      vertex -37.0502 10.5621 124
    endloop
  endfacet
  facet normal 0.595661 0.803236 -0
    outer loop
      vertex -40.2296 -9.05836 124
      vertex -40.86 -8.59087 127.2
      vertex -40.2296 -9.05836 127.2
    endloop
  endfacet
  facet normal 0.595661 0.803236 0
    outer loop
      vertex -40.86 -8.59087 127.2
      vertex -40.2296 -9.05836 124
      vertex -40.86 -8.59087 124
    endloop
  endfacet
  facet normal 0.0981585 0.995171 -0
    outer loop
      vertex -34.931 -10.9543 124
      vertex -35.224 -10.9254 127.2
      vertex -34.931 -10.9543 127.2
    endloop
  endfacet
  facet normal 0.0981585 0.995171 0
    outer loop
      vertex -35.224 -10.9254 127.2
      vertex -34.931 -10.9543 124
      vertex -35.224 -10.9254 124
    endloop
  endfacet
  facet normal -0.0490429 0.998797 0
    outer loop
      vertex 34.931 -10.9543 124
      vertex 34.0736 -10.9964 127.2
      vertex 34.931 -10.9543 127.2
    endloop
  endfacet
  facet normal -0.0490429 0.998797 0
    outer loop
      vertex 34.0736 -10.9964 127.2
      vertex 34.931 -10.9543 124
      vertex 34.0736 -10.9964 124
    endloop
  endfacet
  facet normal -0.427528 0.904002 0
    outer loop
      vertex 39.0522 -9.76411 124
      vertex 38.3426 -10.0997 127.2
      vertex 39.0522 -9.76411 127.2
    endloop
  endfacet
  facet normal -0.427528 0.904002 0
    outer loop
      vertex 38.3426 -10.0997 127.2
      vertex 39.0522 -9.76411 124
      vertex 38.3426 -10.0997 124
    endloop
  endfacet
  facet normal 0.707175 0.707039 0
    outer loop
      vertex -41.669 -7.87712 127.2
      vertex -41.8771 -7.66898 124
      vertex -41.8771 -7.66898 127.2
    endloop
  endfacet
  facet normal 0.707175 0.707039 0
    outer loop
      vertex -41.8771 -7.66898 124
      vertex -41.669 -7.87712 127.2
      vertex -41.669 -7.87712 124
    endloop
  endfacet
  facet normal -0.336918 -0.941534 0
    outer loop
      vertex 37.332 10.4767 124
      vertex 38.0706 10.2124 127.2
      vertex 37.332 10.4767 127.2
    endloop
  endfacet
  facet normal -0.336918 -0.941534 -0
    outer loop
      vertex 38.0706 10.2124 127.2
      vertex 37.332 10.4767 124
      vertex 38.0706 10.2124 124
    endloop
  endfacet
  facet normal 0.242985 -0.97003 0
    outer loop
      vertex -37.0502 10.5621 124
      vertex -36.2889 10.7528 127.2
      vertex -37.0502 10.5621 127.2
    endloop
  endfacet
  facet normal 0.242985 -0.97003 0
    outer loop
      vertex -36.2889 10.7528 127.2
      vertex -37.0502 10.5621 124
      vertex -36.2889 10.7528 124
    endloop
  endfacet
  facet normal -0.0244492 -0.999701 0
    outer loop
      vertex 33.9264 11 124
      vertex 34.0736 10.9964 127.2
      vertex 33.9264 11 127.2
    endloop
  endfacet
  facet normal -0.0244492 -0.999701 -0
    outer loop
      vertex 34.0736 10.9964 127.2
      vertex 33.9264 11 124
      vertex 34.0736 10.9964 124
    endloop
  endfacet
  facet normal 0.336918 -0.941534 0
    outer loop
      vertex -38.0706 10.2124 124
      vertex -37.332 10.4767 127.2
      vertex -38.0706 10.2124 127.2
    endloop
  endfacet
  facet normal 0.336918 -0.941534 0
    outer loop
      vertex -37.332 10.4767 127.2
      vertex -38.0706 10.2124 124
      vertex -37.332 10.4767 124
    endloop
  endfacet
  facet normal 0.0490429 0.998797 -0
    outer loop
      vertex -34.0736 -10.9964 124
      vertex -34.931 -10.9543 127.2
      vertex -34.0736 -10.9964 127.2
    endloop
  endfacet
  facet normal 0.0490429 0.998797 0
    outer loop
      vertex -34.931 -10.9543 127.2
      vertex -34.0736 -10.9964 124
      vertex -34.931 -10.9543 124
    endloop
  endfacet
  facet normal 0.63436 -0.773038 0
    outer loop
      vertex -41.0876 8.4041 124
      vertex -40.86 8.59087 127.2
      vertex -41.0876 8.4041 127.2
    endloop
  endfacet
  facet normal 0.63436 -0.773038 0
    outer loop
      vertex -40.86 8.59087 127.2
      vertex -41.0876 8.4041 124
      vertex -40.86 8.59087 124
    endloop
  endfacet
  facet normal 0.995169 0.0981784 0
    outer loop
      vertex -44.9254 -1.22397 127.2
      vertex -44.9543 -0.93103 124
      vertex -44.9543 -0.93103 127.2
    endloop
  endfacet
  facet normal 0.995169 0.0981784 0
    outer loop
      vertex -44.9543 -0.93103 124
      vertex -44.9254 -1.22397 127.2
      vertex -44.9254 -1.22397 124
    endloop
  endfacet
  facet normal -0.382782 -0.923839 0
    outer loop
      vertex 38.0706 10.2124 124
      vertex 38.3426 10.0997 127.2
      vertex 38.0706 10.2124 127.2
    endloop
  endfacet
  facet normal -0.382782 -0.923839 -0
    outer loop
      vertex 38.3426 10.0997 127.2
      vertex 38.0706 10.2124 124
      vertex 38.3426 10.0997 124
    endloop
  endfacet
  facet normal -0.831433 0.555625 0
    outer loop
      vertex 43.0584 -6.22963 124
      vertex 43.222 -5.98482 127.2
      vertex 43.222 -5.98482 124
    endloop
  endfacet
  facet normal -0.831433 0.555625 0
    outer loop
      vertex 43.222 -5.98482 127.2
      vertex 43.0584 -6.22963 124
      vertex 43.0584 -6.22963 127.2
    endloop
  endfacet
  facet normal 0.998796 0.0490606 0
    outer loop
      vertex -44.9543 -0.93103 127.2
      vertex -44.9928 -0.147232 124
      vertex -44.9928 -0.147232 127.2
    endloop
  endfacet
  facet normal 0.998796 0.0490606 0
    outer loop
      vertex -44.9928 -0.147232 124
      vertex -44.9543 -0.93103 127.2
      vertex -44.9543 -0.93103 124
    endloop
  endfacet
  facet normal 0.970031 -0.242979 0
    outer loop
      vertex -44.7528 2.28891 127.2
      vertex -44.5621 3.05023 124
      vertex -44.5621 3.05023 127.2
    endloop
  endfacet
  facet normal 0.970031 -0.242979 0
    outer loop
      vertex -44.5621 3.05023 124
      vertex -44.7528 2.28891 127.2
      vertex -44.7528 2.28891 124
    endloop
  endfacet
  facet normal -0.195267 -0.98075 0
    outer loop
      vertex 36.0001 10.8103 124
      vertex 36.2889 10.7528 127.2
      vertex 36.0001 10.8103 127.2
    endloop
  endfacet
  facet normal -0.195267 -0.98075 -0
    outer loop
      vertex 36.2889 10.7528 127.2
      vertex 36.0001 10.8103 124
      vertex 36.2889 10.7528 124
    endloop
  endfacet
  facet normal 0.146701 -0.989181 0
    outer loop
      vertex -36.0001 10.8103 124
      vertex -35.224 10.9254 127.2
      vertex -36.0001 10.8103 127.2
    endloop
  endfacet
  facet normal 0.146701 -0.989181 0
    outer loop
      vertex -35.224 10.9254 127.2
      vertex -36.0001 10.8103 124
      vertex -35.224 10.9254 124
    endloop
  endfacet
  facet normal -0.995169 0.0981784 0
    outer loop
      vertex 44.9254 -1.22397 124
      vertex 44.9543 -0.93103 127.2
      vertex 44.9543 -0.93103 124
    endloop
  endfacet
  facet normal -0.995169 0.0981784 0
    outer loop
      vertex 44.9543 -0.93103 127.2
      vertex 44.9254 -1.22397 124
      vertex 44.9254 -1.22397 127.2
    endloop
  endfacet
  facet normal 0.382782 -0.923839 0
    outer loop
      vertex -38.3426 10.0997 124
      vertex -38.0706 10.2124 127.2
      vertex -38.3426 10.0997 127.2
    endloop
  endfacet
  facet normal 0.382782 -0.923839 0
    outer loop
      vertex -38.0706 10.2124 127.2
      vertex -38.3426 10.0997 124
      vertex -38.0706 10.2124 124
    endloop
  endfacet
  facet normal 0.980749 0.195274 0
    outer loop
      vertex -44.7528 -2.28891 127.2
      vertex -44.8103 -2.00012 124
      vertex -44.8103 -2.00012 127.2
    endloop
  endfacet
  facet normal 0.980749 0.195274 0
    outer loop
      vertex -44.8103 -2.00012 124
      vertex -44.7528 -2.28891 127.2
      vertex -44.7528 -2.28891 124
    endloop
  endfacet
  facet normal 0.0981585 -0.995171 0
    outer loop
      vertex -35.224 10.9254 124
      vertex -34.931 10.9543 127.2
      vertex -35.224 10.9254 127.2
    endloop
  endfacet
  facet normal 0.0981585 -0.995171 0
    outer loop
      vertex -34.931 10.9543 127.2
      vertex -35.224 10.9254 124
      vertex -34.931 10.9543 124
    endloop
  endfacet
  facet normal -0.514111 0.857723 0
    outer loop
      vertex 39.9848 -9.22195 124
      vertex 39.3118 -9.62534 127.2
      vertex 39.9848 -9.22195 127.2
    endloop
  endfacet
  facet normal -0.514111 0.857723 0
    outer loop
      vertex 39.3118 -9.62534 127.2
      vertex 39.9848 -9.22195 124
      vertex 39.3118 -9.62534 124
    endloop
  endfacet
  facet normal 0.772961 0.634454 0
    outer loop
      vertex -42.4041 -7.08755 127.2
      vertex -42.5909 -6.85997 124
      vertex -42.5909 -6.85997 127.2
    endloop
  endfacet
  facet normal 0.772961 0.634454 0
    outer loop
      vertex -42.5909 -6.85997 124
      vertex -42.4041 -7.08755 127.2
      vertex -42.4041 -7.08755 124
    endloop
  endfacet
  facet normal 0.195267 0.98075 -0
    outer loop
      vertex -36.0001 -10.8103 124
      vertex -36.2889 -10.7528 127.2
      vertex -36.0001 -10.8103 127.2
    endloop
  endfacet
  facet normal 0.195267 0.98075 0
    outer loop
      vertex -36.2889 -10.7528 127.2
      vertex -36.0001 -10.8103 124
      vertex -36.2889 -10.7528 124
    endloop
  endfacet
  facet normal -0.831433 -0.555625 0
    outer loop
      vertex 43.222 5.98482 124
      vertex 43.0584 6.22963 127.2
      vertex 43.0584 6.22963 124
    endloop
  endfacet
  facet normal -0.831433 -0.555625 0
    outer loop
      vertex 43.0584 6.22963 127.2
      vertex 43.222 5.98482 124
      vertex 43.222 5.98482 127.2
    endloop
  endfacet
  facet normal -0.0244492 0.999701 0
    outer loop
      vertex 34.0736 -10.9964 124
      vertex 33.9264 -11 127.2
      vertex 34.0736 -10.9964 127.2
    endloop
  endfacet
  facet normal -0.0244492 0.999701 0
    outer loop
      vertex 33.9264 -11 127.2
      vertex 34.0736 -10.9964 124
      vertex 33.9264 -11 124
    endloop
  endfacet
  facet normal -0.555617 0.831438 0
    outer loop
      vertex 40.2296 -9.05836 124
      vertex 39.9848 -9.22195 127.2
      vertex 40.2296 -9.05836 127.2
    endloop
  endfacet
  facet normal -0.555617 0.831438 0
    outer loop
      vertex 39.9848 -9.22195 127.2
      vertex 40.2296 -9.05836 124
      vertex 39.9848 -9.22195 124
    endloop
  endfacet
  facet normal 0.707175 -0.707039 0
    outer loop
      vertex -41.8771 7.66898 127.2
      vertex -41.669 7.87712 124
      vertex -41.669 7.87712 127.2
    endloop
  endfacet
  facet normal 0.707175 -0.707039 0
    outer loop
      vertex -41.669 7.87712 124
      vertex -41.8771 7.66898 127.2
      vertex -41.8771 7.66898 124
    endloop
  endfacet
  facet normal -0.980749 0.195274 0
    outer loop
      vertex 44.7528 -2.28891 124
      vertex 44.8103 -2.00012 127.2
      vertex 44.8103 -2.00012 124
    endloop
  endfacet
  facet normal -0.980749 0.195274 0
    outer loop
      vertex 44.8103 -2.00012 127.2
      vertex 44.7528 -2.28891 124
      vertex 44.7528 -2.28891 127.2
    endloop
  endfacet
  facet normal 0.998796 -0.0490606 0
    outer loop
      vertex -44.9928 0.147232 127.2
      vertex -44.9543 0.93103 124
      vertex -44.9543 0.93103 127.2
    endloop
  endfacet
  facet normal 0.998796 -0.0490606 0
    outer loop
      vertex -44.9543 0.93103 124
      vertex -44.9928 0.147232 127.2
      vertex -44.9928 0.147232 124
    endloop
  endfacet
  facet normal -0.881894 0.471448 0
    outer loop
      vertex 43.6253 -5.31181 124
      vertex 43.7641 -5.05217 127.2
      vertex 43.7641 -5.05217 124
    endloop
  endfacet
  facet normal -0.881894 0.471448 0
    outer loop
      vertex 43.7641 -5.05217 127.2
      vertex 43.6253 -5.31181 124
      vertex 43.6253 -5.31181 127.2
    endloop
  endfacet
  facet normal -0.595661 -0.803236 0
    outer loop
      vertex 40.2296 9.05836 124
      vertex 40.86 8.59087 127.2
      vertex 40.2296 9.05836 127.2
    endloop
  endfacet
  facet normal -0.595661 -0.803236 -0
    outer loop
      vertex 40.86 8.59087 127.2
      vertex 40.2296 9.05836 124
      vertex 40.86 8.59087 124
    endloop
  endfacet
  facet normal -0.740937 0.671575 0
    outer loop
      vertex 41.8771 -7.66898 124
      vertex 42.4041 -7.08755 127.2
      vertex 42.4041 -7.08755 124
    endloop
  endfacet
  facet normal -0.740937 0.671575 0
    outer loop
      vertex 42.4041 -7.08755 127.2
      vertex 41.8771 -7.66898 124
      vertex 41.8771 -7.66898 127.2
    endloop
  endfacet
  facet normal -0.471426 -0.881906 0
    outer loop
      vertex 39.0522 9.76411 124
      vertex 39.3118 9.62534 127.2
      vertex 39.0522 9.76411 127.2
    endloop
  endfacet
  facet normal -0.471426 -0.881906 -0
    outer loop
      vertex 39.3118 9.62534 127.2
      vertex 39.0522 9.76411 124
      vertex 39.3118 9.62534 124
    endloop
  endfacet
  facet normal -0.336918 0.941534 0
    outer loop
      vertex 38.0706 -10.2124 124
      vertex 37.332 -10.4767 127.2
      vertex 38.0706 -10.2124 127.2
    endloop
  endfacet
  facet normal -0.336918 0.941534 0
    outer loop
      vertex 37.332 -10.4767 127.2
      vertex 38.0706 -10.2124 124
      vertex 37.332 -10.4767 124
    endloop
  endfacet
  facet normal 0.195267 -0.98075 0
    outer loop
      vertex -36.2889 10.7528 124
      vertex -36.0001 10.8103 127.2
      vertex -36.2889 10.7528 127.2
    endloop
  endfacet
  facet normal 0.195267 -0.98075 0
    outer loop
      vertex -36.0001 10.8103 127.2
      vertex -36.2889 10.7528 124
      vertex -36.0001 10.8103 124
    endloop
  endfacet
  facet normal -0.427528 -0.904002 0
    outer loop
      vertex 38.3426 10.0997 124
      vertex 39.0522 9.76411 127.2
      vertex 38.3426 10.0997 127.2
    endloop
  endfacet
  facet normal -0.427528 -0.904002 -0
    outer loop
      vertex 39.0522 9.76411 127.2
      vertex 38.3426 10.0997 124
      vertex 39.0522 9.76411 124
    endloop
  endfacet
  facet normal 0.831433 -0.555625 0
    outer loop
      vertex -43.222 5.98482 127.2
      vertex -43.0584 6.22963 124
      vertex -43.0584 6.22963 127.2
    endloop
  endfacet
  facet normal 0.831433 -0.555625 0
    outer loop
      vertex -43.0584 6.22963 124
      vertex -43.222 5.98482 127.2
      vertex -43.222 5.98482 124
    endloop
  endfacet
  facet normal 0.903985 -0.427563 0
    outer loop
      vertex -44.0997 4.34262 127.2
      vertex -43.7641 5.05217 124
      vertex -43.7641 5.05217 127.2
    endloop
  endfacet
  facet normal 0.903985 -0.427563 0
    outer loop
      vertex -43.7641 5.05217 124
      vertex -44.0997 4.34262 127.2
      vertex -44.0997 4.34262 124
    endloop
  endfacet
  facet normal -0.970031 -0.242979 0
    outer loop
      vertex 44.7528 2.28891 124
      vertex 44.5621 3.05023 127.2
      vertex 44.5621 3.05023 124
    endloop
  endfacet
  facet normal -0.970031 -0.242979 0
    outer loop
      vertex 44.5621 3.05023 127.2
      vertex 44.7528 2.28891 124
      vertex 44.7528 2.28891 127.2
    endloop
  endfacet
  facet normal 0.67158 0.740932 -0
    outer loop
      vertex -41.0876 -8.4041 124
      vertex -41.669 -7.87712 127.2
      vertex -41.0876 -8.4041 127.2
    endloop
  endfacet
  facet normal 0.67158 0.740932 0
    outer loop
      vertex -41.669 -7.87712 127.2
      vertex -41.0876 -8.4041 124
      vertex -41.669 -7.87712 124
    endloop
  endfacet
  facet normal 0.555617 -0.831438 0
    outer loop
      vertex -40.2296 9.05836 124
      vertex -39.9848 9.22195 127.2
      vertex -40.2296 9.05836 127.2
    endloop
  endfacet
  facet normal 0.555617 -0.831438 0
    outer loop
      vertex -39.9848 9.22195 127.2
      vertex -40.2296 9.05836 124
      vertex -39.9848 9.22195 124
    endloop
  endfacet
  facet normal 0.514111 0.857723 -0
    outer loop
      vertex -39.3118 -9.62534 124
      vertex -39.9848 -9.22195 127.2
      vertex -39.3118 -9.62534 127.2
    endloop
  endfacet
  facet normal 0.514111 0.857723 0
    outer loop
      vertex -39.9848 -9.22195 127.2
      vertex -39.3118 -9.62534 124
      vertex -39.9848 -9.22195 124
    endloop
  endfacet
  facet normal 0.290026 0.957019 -0
    outer loop
      vertex -37.0502 -10.5621 124
      vertex -37.332 -10.4767 127.2
      vertex -37.0502 -10.5621 127.2
    endloop
  endfacet
  facet normal 0.290026 0.957019 0
    outer loop
      vertex -37.332 -10.4767 127.2
      vertex -37.0502 -10.5621 124
      vertex -37.332 -10.4767 124
    endloop
  endfacet
  facet normal -0.555617 -0.831438 0
    outer loop
      vertex 39.9848 9.22195 124
      vertex 40.2296 9.05836 127.2
      vertex 39.9848 9.22195 127.2
    endloop
  endfacet
  facet normal -0.555617 -0.831438 -0
    outer loop
      vertex 40.2296 9.05836 127.2
      vertex 39.9848 9.22195 124
      vertex 40.2296 9.05836 124
    endloop
  endfacet
  facet normal 0.740937 -0.671575 0
    outer loop
      vertex -42.4041 7.08755 127.2
      vertex -41.8771 7.66898 124
      vertex -41.8771 7.66898 127.2
    endloop
  endfacet
  facet normal 0.740937 -0.671575 0
    outer loop
      vertex -41.8771 7.66898 124
      vertex -42.4041 7.08755 127.2
      vertex -42.4041 7.08755 124
    endloop
  endfacet
  facet normal -0.956996 0.290102 0
    outer loop
      vertex 44.4767 -3.33195 124
      vertex 44.5621 -3.05023 127.2
      vertex 44.5621 -3.05023 124
    endloop
  endfacet
  facet normal -0.956996 0.290102 0
    outer loop
      vertex 44.5621 -3.05023 127.2
      vertex 44.4767 -3.33195 124
      vertex 44.4767 -3.33195 127.2
    endloop
  endfacet
  facet normal -0.998796 -0.0490606 0
    outer loop
      vertex 44.9928 0.147232 124
      vertex 44.9543 0.93103 127.2
      vertex 44.9543 0.93103 124
    endloop
  endfacet
  facet normal -0.998796 -0.0490606 0
    outer loop
      vertex 44.9543 0.93103 127.2
      vertex 44.9928 0.147232 124
      vertex 44.9928 0.147232 127.2
    endloop
  endfacet
  facet normal -0.63436 0.773038 0
    outer loop
      vertex 41.0876 -8.4041 124
      vertex 40.86 -8.59087 127.2
      vertex 41.0876 -8.4041 127.2
    endloop
  endfacet
  facet normal -0.63436 0.773038 0
    outer loop
      vertex 40.86 -8.59087 127.2
      vertex 41.0876 -8.4041 124
      vertex 40.86 -8.59087 124
    endloop
  endfacet
  facet normal -0.903985 -0.427563 0
    outer loop
      vertex 44.0997 4.34262 124
      vertex 43.7641 5.05217 127.2
      vertex 43.7641 5.05217 124
    endloop
  endfacet
  facet normal -0.903985 -0.427563 0
    outer loop
      vertex 43.7641 5.05217 127.2
      vertex 44.0997 4.34262 124
      vertex 44.0997 4.34262 127.2
    endloop
  endfacet
  facet normal 0.980749 -0.195274 0
    outer loop
      vertex -44.8103 2.00012 127.2
      vertex -44.7528 2.28891 124
      vertex -44.7528 2.28891 127.2
    endloop
  endfacet
  facet normal 0.980749 -0.195274 0
    outer loop
      vertex -44.7528 2.28891 124
      vertex -44.8103 2.00012 127.2
      vertex -44.8103 2.00012 124
    endloop
  endfacet
  facet normal 0.956996 -0.290102 0
    outer loop
      vertex -44.5621 3.05023 127.2
      vertex -44.4767 3.33195 124
      vertex -44.4767 3.33195 127.2
    endloop
  endfacet
  facet normal 0.956996 -0.290102 0
    outer loop
      vertex -44.4767 3.33195 124
      vertex -44.5621 3.05023 127.2
      vertex -44.5621 3.05023 124
    endloop
  endfacet
  facet normal 0.427528 -0.904002 0
    outer loop
      vertex -39.0522 9.76411 124
      vertex -38.3426 10.0997 127.2
      vertex -39.0522 9.76411 127.2
    endloop
  endfacet
  facet normal 0.427528 -0.904002 0
    outer loop
      vertex -38.3426 10.0997 127.2
      vertex -39.0522 9.76411 124
      vertex -38.3426 10.0997 124
    endloop
  endfacet
  facet normal -0.514111 -0.857723 0
    outer loop
      vertex 39.3118 9.62534 124
      vertex 39.9848 9.22195 127.2
      vertex 39.3118 9.62534 127.2
    endloop
  endfacet
  facet normal -0.514111 -0.857723 -0
    outer loop
      vertex 39.9848 9.22195 127.2
      vertex 39.3118 9.62534 124
      vertex 39.9848 9.22195 124
    endloop
  endfacet
  facet normal -0.471426 0.881906 0
    outer loop
      vertex 39.3118 -9.62534 124
      vertex 39.0522 -9.76411 127.2
      vertex 39.3118 -9.62534 127.2
    endloop
  endfacet
  facet normal -0.471426 0.881906 0
    outer loop
      vertex 39.0522 -9.76411 127.2
      vertex 39.3118 -9.62534 124
      vertex 39.0522 -9.76411 124
    endloop
  endfacet
  facet normal 0.67158 -0.740932 0
    outer loop
      vertex -41.669 7.87712 124
      vertex -41.0876 8.4041 127.2
      vertex -41.669 7.87712 127.2
    endloop
  endfacet
  facet normal 0.67158 -0.740932 0
    outer loop
      vertex -41.0876 8.4041 127.2
      vertex -41.669 7.87712 124
      vertex -41.0876 8.4041 124
    endloop
  endfacet
  facet normal -0.803203 -0.595706 0
    outer loop
      vertex 43.0584 6.22963 124
      vertex 42.5909 6.85997 127.2
      vertex 42.5909 6.85997 124
    endloop
  endfacet
  facet normal -0.803203 -0.595706 0
    outer loop
      vertex 42.5909 6.85997 127.2
      vertex 43.0584 6.22963 124
      vertex 43.0584 6.22963 127.2
    endloop
  endfacet
  facet normal 0.595661 -0.803236 0
    outer loop
      vertex -40.86 8.59087 124
      vertex -40.2296 9.05836 127.2
      vertex -40.86 8.59087 127.2
    endloop
  endfacet
  facet normal 0.595661 -0.803236 0
    outer loop
      vertex -40.2296 9.05836 127.2
      vertex -40.86 8.59087 124
      vertex -40.2296 9.05836 124
    endloop
  endfacet
  facet normal -1 0 0
    outer loop
      vertex 44.9928 -0.147232 124
      vertex 44.9928 0.147232 127.2
      vertex 44.9928 0.147232 124
    endloop
  endfacet
  facet normal -1 -0 0
    outer loop
      vertex 44.9928 0.147232 127.2
      vertex 44.9928 -0.147232 124
      vertex 44.9928 -0.147232 127.2
    endloop
  endfacet
  facet normal -0.995169 -0.0981784 0
    outer loop
      vertex 44.9543 0.93103 124
      vertex 44.9254 1.22397 127.2
      vertex 44.9254 1.22397 124
    endloop
  endfacet
  facet normal -0.995169 -0.0981784 0
    outer loop
      vertex 44.9254 1.22397 127.2
      vertex 44.9543 0.93103 124
      vertex 44.9543 0.93103 127.2
    endloop
  endfacet
  facet normal -0.772961 0.634454 0
    outer loop
      vertex 42.4041 -7.08755 124
      vertex 42.5909 -6.85997 127.2
      vertex 42.5909 -6.85997 124
    endloop
  endfacet
  facet normal -0.772961 0.634454 0
    outer loop
      vertex 42.5909 -6.85997 127.2
      vertex 42.4041 -7.08755 124
      vertex 42.4041 -7.08755 127.2
    endloop
  endfacet
  facet normal 0.146701 0.989181 -0
    outer loop
      vertex -35.224 -10.9254 124
      vertex -36.0001 -10.8103 127.2
      vertex -35.224 -10.9254 127.2
    endloop
  endfacet
  facet normal 0.146701 0.989181 0
    outer loop
      vertex -36.0001 -10.8103 127.2
      vertex -35.224 -10.9254 124
      vertex -36.0001 -10.8103 124
    endloop
  endfacet
  facet normal -0.857777 0.514021 0
    outer loop
      vertex 43.222 -5.98482 124
      vertex 43.6253 -5.31181 127.2
      vertex 43.6253 -5.31181 124
    endloop
  endfacet
  facet normal -0.857777 0.514021 0
    outer loop
      vertex 43.6253 -5.31181 127.2
      vertex 43.222 -5.98482 124
      vertex 43.222 -5.98482 127.2
    endloop
  endfacet
  facet normal -0.707175 0.707039 0
    outer loop
      vertex 41.669 -7.87712 124
      vertex 41.8771 -7.66898 127.2
      vertex 41.8771 -7.66898 124
    endloop
  endfacet
  facet normal -0.707175 0.707039 0
    outer loop
      vertex 41.8771 -7.66898 127.2
      vertex 41.669 -7.87712 124
      vertex 41.669 -7.87712 127.2
    endloop
  endfacet
  facet normal -0.595661 0.803236 0
    outer loop
      vertex 40.86 -8.59087 124
      vertex 40.2296 -9.05836 127.2
      vertex 40.86 -8.59087 127.2
    endloop
  endfacet
  facet normal -0.595661 0.803236 0
    outer loop
      vertex 40.2296 -9.05836 127.2
      vertex 40.86 -8.59087 124
      vertex 40.2296 -9.05836 124
    endloop
  endfacet
  facet normal 0.471426 -0.881906 0
    outer loop
      vertex -39.3118 9.62534 124
      vertex -39.0522 9.76411 127.2
      vertex -39.3118 9.62534 127.2
    endloop
  endfacet
  facet normal 0.471426 -0.881906 0
    outer loop
      vertex -39.0522 9.76411 127.2
      vertex -39.3118 9.62534 124
      vertex -39.0522 9.76411 124
    endloop
  endfacet
  facet normal -0.956996 -0.290102 0
    outer loop
      vertex 44.5621 3.05023 124
      vertex 44.4767 3.33195 127.2
      vertex 44.4767 3.33195 124
    endloop
  endfacet
  facet normal -0.956996 -0.290102 0
    outer loop
      vertex 44.4767 3.33195 127.2
      vertex 44.5621 3.05023 124
      vertex 44.5621 3.05023 127.2
    endloop
  endfacet
  facet normal 1 -0 0
    outer loop
      vertex -44.9928 -0.147232 127.2
      vertex -44.9928 0.147232 124
      vertex -44.9928 0.147232 127.2
    endloop
  endfacet
  facet normal 1 0 0
    outer loop
      vertex -44.9928 0.147232 124
      vertex -44.9928 -0.147232 127.2
      vertex -44.9928 -0.147232 124
    endloop
  endfacet
  facet normal 0.382782 0.923839 -0
    outer loop
      vertex -38.0706 -10.2124 124
      vertex -38.3426 -10.0997 127.2
      vertex -38.0706 -10.2124 127.2
    endloop
  endfacet
  facet normal 0.382782 0.923839 0
    outer loop
      vertex -38.3426 -10.0997 127.2
      vertex -38.0706 -10.2124 124
      vertex -38.3426 -10.0997 124
    endloop
  endfacet
  facet normal 0.995169 -0.0981784 0
    outer loop
      vertex -44.9543 0.93103 127.2
      vertex -44.9254 1.22397 124
      vertex -44.9254 1.22397 127.2
    endloop
  endfacet
  facet normal 0.995169 -0.0981784 0
    outer loop
      vertex -44.9254 1.22397 124
      vertex -44.9543 0.93103 127.2
      vertex -44.9543 0.93103 124
    endloop
  endfacet
  facet normal 0.881894 0.471448 0
    outer loop
      vertex -43.6253 -5.31181 127.2
      vertex -43.7641 -5.05217 124
      vertex -43.7641 -5.05217 127.2
    endloop
  endfacet
  facet normal 0.881894 0.471448 0
    outer loop
      vertex -43.7641 -5.05217 124
      vertex -43.6253 -5.31181 127.2
      vertex -43.6253 -5.31181 124
    endloop
  endfacet
  facet normal 0.427528 0.904002 -0
    outer loop
      vertex -38.3426 -10.0997 124
      vertex -39.0522 -9.76411 127.2
      vertex -38.3426 -10.0997 127.2
    endloop
  endfacet
  facet normal 0.427528 0.904002 0
    outer loop
      vertex -39.0522 -9.76411 127.2
      vertex -38.3426 -10.0997 124
      vertex -39.0522 -9.76411 124
    endloop
  endfacet
  facet normal -0.67158 -0.740932 0
    outer loop
      vertex 41.0876 8.4041 124
      vertex 41.669 7.87712 127.2
      vertex 41.0876 8.4041 127.2
    endloop
  endfacet
  facet normal -0.67158 -0.740932 -0
    outer loop
      vertex 41.669 7.87712 127.2
      vertex 41.0876 8.4041 124
      vertex 41.669 7.87712 124
    endloop
  endfacet
  facet normal -0.941549 -0.336877 0
    outer loop
      vertex 44.4767 3.33195 124
      vertex 44.2124 4.07065 127.2
      vertex 44.2124 4.07065 124
    endloop
  endfacet
  facet normal -0.941549 -0.336877 0
    outer loop
      vertex 44.2124 4.07065 127.2
      vertex 44.4767 3.33195 124
      vertex 44.4767 3.33195 127.2
    endloop
  endfacet
  facet normal 0.0490429 -0.998797 0
    outer loop
      vertex -34.931 10.9543 124
      vertex -34.0736 10.9964 127.2
      vertex -34.931 10.9543 127.2
    endloop
  endfacet
  facet normal 0.0490429 -0.998797 0
    outer loop
      vertex -34.0736 10.9964 127.2
      vertex -34.931 10.9543 124
      vertex -34.0736 10.9964 124
    endloop
  endfacet
  facet normal 0.0244492 -0.999701 0
    outer loop
      vertex -34.0736 10.9964 124
      vertex -33.9264 11 127.2
      vertex -34.0736 10.9964 127.2
    endloop
  endfacet
  facet normal 0.0244492 -0.999701 0
    outer loop
      vertex -33.9264 11 127.2
      vertex -34.0736 10.9964 124
      vertex -33.9264 11 124
    endloop
  endfacet
  facet normal -0.903985 0.427563 0
    outer loop
      vertex 43.7641 -5.05217 124
      vertex 44.0997 -4.34262 127.2
      vertex 44.0997 -4.34262 124
    endloop
  endfacet
  facet normal -0.903985 0.427563 0
    outer loop
      vertex 44.0997 -4.34262 127.2
      vertex 43.7641 -5.05217 124
      vertex 43.7641 -5.05217 127.2
    endloop
  endfacet
  facet normal -0.67158 0.740932 0
    outer loop
      vertex 41.669 -7.87712 124
      vertex 41.0876 -8.4041 127.2
      vertex 41.669 -7.87712 127.2
    endloop
  endfacet
  facet normal -0.67158 0.740932 0
    outer loop
      vertex 41.0876 -8.4041 127.2
      vertex 41.669 -7.87712 124
      vertex 41.0876 -8.4041 124
    endloop
  endfacet
  facet normal -0.970031 0.242979 0
    outer loop
      vertex 44.5621 -3.05023 124
      vertex 44.7528 -2.28891 127.2
      vertex 44.7528 -2.28891 124
    endloop
  endfacet
  facet normal -0.970031 0.242979 0
    outer loop
      vertex 44.7528 -2.28891 127.2
      vertex 44.5621 -3.05023 124
      vertex 44.5621 -3.05023 127.2
    endloop
  endfacet
  facet normal 0.923824 0.382818 0
    outer loop
      vertex -44.0997 -4.34262 127.2
      vertex -44.2124 -4.07065 124
      vertex -44.2124 -4.07065 127.2
    endloop
  endfacet
  facet normal 0.923824 0.382818 0
    outer loop
      vertex -44.2124 -4.07065 124
      vertex -44.0997 -4.34262 127.2
      vertex -44.0997 -4.34262 124
    endloop
  endfacet
  facet normal -0.923824 0.382818 0
    outer loop
      vertex 44.0997 -4.34262 124
      vertex 44.2124 -4.07065 127.2
      vertex 44.2124 -4.07065 124
    endloop
  endfacet
  facet normal -0.923824 0.382818 0
    outer loop
      vertex 44.2124 -4.07065 127.2
      vertex 44.0997 -4.34262 124
      vertex 44.0997 -4.34262 127.2
    endloop
  endfacet
  facet normal 0.941549 0.336877 0
    outer loop
      vertex -44.2124 -4.07065 127.2
      vertex -44.4767 -3.33195 124
      vertex -44.4767 -3.33195 127.2
    endloop
  endfacet
  facet normal 0.941549 0.336877 0
    outer loop
      vertex -44.4767 -3.33195 124
      vertex -44.2124 -4.07065 127.2
      vertex -44.2124 -4.07065 124
    endloop
  endfacet
  facet normal -0.290026 -0.957019 0
    outer loop
      vertex 37.0502 10.5621 124
      vertex 37.332 10.4767 127.2
      vertex 37.0502 10.5621 127.2
    endloop
  endfacet
  facet normal -0.290026 -0.957019 -0
    outer loop
      vertex 37.332 10.4767 127.2
      vertex 37.0502 10.5621 124
      vertex 37.332 10.4767 124
    endloop
  endfacet
  facet normal 0.857777 -0.514021 0
    outer loop
      vertex -43.6253 5.31181 127.2
      vertex -43.222 5.98482 124
      vertex -43.222 5.98482 127.2
    endloop
  endfacet
  facet normal 0.857777 -0.514021 0
    outer loop
      vertex -43.222 5.98482 124
      vertex -43.6253 5.31181 127.2
      vertex -43.6253 5.31181 124
    endloop
  endfacet
  facet normal -0.803203 0.595706 0
    outer loop
      vertex 42.5909 -6.85997 124
      vertex 43.0584 -6.22963 127.2
      vertex 43.0584 -6.22963 124
    endloop
  endfacet
  facet normal -0.803203 0.595706 0
    outer loop
      vertex 43.0584 -6.22963 127.2
      vertex 42.5909 -6.85997 124
      vertex 42.5909 -6.85997 127.2
    endloop
  endfacet
  facet normal 0.555617 0.831438 -0
    outer loop
      vertex -39.9848 -9.22195 124
      vertex -40.2296 -9.05836 127.2
      vertex -39.9848 -9.22195 127.2
    endloop
  endfacet
  facet normal 0.555617 0.831438 0
    outer loop
      vertex -40.2296 -9.05836 127.2
      vertex -39.9848 -9.22195 124
      vertex -40.2296 -9.05836 124
    endloop
  endfacet
  facet normal 0.923824 -0.382818 0
    outer loop
      vertex -44.2124 4.07065 127.2
      vertex -44.0997 4.34262 124
      vertex -44.0997 4.34262 127.2
    endloop
  endfacet
  facet normal 0.923824 -0.382818 0
    outer loop
      vertex -44.0997 4.34262 124
      vertex -44.2124 4.07065 127.2
      vertex -44.2124 4.07065 124
    endloop
  endfacet
  facet normal 0.903985 0.427563 0
    outer loop
      vertex -43.7641 -5.05217 127.2
      vertex -44.0997 -4.34262 124
      vertex -44.0997 -4.34262 127.2
    endloop
  endfacet
  facet normal 0.903985 0.427563 0
    outer loop
      vertex -44.0997 -4.34262 124
      vertex -43.7641 -5.05217 127.2
      vertex -43.7641 -5.05217 124
    endloop
  endfacet
  facet normal 0.803203 -0.595706 0
    outer loop
      vertex -43.0584 6.22963 127.2
      vertex -42.5909 6.85997 124
      vertex -42.5909 6.85997 127.2
    endloop
  endfacet
  facet normal 0.803203 -0.595706 0
    outer loop
      vertex -42.5909 6.85997 124
      vertex -43.0584 6.22963 127.2
      vertex -43.0584 6.22963 124
    endloop
  endfacet
  facet normal 0.336918 0.941534 -0
    outer loop
      vertex -37.332 -10.4767 124
      vertex -38.0706 -10.2124 127.2
      vertex -37.332 -10.4767 127.2
    endloop
  endfacet
  facet normal 0.336918 0.941534 0
    outer loop
      vertex -38.0706 -10.2124 127.2
      vertex -37.332 -10.4767 124
      vertex -38.0706 -10.2124 124
    endloop
  endfacet
  facet normal 0.989182 0.146692 0
    outer loop
      vertex -44.8103 -2.00012 127.2
      vertex -44.9254 -1.22397 124
      vertex -44.9254 -1.22397 127.2
    endloop
  endfacet
  facet normal 0.989182 0.146692 0
    outer loop
      vertex -44.9254 -1.22397 124
      vertex -44.8103 -2.00012 127.2
      vertex -44.8103 -2.00012 124
    endloop
  endfacet
  facet normal -0.63436 -0.773038 0
    outer loop
      vertex 40.86 8.59087 124
      vertex 41.0876 8.4041 127.2
      vertex 40.86 8.59087 127.2
    endloop
  endfacet
  facet normal -0.63436 -0.773038 -0
    outer loop
      vertex 41.0876 8.4041 127.2
      vertex 40.86 8.59087 124
      vertex 41.0876 8.4041 124
    endloop
  endfacet
  facet normal 0.970031 0.242979 0
    outer loop
      vertex -44.5621 -3.05023 127.2
      vertex -44.7528 -2.28891 124
      vertex -44.7528 -2.28891 127.2
    endloop
  endfacet
  facet normal 0.970031 0.242979 0
    outer loop
      vertex -44.7528 -2.28891 124
      vertex -44.5621 -3.05023 127.2
      vertex -44.5621 -3.05023 124
    endloop
  endfacet
  facet normal 0.803203 0.595706 0
    outer loop
      vertex -42.5909 -6.85997 127.2
      vertex -43.0584 -6.22963 124
      vertex -43.0584 -6.22963 127.2
    endloop
  endfacet
  facet normal 0.803203 0.595706 0
    outer loop
      vertex -43.0584 -6.22963 124
      vertex -42.5909 -6.85997 127.2
      vertex -42.5909 -6.85997 124
    endloop
  endfacet
  facet normal 0.956996 0.290102 0
    outer loop
      vertex -44.4767 -3.33195 127.2
      vertex -44.5621 -3.05023 124
      vertex -44.5621 -3.05023 127.2
    endloop
  endfacet
  facet normal 0.956996 0.290102 0
    outer loop
      vertex -44.5621 -3.05023 124
      vertex -44.4767 -3.33195 127.2
      vertex -44.4767 -3.33195 124
    endloop
  endfacet
  facet normal -0.923824 -0.382818 0
    outer loop
      vertex 44.2124 4.07065 124
      vertex 44.0997 4.34262 127.2
      vertex 44.0997 4.34262 124
    endloop
  endfacet
  facet normal -0.923824 -0.382818 0
    outer loop
      vertex 44.0997 4.34262 127.2
      vertex 44.2124 4.07065 124
      vertex 44.2124 4.07065 127.2
    endloop
  endfacet
  facet normal -0.989182 0.146692 0
    outer loop
      vertex 44.8103 -2.00012 124
      vertex 44.9254 -1.22397 127.2
      vertex 44.9254 -1.22397 124
    endloop
  endfacet
  facet normal -0.989182 0.146692 0
    outer loop
      vertex 44.9254 -1.22397 127.2
      vertex 44.8103 -2.00012 124
      vertex 44.8103 -2.00012 127.2
    endloop
  endfacet
endsolid OpenSCAD_Model
